eventType,date,stopId,odometer,latitude,longitude,lineId,tripId,unknown,datagramDate,busId
0,31-MAY-18,511020,34,33531400,-765233667,986,3171,261,5445120516,2018-05-31 00:00:00,1006
0,31-MAY-18,500154,728,34330017,-764788467,770,2473,9851,5445120519,2018-05-31 00:00:00,1103
0,31-MAY-18,-1,1192,34973867,-765007900,-1,999,-1,5445120511,2018-05-31 00:00:00,1173
0,31-MAY-18,501401,2839,34730633,-765203033,917,2301,9934,5445120520,2018-05-31 00:00:00,1179
0,31-MAY-18,-1,263,34956867,-765047600,-1,999,-1,5445120514,2018-05-31 00:00:00,1185
0,31-MAY-18,511352,5686,33632700,-765244350,276,3122,9931,5445120509,2018-05-31 00:00:00,121
0,31-MAY-18,-1,40,33594433,-765116683,-1,999,-1,5445120512,2018-05-31 00:00:00,24
0,31-MAY-18,514302,257,34287900,-764866400,606,353,495,5445120523,2018-05-31 00:00:00,272
0,31-MAY-18,-1,3222,34957467,-765047383,-1,999,-1,5445120518,2018-05-31 00:00:00,307
0,31-MAY-18,504008,19,34905017,-764917733,545,2121,1882,5445120521,2018-05-31 00:00:00,53
0,31-MAY-18,-1,177,33580250,-765120517,-1,999,-1,5445120517,2018-05-31 00:00:00,54
0,31-MAY-18,514233,6,34101200,-764730300,790,2841,300,5445120513,2018-05-31 00:00:00,789
0,31-MAY-18,-1,638,33591850,-765112100,-1,999,-1,5445120522,2018-05-31 00:00:00,829
0,31-MAY-18,502100,12167,34343517,-764793650,832,2274,9927,5445120515,2018-05-31 00:00:00,975
0,31-MAY-18,-1,612,34304083,-764750033,-1,999,-1,5445120510,2018-05-31 00:00:00,983
0,31-MAY-18,-1,-1,33591850,-765113233,-1,-1,-1,5445120531,2018-05-31 00:00:01,1124
0,31-MAY-18,-1,5762,33593633,-765119100,-1,999,-1,5445120532,2018-05-31 00:00:01,1129
0,31-MAY-18,513212,49,34747650,-764931767,79,336,441,5445120524,2018-05-31 00:00:01,1211
0,31-MAY-18,-1,-1,33592383,-765117717,-1,-1,-1,5445120529,2018-05-31 00:00:01,1217
0,31-MAY-18,-1,-1,33587350,-765113283,314,3133,9886,5445120526,2018-05-31 00:00:01,123
0,31-MAY-18,-1,3492,33594333,-765114617,-1,999,-1,5445120534,2018-05-31 00:00:01,128
0,31-MAY-18,500113,-1,34897967,-765088350,337,552,1526,5445120527,2018-05-31 00:00:01,181
0,31-MAY-18,-1,-1,34969200,-765038533,-1,-1,-1,5445120528,2018-05-31 00:00:01,815
0,31-MAY-18,-1,10127,34970600,-765036017,-1,999,-1,5445120525,2018-05-31 00:00:01,889
0,31-MAY-18,514405,683,34039417,-764764783,-1,999,-1,5445120530,2018-05-31 00:00:01,937
0,31-MAY-18,-1,-1,34300533,-764750233,-1,-1,-1,5445120533,2018-05-31 00:00:01,962
0,31-MAY-18,-1,461,34958383,-765054000,-1,999,-1,5445120549,2018-05-31 00:00:02,1025
0,31-MAY-18,-1,4712,34965867,-765035350,-1,999,-1,5445120548,2018-05-31 00:00:02,1063
0,31-MAY-18,-1,506,34303367,-764749550,-1,999,-1,5445120535,2018-05-31 00:00:02,1115
0,31-MAY-18,-1,-1,34972850,-765005650,-1,999,-1,5445120540,2018-05-31 00:00:02,1197
0,31-MAY-18,-1,-1,33592517,-765118133,-1,999,-1,5445120538,2018-05-31 00:00:02,1233
0,31-MAY-18,519192,-1,34505633,-765454883,937,306,9982,5445120541,2018-05-31 00:00:02,198
0,31-MAY-18,-1,-1,34035550,-764761667,-1,-1,-1,5445120543,2018-05-31 00:00:02,221
0,31-MAY-18,514042,20,34142167,-764682850,869,3411,725,5445120546,2018-05-31 00:00:02,253
0,31-MAY-18,-1,-1,33586767,-765111467,-1,999,-1,5445120544,2018-05-31 00:00:02,26
0,31-MAY-18,-1,398,33595283,-765117967,-1,999,-1,5445120547,2018-05-31 00:00:02,382
0,31-MAY-18,-1,2758,33592783,-765114817,-1,999,-1,5445120539,2018-05-31 00:00:02,42
0,31-MAY-18,-1,-1,33601450,-765122017,-1,-1,-1,5445120542,2018-05-31 00:00:02,626
0,31-MAY-18,-1,-1,34302983,-764749400,-1,999,-1,5445120537,2018-05-31 00:00:02,744
0,31-MAY-18,-1,-1,33833200,-765443667,-1,999,-1,5445120536,2018-05-31 00:00:02,873
0,31-MAY-18,-1,93,34048367,-764756167,-1,999,-1,5445120545,2018-05-31 00:00:02,926
0,31-MAY-18,-1,-1,34963683,-765037800,-1,-1,-1,5445120557,2018-05-31 00:00:03,1061
0,31-MAY-18,-1,3926,34290483,-764749017,-1,999,-1,5445120559,2018-05-31 00:00:03,1093
0,31-MAY-18,-1,3150,34953300,-765054217,-1,999,-1,5445120551,2018-05-31 00:00:03,1184
0,31-MAY-18,513316,-1,34906000,-764918350,471,553,614,5445120562,2018-05-31 00:00:03,1213
0,31-MAY-18,-1,-1,-1,-1,-1,-1,-1,5445120554,2018-05-31 00:00:03,151
0,31-MAY-18,-1,-1,34978367,-765020400,-1,-1,-1,5445120556,2018-05-31 00:00:03,183
0,31-MAY-18,513018,44,34752017,-764935183,625,332,308,5445120560,2018-05-31 00:00:03,193
0,31-MAY-18,-1,-1,34282733,-765003317,-1,-1,-1,5445120550,2018-05-31 00:00:03,251
0,31-MAY-18,514042,51,34142167,-764682850,869,3411,725,5445120558,2018-05-31 00:00:03,253
0,31-MAY-18,500058,-1,34197117,-764861750,446,376,9988,5445120555,2018-05-31 00:00:03,269
0,31-MAY-18,-1,4989,33594417,-765118233,-1,999,-1,5445120552,2018-05-31 00:00:03,439
0,31-MAY-18,-1,-1,33605850,-765121917,-1,-1,-1,5445120561,2018-05-31 00:00:03,632
0,31-MAY-18,517076,8679,34251583,-765018000,561,373,9986,5445120553,2018-05-31 00:00:03,764
0,31-MAY-18,-1,-1,34976100,-765020417,-1,999,-1,5445120571,2018-05-31 00:00:04,1066
0,31-MAY-18,-1,692,34967400,-765030750,-1,999,-1,5445120573,2018-05-31 00:00:04,1077
0,31-MAY-18,-1,10842,34346600,-764794183,-1,999,-1,5445120572,2018-05-31 00:00:04,1094
0,31-MAY-18,-1,-1,34295233,-764751583,-1,999,-1,5445120570,2018-05-31 00:00:04,1108
0,31-MAY-18,500163,2315,34291433,-764773283,248,1472,9706,5445120565,2018-05-31 00:00:04,1155
0,31-MAY-18,513166,4,34749383,-764932350,79,336,441,5445120563,2018-05-31 00:00:04,1211
0,31-MAY-18,-1,172,34964383,-765056400,-1,999,-1,5445120566,2018-05-31 00:00:04,166
0,31-MAY-18,500163,207,34042283,-764762883,188,1472,9759,5445120575,2018-05-31 00:00:04,219
0,31-MAY-18,-1,-1,34970533,-765030933,-1,-1,-1,5445120564,2018-05-31 00:00:04,297
0,31-MAY-18,-1,-1,34048300,-764757917,-1,999,-1,5445120574,2018-05-31 00:00:04,618
0,31-MAY-18,-1,-1,34302450,-764747167,-1,-1,-1,5445120567,2018-05-31 00:00:04,759
0,31-MAY-18,-1,-1,33591283,-765112067,-1,-1,-1,5445120569,2018-05-31 00:00:04,823
0,31-MAY-18,-1,-1,34042583,-764760867,-1,-1,-1,5445120576,2018-05-31 00:00:04,919
0,31-MAY-18,502300,10915,34209767,-764861800,178,421,9740,5445120568,2018-05-31 00:00:04,959
0,31-MAY-18,-1,6134,33574883,-765123517,-1,999,-1,5445120581,2018-05-31 00:00:05,1046
0,31-MAY-18,-1,5509,34958983,-765045017,-1,999,-1,5445120577,2018-05-31 00:00:05,213
0,31-MAY-18,-1,79,34034383,-764766167,423,1571,9885,5445120578,2018-05-31 00:00:05,216
0,31-MAY-18,-1,-1,34037383,-764754283,-1,-1,-1,5445120579,2018-05-31 00:00:05,289
0,31-MAY-18,501850,14066,34293083,-764750367,-1,999,-1,5445120580,2018-05-31 00:00:05,45
0,31-MAY-18,-1,-1,33591183,-765113133,-1,-1,-1,5445120589,2018-05-31 00:00:06,1048
0,31-MAY-18,-1,897,34290117,-764748200,-1,999,-1,5445120594,2018-05-31 00:00:06,1110
0,31-MAY-18,-1,-1,33591050,-765112367,-1,-1,-1,5445120597,2018-05-31 00:00:06,1144
0,31-MAY-18,-1,-1,33593967,-765120133,-1,999,-1,5445120596,2018-05-31 00:00:06,1161
0,31-MAY-18,511076,-1,33664733,-765613250,116,3192,227,5445120591,2018-05-31 00:00:06,119
0,31-MAY-18,513166,34,34750533,-764932683,79,336,441,5445120582,2018-05-31 00:00:06,1211
0,31-MAY-18,512087,45,34839917,-765089733,799,323,228,5445120595,2018-05-31 00:00:06,1214
0,31-MAY-18,-1,-1,33584417,-765110517,-1,-1,-1,5445120598,2018-05-31 00:00:06,130
0,31-MAY-18,517076,3333,34269333,-765457433,614,373,9980,5445120586,2018-05-31 00:00:06,186
0,31-MAY-18,-1,-1,34035750,-764763117,-1,-1,-1,5445120592,2018-05-31 00:00:06,218
0,31-MAY-18,514021,8,34399733,-764784567,455,347,743,5445120583,2018-05-31 00:00:06,226
0,31-MAY-18,-1,253,33594750,-765115500,-1,999,-1,5445120588,2018-05-31 00:00:06,37
0,31-MAY-18,-1,-1,34953400,-765027050,-1,-1,-1,5445120584,2018-05-31 00:00:06,5
0,31-MAY-18,514277,7,34224300,-764709117,733,355,222,5445120585,2018-05-31 00:00:06,700
0,31-MAY-18,514233,31,34097000,-764733233,790,2841,300,5445120587,2018-05-31 00:00:06,789
0,31-MAY-18,-1,-1,33586850,-765119900,-1,-1,-1,5445120590,2018-05-31 00:00:06,83
0,31-MAY-18,511437,-1,33709250,-765494000,12,3124,239,5445120593,2018-05-31 00:00:06,876
0,31-MAY-18,-1,430,34885767,-765034000,-1,999,-1,5445120611,2018-05-31 00:00:07,1068
0,31-MAY-18,511323,-1,33765517,-765202433,373,2211,552,5445120602,2018-05-31 00:00:07,1139
0,31-MAY-18,-1,-1,34957333,-765048067,-1,-1,-1,5445120606,2018-05-31 00:00:07,1201
0,31-MAY-18,513166,34,34751083,-764932833,79,336,441,5445120600,2018-05-31 00:00:07,1211
0,31-MAY-18,512091,19,34944533,-764998700,754,322,153,5445120601,2018-05-31 00:00:07,200
0,31-MAY-18,-1,-1,34977900,-765020117,-1,-1,-1,5445120607,2018-05-31 00:00:07,201
0,31-MAY-18,514021,47,34398950,-764783483,455,347,743,5445120599,2018-05-31 00:00:07,226
0,31-MAY-18,-1,1907,34059083,-764748283,-1,999,-1,5445120610,2018-05-31 00:00:07,227
0,31-MAY-18,-1,9617,34034083,-764768100,-1,999,-1,5445120608,2018-05-31 00:00:07,285
0,31-MAY-18,-1,-1,34040733,-764756417,-1,-1,-1,5445120609,2018-05-31 00:00:07,624
0,31-MAY-18,-1,-1,34301283,-764749000,-1,-1,-1,5445120604,2018-05-31 00:00:07,802
0,31-MAY-18,-1,-1,33609317,-765121467,-1,-1,-1,5445120603,2018-05-31 00:00:07,848
0,31-MAY-18,-1,6071,33594500,-765120417,-1,999,-1,5445120605,2018-05-31 00:00:07,850
0,31-MAY-18,-1,70,33586783,-765114050,-1,999,-1,5445120619,2018-05-31 00:00:08,1049
0,31-MAY-18,-1,-1,34956883,-765048400,-1,-1,-1,5445120614,2018-05-31 00:00:08,1074
0,31-MAY-18,-1,36,34303083,-764754467,-1,999,-1,5445120626,2018-05-31 00:00:08,1107
0,31-MAY-18,519281,10268,34958000,-765045767,-1,999,-1,5445120617,2018-05-31 00:00:08,188
0,31-MAY-18,514021,47,34398950,-764783483,455,347,743,5445120612,2018-05-31 00:00:08,226
0,31-MAY-18,514042,105,34139850,-764684067,869,3411,725,5445120620,2018-05-31 00:00:08,253
0,31-MAY-18,-1,-1,34034883,-764761900,-1,-1,-1,5445120615,2018-05-31 00:00:08,259
0,31-MAY-18,-1,220,33591133,-765121117,-1,999,-1,5445120624,2018-05-31 00:00:08,27
0,31-MAY-18,514303,-1,34290583,-764864933,606,353,495,5445120623,2018-05-31 00:00:08,272
0,31-MAY-18,-1,-1,33596400,-765120317,-1,-1,-1,5445120613,2018-05-31 00:00:08,56
0,31-MAY-18,-1,-1,33602133,-765122100,-1,-1,-1,5445120627,2018-05-31 00:00:08,628
0,31-MAY-18,-1,-1,33589817,-765112050,-1,-1,-1,5445120621,2018-05-31 00:00:08,634
0,31-MAY-18,-1,-1,33587317,-765120300,-1,999,-1,5445120622,2018-05-31 00:00:08,71
0,31-MAY-18,-1,616,34300067,-764747000,-1,999,-1,5445120616,2018-05-31 00:00:08,745
0,31-MAY-18,500050,-1,34418600,-764812233,721,557,2381,5445120625,2018-05-31 00:00:08,765
0,31-MAY-18,-1,-1,34034233,-764762250,-1,999,-1,5445120618,2018-05-31 00:00:08,940
0,31-MAY-18,-1,-1,33586783,-765120633,401,3121,9831,5445120631,2018-05-31 00:00:09,104
0,31-MAY-18,-1,1402,34960717,-765039750,-1,999,-1,5445120633,2018-05-31 00:00:09,1071
0,31-MAY-18,504007,626,34902117,-764920883,896,3351,529,5445120630,2018-05-31 00:00:09,202
0,31-MAY-18,-1,-1,33590033,-765113000,-1,-1,-1,5445120632,2018-05-31 00:00:09,67
0,31-MAY-18,518111,-1,34307583,-764752117,769,385,9872,5445120634,2018-05-31 00:00:09,767
0,31-MAY-18,-1,3458,33586783,-765176817,-1,999,-1,5445120629,2018-05-31 00:00:09,856
0,31-MAY-18,-1,17716,34965250,-765069700,-1,999,-1,5445120636,2018-05-31 00:00:09,888
0,31-MAY-18,-1,-1,34969417,-765038183,-1,-1,-1,5445120635,2018-05-31 00:00:09,894
0,31-MAY-18,500162,-1,34436150,-764830967,622,3441,501,5445120628,2018-05-31 00:00:09,970
0,31-MAY-18,503001,343,34291133,-764740017,703,282,9907,5445120639,2018-05-31 00:00:10,1100
0,31-MAY-18,513197,-1,34729317,-764987367,436,3372,254,5445120647,2018-05-31 00:00:10,1193
0,31-MAY-18,-1,-1,34960883,-765053567,-1,999,-1,5445120646,2018-05-31 00:00:10,1203
0,31-MAY-18,500164,285,34438800,-764820000,904,3411,356,5445120642,2018-05-31 00:00:10,250
0,31-MAY-18,500166,-1,-1,-1,53,3442,9964,5445120648,2018-05-31 00:00:10,274
0,31-MAY-18,-1,15687,33591417,-765119333,-1,-1,-1,5445120641,2018-05-31 00:00:10,314
0,31-MAY-18,-1,-1,33599133,-765121783,-1,-1,-1,5445120640,2018-05-31 00:00:10,402
0,31-MAY-18,-1,224,34289633,-764746983,-1,999,-1,5445120645,2018-05-31 00:00:10,747
0,31-MAY-18,-1,19094,34293933,-764746267,-1,999,-1,5445120643,2018-05-31 00:00:10,749
0,31-MAY-18,516084,-1,34042300,-765130550,555,2121,2178,5445120637,2018-05-31 00:00:10,844
0,31-MAY-18,-1,7757,33590233,-765112000,-1,999,-1,5445120638,2018-05-31 00:00:10,863
0,31-MAY-18,500162,-1,34436133,-764830950,622,3441,501,5445120644,2018-05-31 00:00:10,970
0,31-MAY-18,500101,12453,34297417,-764754450,-1,999,-1,5445120654,2018-05-31 00:00:11,1005
0,31-MAY-18,-1,355,34958850,-765044350,-1,999,-1,5445120653,2018-05-31 00:00:11,1172
0,31-MAY-18,514347,6,34521617,-764871483,1087,3452,179,5445120652,2018-05-31 00:00:11,1263
0,31-MAY-18,500751,9521,34302617,-764762517,804,2104,9972,5445120651,2018-05-31 00:00:11,302
0,31-MAY-18,-1,5,34035467,-764763250,115,150,9948,5445120649,2018-05-31 00:00:11,551
0,31-MAY-18,-1,-1,34294200,-764746950,-1,-1,-1,5445120650,2018-05-31 00:00:11,974
0,31-MAY-18,-1,-1,34972050,-765027583,-1,-1,-1,5445120665,2018-05-31 00:00:12,1051
0,31-MAY-18,-1,-1,34974500,-765023583,-1,-1,-1,5445120667,2018-05-31 00:00:12,1070
0,31-MAY-18,511321,305,33769600,-765202300,373,2211,552,5445120659,2018-05-31 00:00:12,1139
0,31-MAY-18,511261,234,33500850,-765302917,1045,3141,586,5445120664,2018-05-31 00:00:12,1145
0,31-MAY-18,-1,-1,34294933,-764771867,248,1472,9706,5445120657,2018-05-31 00:00:12,1155
0,31-MAY-18,-1,335,33594200,-765119267,-1,999,-1,5445120661,2018-05-31 00:00:12,125
0,31-MAY-18,519124,-1,34495033,-765541600,729,302,339,5445120655,2018-05-31 00:00:12,210
0,31-MAY-18,-1,-1,34040933,-764756583,-1,-1,-1,5445120666,2018-05-31 00:00:12,239
0,31-MAY-18,-1,-1,33600833,-765117733,-1,-1,-1,5445120663,2018-05-31 00:00:12,437
0,31-MAY-18,-1,553,34498833,-764875133,176,1571,9949,5445120658,2018-05-31 00:00:12,653
0,31-MAY-18,-1,-1,34304617,-764750350,-1,999,-1,5445120660,2018-05-31 00:00:12,709
0,31-MAY-18,-1,-1,34307267,-764752050,769,385,9872,5445120662,2018-05-31 00:00:12,767
0,31-MAY-18,-1,-1,33601800,-765122000,-1,-1,-1,5445120656,2018-05-31 00:00:12,780
0,31-MAY-18,-1,2733,34964217,-765054500,-1,999,-1,5445120671,2018-05-31 00:00:13,1075
0,31-MAY-18,-1,236,33587783,-765114750,-1,999,-1,5445120676,2018-05-31 00:00:13,1135
0,31-MAY-18,511323,33,33771183,-765202250,373,2211,552,5445120673,2018-05-31 00:00:13,1139
0,31-MAY-18,513212,6,34754383,-764934000,79,336,441,5445120668,2018-05-31 00:00:13,1211
0,31-MAY-18,514467,15,34394900,-764778000,455,347,743,5445120669,2018-05-31 00:00:13,226
0,31-MAY-18,-1,2247,34301033,-764747717,-1,999,-1,5445120670,2018-05-31 00:00:13,788
0,31-MAY-18,-1,631,33588817,-765111400,-1,999,-1,5445120672,2018-05-31 00:00:13,828
0,31-MAY-18,-1,-1,33603433,-765122283,-1,-1,-1,5445120674,2018-05-31 00:00:13,835
0,31-MAY-18,-1,-1,34035550,-764758617,-1,-1,-1,5445120675,2018-05-31 00:00:13,918
0,31-MAY-18,-1,5,33586017,-765109683,-1,-1,-1,5445120686,2018-05-31 00:00:14,116
0,31-MAY-18,519041,4361,34787250,-765182833,259,305,9992,5445120688,2018-05-31 00:00:14,1189
0,31-MAY-18,-1,8313,34953483,-765053867,-1,999,-1,5445120683,2018-05-31 00:00:14,1190
0,31-MAY-18,504006,123,34890583,-764934767,649,334,233,5445120678,2018-05-31 00:00:14,1212
0,31-MAY-18,500058,-1,34419250,-765333667,62,376,9998,5445120684,2018-05-31 00:00:14,1262
0,31-MAY-18,512091,33,34949533,-764994900,754,322,153,5445120682,2018-05-31 00:00:14,200
0,31-MAY-18,514021,5,34393250,-764775783,455,347,743,5445120681,2018-05-31 00:00:14,226
0,31-MAY-18,514467,36,34394083,-764776900,455,347,743,5445120679,2018-05-31 00:00:14,226
0,31-MAY-18,-1,-1,33600483,-765122067,-1,-1,-1,5445120677,2018-05-31 00:00:14,23
0,31-MAY-18,-1,307,34960083,-765043050,-1,999,-1,5445120685,2018-05-31 00:00:14,300
0,31-MAY-18,-1,594,34299517,-764746317,-1,999,-1,5445120680,2018-05-31 00:00:14,797
0,31-MAY-18,511204,-1,33844617,-765443867,611,3191,9892,5445120687,2018-05-31 00:00:14,900
0,31-MAY-18,513089,424,34730117,-764984267,436,3372,254,5445120696,2018-05-31 00:00:15,1193
0,31-MAY-18,504005,190,34890550,-764935417,393,333,317,5445120694,2018-05-31 00:00:15,1210
0,31-MAY-18,513212,31,34755433,-764934383,79,336,441,5445120689,2018-05-31 00:00:15,1211
0,31-MAY-18,-1,1148,34964483,-765059767,-1,999,-1,5445120697,2018-05-31 00:00:15,190
0,31-MAY-18,514021,-1,34392417,-764774650,455,347,743,5445120690,2018-05-31 00:00:15,226
0,31-MAY-18,511274,982,33757867,-765207067,702,2211,9874,5445120698,2018-05-31 00:00:15,312
0,31-MAY-18,-1,499,34034733,-764762050,707,142,9964,5445120692,2018-05-31 00:00:15,616
0,31-MAY-18,-1,343,33584267,-765115167,-1,999,-1,5445120699,2018-05-31 00:00:15,65
0,31-MAY-18,514174,308,34226400,-764707933,733,355,222,5445120691,2018-05-31 00:00:15,700
0,31-MAY-18,514277,35,34228500,-764706683,733,355,222,5445120693,2018-05-31 00:00:15,700
0,31-MAY-18,-1,-1,34044083,-764761800,-1,999,-1,5445120695,2018-05-31 00:00:15,910
0,31-MAY-18,-1,3745,33587700,-765111617,-1,999,-1,5445120704,2018-05-31 00:00:16,1008
0,31-MAY-18,513197,36,34731033,-764980850,436,3372,254,5445120710,2018-05-31 00:00:16,1193
0,31-MAY-18,-1,-1,34976933,-765034400,-1,-1,-1,5445120703,2018-05-31 00:00:16,1205
0,31-MAY-18,-1,-1,34978033,-765021000,-1,-1,-1,5445120700,2018-05-31 00:00:16,1208
0,31-MAY-18,514347,35,34520900,-764865167,1087,3452,179,5445120702,2018-05-31 00:00:16,1263
0,31-MAY-18,-1,-1,34970933,-765035300,-1,-1,-1,5445120706,2018-05-31 00:00:16,137
0,31-MAY-18,501401,3293,34965050,-765066617,1101,2301,9981,5445120707,2018-05-31 00:00:16,145
0,31-MAY-18,501703,12675,-1,-1,-1,-1,-1,5445120708,2018-05-31 00:00:16,706
0,31-MAY-18,-1,1182,34300583,-764747350,-1,999,-1,5445120701,2018-05-31 00:00:16,785
0,31-MAY-18,514474,1680,34076517,-764744183,874,3411,370,5445120705,2018-05-31 00:00:16,928
0,31-MAY-18,-1,190,34291433,-764748267,-1,999,-1,5445120709,2018-05-31 00:00:16,953
0,31-MAY-18,513025,195,34958733,-764939533,110,321,337,5445120720,2018-05-31 00:00:17,1067
0,31-MAY-18,514278,5,34205400,-764863767,861,2842,433,5445120721,2018-05-31 00:00:17,1096
0,31-MAY-18,513212,31,34756433,-764934767,79,336,441,5445120711,2018-05-31 00:00:17,1211
0,31-MAY-18,514347,35,34520817,-764863850,1087,3452,179,5445120717,2018-05-31 00:00:17,1263
0,31-MAY-18,514021,-1,34390783,-764772383,455,347,743,5445120713,2018-05-31 00:00:17,226
0,31-MAY-18,514021,-1,34390783,-764772383,455,347,743,5445120716,2018-05-31 00:00:17,226
0,31-MAY-18,-1,9248,33592250,-765121283,-1,999,-1,5445120714,2018-05-31 00:00:17,414
0,31-MAY-18,-1,14815,34329317,-764727733,-1,999,-1,5445120719,2018-05-31 00:00:17,774
0,31-MAY-18,516084,31,34045467,-765133750,555,2121,2178,5445120712,2018-05-31 00:00:17,844
0,31-MAY-18,-1,-1,34294933,-764748317,-1,999,-1,5445120718,2018-05-31 00:00:17,966
0,31-MAY-18,-1,202,33594350,-765113633,-1,999,-1,5445120715,2018-05-31 00:00:17,992
0,31-MAY-18,-1,6272,34290400,-764747417,-1,999,-1,5445120727,2018-05-31 00:00:18,1011
0,31-MAY-18,514376,345,34204433,-764863783,861,2842,433,5445120732,2018-05-31 00:00:18,1096
0,31-MAY-18,-1,1963,33586550,-765113533,-1,999,-1,5445120725,2018-05-31 00:00:18,1220
0,31-MAY-18,519124,-1,-1,-1,729,302,9982,5445120729,2018-05-31 00:00:18,210
0,31-MAY-18,514021,-1,34390033,-764771200,455,347,743,5445120722,2018-05-31 00:00:18,226
0,31-MAY-18,514021,-1,34390033,-764771200,455,347,743,5445120723,2018-05-31 00:00:18,226
0,31-MAY-18,514405,119,34045867,-764757933,560,347,9998,5445120730,2018-05-31 00:00:18,240
0,31-MAY-18,514072,4,34230983,-764778783,96,3442,327,5445120728,2018-05-31 00:00:18,263
0,31-MAY-18,-1,-1,34038233,-764753750,-1,-1,-1,5445120731,2018-05-31 00:00:18,288
0,31-MAY-18,-1,6168,33589100,-765111750,-1,999,-1,5445120724,2018-05-31 00:00:18,66
0,31-MAY-18,-1,-1,33602517,-765122283,-1,-1,-1,5445120726,2018-05-31 00:00:18,995
0,31-MAY-18,-1,544,33602300,-765121150,-1,999,-1,5445120742,2018-05-31 00:00:19,1002
0,31-MAY-18,502302,55,33661867,-765277483,842,3141,290,5445120734,2018-05-31 00:00:19,1009
0,31-MAY-18,-1,697,33587433,-765114100,-1,999,-1,5445120738,2018-05-31 00:00:19,1033
0,31-MAY-18,500153,7852,34293883,-764745183,-1,999,-1,5445120740,2018-05-31 00:00:19,1109
0,31-MAY-18,-1,4053,34386917,-765376467,-1,999,-1,5445120736,2018-05-31 00:00:19,1202
0,31-MAY-18,514347,18,34520667,-764861267,1087,3452,179,5445120737,2018-05-31 00:00:19,1263
0,31-MAY-18,512092,-1,34953433,-764992083,754,322,153,5445120735,2018-05-31 00:00:19,200
0,31-MAY-18,514021,-1,34389333,-764769967,455,347,743,5445120733,2018-05-31 00:00:19,226
0,31-MAY-18,-1,338,-1,-1,-1,999,-1,5445120741,2018-05-31 00:00:19,304
0,31-MAY-18,-1,22502,33589267,-765114083,-1,999,-1,5445120739,2018-05-31 00:00:19,991
0,31-MAY-18,-1,110,34294150,-764750100,-1,999,-1,5445120757,2018-05-31 00:00:20,1112
0,31-MAY-18,-1,340,34286533,-764739467,-1,999,-1,5445120748,2018-05-31 00:00:20,1113
0,31-MAY-18,-1,1607,34964683,-765057450,-1,999,-1,5445120754,2018-05-31 00:00:20,1192
0,31-MAY-18,512087,29,34838067,-765090733,799,323,228,5445120753,2018-05-31 00:00:20,1214
0,31-MAY-18,514021,-1,34388650,-764768733,455,347,743,5445120746,2018-05-31 00:00:20,226
0,31-MAY-18,-1,-1,34040283,-764760383,-1,-1,-1,5445120747,2018-05-31 00:00:20,564
0,31-MAY-18,-1,-1,34293417,-764740483,-1,-1,-1,5445120749,2018-05-31 00:00:20,740
0,31-MAY-18,-1,-1,33587067,-765115400,-1,-1,-1,5445120755,2018-05-31 00:00:20,81
0,31-MAY-18,516084,39,34046717,-765134383,555,2121,2178,5445120745,2018-05-31 00:00:20,844
0,31-MAY-18,-1,12518,34289050,-764738567,-1,999,-1,5445120759,2018-05-31 00:00:20,847
0,31-MAY-18,-1,-1,34973383,-765025417,-1,-1,-1,5445120750,2018-05-31 00:00:20,895
0,31-MAY-18,513316,-1,34907033,-764917083,215,553,615,5445120751,2018-05-31 00:00:20,899
0,31-MAY-18,-1,5814,34034883,-764758967,-1,999,-1,5445120758,2018-05-31 00:00:20,936
0,31-MAY-18,502304,-1,33663917,-765278117,598,3172,391,5445120743,2018-05-31 00:00:20,94
0,31-MAY-18,502304,-1,33663917,-765278117,598,3172,391,5445120744,2018-05-31 00:00:20,94
0,31-MAY-18,-1,168,34293267,-764749217,-1,999,-1,5445120756,2018-05-31 00:00:20,977
0,31-MAY-18,-1,-1,34300100,-764748183,-1,-1,-1,5445120752,2018-05-31 00:00:20,984
0,31-MAY-18,-1,-1,33584700,-765113117,-1,-1,-1,5445120765,2018-05-31 00:00:21,1159
0,31-MAY-18,513212,8,34758117,-764935567,79,336,441,5445120761,2018-05-31 00:00:21,1211
0,31-MAY-18,-1,-1,33615467,-765097967,-1,-1,-1,5445120764,2018-05-31 00:00:21,126
0,31-MAY-18,-1,-1,34963283,-765040250,-1,-1,-1,5445120769,2018-05-31 00:00:21,192
0,31-MAY-18,511059,7185,33715833,-765370100,580,3192,9996,5445120767,2018-05-31 00:00:21,281
0,31-MAY-18,-1,-1,33586250,-765112133,-1,-1,-1,5445120762,2018-05-31 00:00:21,30
0,31-MAY-18,-1,-1,34301650,-764746867,-1,-1,-1,5445120763,2018-05-31 00:00:21,760
0,31-MAY-18,-1,-1,34955167,-765050717,-1,999,-1,5445120760,2018-05-31 00:00:21,817
0,31-MAY-18,-1,-1,33604500,-765119417,-1,-1,-1,5445120766,2018-05-31 00:00:21,832
0,31-MAY-18,504016,6277,34483433,-765181767,497,131,9921,5445120768,2018-05-31 00:00:21,837
0,31-MAY-18,511441,-1,33587817,-765117350,657,3124,9881,5445120775,2018-05-31 00:00:22,103
0,31-MAY-18,-1,209,34985867,-765039550,-1,999,-1,5445120770,2018-05-31 00:00:22,1073
0,31-MAY-18,514278,35,34201333,-764863817,861,2842,433,5445120784,2018-05-31 00:00:22,1096
0,31-MAY-18,-1,5462,33587017,-765110950,-1,999,-1,5445120776,2018-05-31 00:00:22,1154
0,31-MAY-18,-1,25,34296167,-764770033,-1,999,-1,5445120780,2018-05-31 00:00:22,1155
0,31-MAY-18,511170,-1,33749583,-765589733,160,3122,334,5445120777,2018-05-31 00:00:22,124
0,31-MAY-18,-1,2292,34964717,-765001467,-1,999,-1,5445120779,2018-05-31 00:00:22,136
0,31-MAY-18,502302,4,33664717,-765281183,154,3141,9984,5445120772,2018-05-31 00:00:22,32
0,31-MAY-18,-1,-1,34965683,-765027600,-1,-1,-1,5445120771,2018-05-31 00:00:22,5
0,31-MAY-18,-1,-1,33599100,-765118800,-1,-1,-1,5445120782,2018-05-31 00:00:22,50
0,31-MAY-18,514176,5,34239467,-764700417,733,355,222,5445120778,2018-05-31 00:00:22,700
0,31-MAY-18,-1,-1,-1,-1,-1,999,-1,5445120781,2018-05-31 00:00:22,725
0,31-MAY-18,502650,411,34188400,-764873383,148,2842,865,5445120774,2018-05-31 00:00:22,739
0,31-MAY-18,-1,1411,34319383,-764740733,701,371,9992,5445120783,2018-05-31 00:00:22,761
0,31-MAY-18,-1,1336,34041333,-764758933,-1,999,-1,5445120773,2018-05-31 00:00:22,932
0,31-MAY-18,500165,3521,34292883,-764749333,-1,999,-1,5445120786,2018-05-31 00:00:23,1045
0,31-MAY-18,-1,6901,34973950,-765043650,-1,999,-1,5445120794,2018-05-31 00:00:23,1076
0,31-MAY-18,502311,-1,33662700,-765276683,228,3131,305,5445120788,2018-05-31 00:00:23,1130
0,31-MAY-18,519192,13283,34964400,-765060233,959,306,9984,5445120793,2018-05-31 00:00:23,203
0,31-MAY-18,514466,6,34132850,-764688000,869,3411,725,5445120792,2018-05-31 00:00:23,253
0,31-MAY-18,-1,1597,34040417,-764763983,-1,999,-1,5445120789,2018-05-31 00:00:23,258
0,31-MAY-18,-1,-1,34968617,-765039200,-1,-1,-1,5445120790,2018-05-31 00:00:23,819
0,31-MAY-18,-1,8604,33609567,-765121750,-1,999,-1,5445120791,2018-05-31 00:00:23,825
0,31-MAY-18,-1,-1,34183817,-765482567,-1,-1,-1,5445120785,2018-05-31 00:00:23,951
0,31-MAY-18,511483,1,33458517,-765242350,590,3133,589,5445120787,2018-05-31 00:00:23,98
0,31-MAY-18,-1,12267,33591667,-765121267,-1,999,-1,5445120799,2018-05-31 00:00:24,1138
0,31-MAY-18,500105,470,34927467,-765092117,236,2274,9990,5445120802,2018-05-31 00:00:24,1178
0,31-MAY-18,512092,33,34957500,-764989617,754,322,153,5445120801,2018-05-31 00:00:24,200
0,31-MAY-18,514236,37,34131633,-764688567,869,3411,725,5445120806,2018-05-31 00:00:24,253
0,31-MAY-18,514236,37,34131633,-764688567,869,3411,725,5445120807,2018-05-31 00:00:24,253
0,31-MAY-18,514236,9,34132267,-764688317,869,3411,725,5445120804,2018-05-31 00:00:24,253
0,31-MAY-18,-1,-1,33603200,-765122250,-1,-1,-1,5445120798,2018-05-31 00:00:24,56
0,31-MAY-18,-1,-1,34303783,-764748233,-1,-1,-1,5445120795,2018-05-31 00:00:24,757
0,31-MAY-18,516084,39,34048867,-765136300,555,2121,2178,5445120796,2018-05-31 00:00:24,844
0,31-MAY-18,516084,40,34049517,-765136950,555,2121,2178,5445120797,2018-05-31 00:00:24,844
0,31-MAY-18,-1,-1,34035233,-764761817,-1,999,-1,5445120805,2018-05-31 00:00:24,924
0,31-MAY-18,511457,187,33682450,-765125267,641,3133,295,5445120803,2018-05-31 00:00:24,95
0,31-MAY-18,500162,-1,34436033,-764831050,622,3441,501,5445120800,2018-05-31 00:00:24,970
0,31-MAY-18,513026,-1,34963900,-764936633,110,321,337,5445120813,2018-05-31 00:00:25,1067
0,31-MAY-18,-1,58,32912150,-765235983,-1,999,-1,5445120812,2018-05-31 00:00:25,199
0,31-MAY-18,514467,7,34385867,-764763700,455,347,743,5445120808,2018-05-31 00:00:25,226
0,31-MAY-18,514072,32,34226000,-764779717,96,3442,327,5445120809,2018-05-31 00:00:25,263
0,31-MAY-18,514303,32,34295267,-764862450,606,353,495,5445120816,2018-05-31 00:00:25,272
0,31-MAY-18,-1,613,34297850,-764744950,-1,999,-1,5445120815,2018-05-31 00:00:25,743
0,31-MAY-18,502304,14239,34289117,-764747550,-1,999,-1,5445120814,2018-05-31 00:00:25,746
0,31-MAY-18,-1,-1,33593617,-765116467,-1,-1,-1,5445120810,2018-05-31 00:00:25,836
0,31-MAY-18,-1,99,34047917,-764757167,-1,999,-1,5445120811,2018-05-31 00:00:25,926
0,31-MAY-18,-1,-1,34969650,-765037483,-1,-1,-1,5445120826,2018-05-31 00:00:26,1026
0,31-MAY-18,-1,216,34292400,-764748467,-1,999,-1,5445120823,2018-05-31 00:00:26,1111
0,31-MAY-18,513198,-1,34734133,-764970450,436,3372,254,5445120824,2018-05-31 00:00:26,1193
0,31-MAY-18,511170,-1,33750267,-765590000,160,3122,334,5445120821,2018-05-31 00:00:26,124
0,31-MAY-18,514467,49,34385100,-764762433,455,347,743,5445120818,2018-05-31 00:00:26,226
0,31-MAY-18,-1,-1,33599517,-765118783,-1,-1,-1,5445120820,2018-05-31 00:00:26,413
0,31-MAY-18,-1,323,33589033,-765111750,-1,999,-1,5445120828,2018-05-31 00:00:26,51
0,31-MAY-18,-1,58,34297917,-764753533,-1,999,-1,5445120825,2018-05-31 00:00:26,717
0,31-MAY-18,-1,-1,33593017,-765118317,-1,999,-1,5445120827,2018-05-31 00:00:26,866
0,31-MAY-18,-1,5811,33594567,-765119450,-1,999,-1,5445120819,2018-05-31 00:00:26,88
0,31-MAY-18,502304,-1,33664950,-765279183,598,3172,9911,5445120817,2018-05-31 00:00:26,94
0,31-MAY-18,500104,7793,34309617,-764781483,63,421,9712,5445120822,2018-05-31 00:00:26,960
0,31-MAY-18,-1,330,33593783,-765115183,-1,999,-1,5445120837,2018-05-31 00:00:27,1007
0,31-MAY-18,504008,-1,34904233,-764921117,511,2121,1884,5445120838,2018-05-31 00:00:27,1078
0,31-MAY-18,-1,4146,34039833,-764760417,-1,999,-1,5445120839,2018-05-31 00:00:27,11
0,31-MAY-18,-1,115,34958817,-765054183,-1,999,-1,5445120840,2018-05-31 00:00:27,1195
0,31-MAY-18,-1,-1,33581933,-765106733,-1,-1,-1,5445120832,2018-05-31 00:00:27,1223
0,31-MAY-18,-1,-1,33589883,-765120700,-1,-1,-1,5445120833,2018-05-31 00:00:27,18
0,31-MAY-18,502100,-1,34892650,-765103800,851,2274,9909,5445120836,2018-05-31 00:00:27,180
0,31-MAY-18,-1,-1,34045133,-764756883,-1,-1,-1,5445120829,2018-05-31 00:00:27,238
0,31-MAY-18,-1,8908,33591500,-765114783,-1,999,-1,5445120835,2018-05-31 00:00:27,299
0,31-MAY-18,-1,1250,34297233,-764754700,-1,999,-1,5445120830,2018-05-31 00:00:27,771
0,31-MAY-18,514481,6,34090867,-764728283,790,2841,300,5445120831,2018-05-31 00:00:27,789
0,31-MAY-18,-1,-1,34971300,-765034667,-1,-1,-1,5445120834,2018-05-31 00:00:27,809
0,31-MAY-18,511020,449,33489800,-765238417,986,3171,261,5445120851,2018-05-31 00:00:28,1006
0,31-MAY-18,513212,61,34760750,-764936750,79,336,441,5445120844,2018-05-31 00:00:28,1211
0,31-MAY-18,513316,-1,34906033,-764918333,471,553,614,5445120853,2018-05-31 00:00:28,1213
0,31-MAY-18,513019,32,34742600,-764948433,625,332,308,5445120854,2018-05-31 00:00:28,193
0,31-MAY-18,513019,32,34742917,-764947567,625,332,308,5445120852,2018-05-31 00:00:28,193
0,31-MAY-18,513019,4,34743600,-764945750,625,332,308,5445120850,2018-05-31 00:00:28,193
0,31-MAY-18,519124,31,34497600,-765536533,729,302,9982,5445120848,2018-05-31 00:00:28,210
0,31-MAY-18,-1,1907,34055300,-764745950,-1,999,-1,5445120855,2018-05-31 00:00:28,227
0,31-MAY-18,-1,-1,33790917,-765165767,-1,-1,-1,5445120849,2018-05-31 00:00:28,29
0,31-MAY-18,-1,-1,33590550,-765112250,-1,-1,-1,5445120845,2018-05-31 00:00:28,44
0,31-MAY-18,514176,32,34243933,-764697917,733,355,222,5445120847,2018-05-31 00:00:28,700
0,31-MAY-18,514481,34,34089967,-764726633,790,2841,300,5445120846,2018-05-31 00:00:28,789
0,31-MAY-18,515054,6990,34302217,-764749450,999,2524,728,5445120843,2018-05-31 00:00:28,792
0,31-MAY-18,515190,631,34201417,-764808000,105,353,9904,5445120841,2018-05-31 00:00:28,949
0,31-MAY-18,502650,507,34183517,-764867467,618,2841,302,5445120842,2018-05-31 00:00:28,968
0,31-MAY-18,511323,134,33779767,-765204383,373,2211,552,5445120857,2018-05-31 00:00:29,1139
0,31-MAY-18,-1,-1,34973533,-765007233,-1,-1,-1,5445120866,2018-05-31 00:00:29,1183
0,31-MAY-18,-1,263,34956883,-765047600,-1,999,-1,5445120858,2018-05-31 00:00:29,1185
0,31-MAY-18,511352,6240,33586733,-765238983,276,3122,9931,5445120860,2018-05-31 00:00:29,121
0,31-MAY-18,-1,-1,33587350,-765113267,314,3133,9886,5445120864,2018-05-31 00:00:29,123
0,31-MAY-18,-1,-1,33592500,-765118133,-1,999,-1,5445120862,2018-05-31 00:00:29,1233
0,31-MAY-18,-1,-1,34973617,-765007467,-1,-1,-1,5445120875,2018-05-31 00:00:29,154
0,31-MAY-18,-1,-1,33616633,-765097317,-1,-1,-1,5445120872,2018-05-31 00:00:29,19
0,31-MAY-18,513019,20,34741833,-764951083,625,332,308,5445120869,2018-05-31 00:00:29,193
0,31-MAY-18,514467,105,34382517,-764758867,455,347,743,5445120856,2018-05-31 00:00:29,226
0,31-MAY-18,-1,40,33594433,-765116683,-1,999,-1,5445120865,2018-05-31 00:00:29,24
0,31-MAY-18,-1,-1,34289483,-764738600,-1,999,-1,5445120868,2018-05-31 00:00:29,34
0,31-MAY-18,504008,15,34903583,-764919767,545,2121,1882,5445120874,2018-05-31 00:00:29,53
0,31-MAY-18,-1,177,33580217,-765120467,-1,999,-1,5445120867,2018-05-31 00:00:29,54
0,31-MAY-18,-1,-1,34302083,-764746867,-1,-1,-1,5445120870,2018-05-31 00:00:29,772
0,31-MAY-18,-1,3,34307233,-764751967,542,371,9996,5445120873,2018-05-31 00:00:29,775
0,31-MAY-18,514481,34,34089500,-764725767,790,2841,300,5445120861,2018-05-31 00:00:29,789
0,31-MAY-18,-1,638,33591867,-765112100,-1,999,-1,5445120871,2018-05-31 00:00:29,829
0,31-MAY-18,-1,10127,34970600,-765036017,-1,999,-1,5445120859,2018-05-31 00:00:29,889
0,31-MAY-18,-1,612,34304100,-764750033,-1,999,-1,5445120863,2018-05-31 00:00:29,983
0,31-MAY-18,500154,1029,34301717,-764778367,770,2473,9851,5445120890,2018-05-31 00:00:30,1103
0,31-MAY-18,-1,5762,33593617,-765119083,-1,999,-1,5445120881,2018-05-31 00:00:30,1129
0,31-MAY-18,502311,33,33662317,-765274517,228,3131,305,5445120878,2018-05-31 00:00:30,1130
0,31-MAY-18,511249,6,33530333,-765301617,1045,3141,586,5445120888,2018-05-31 00:00:30,1145
0,31-MAY-18,-1,-1,34974683,-765022950,-1,-1,-1,5445120887,2018-05-31 00:00:30,1176
0,31-MAY-18,501401,3431,34776667,-765174033,917,2301,9934,5445120884,2018-05-31 00:00:30,1179
0,31-MAY-18,-1,3492,33594333,-765114650,-1,999,-1,5445120889,2018-05-31 00:00:30,128
0,31-MAY-18,501401,3353,34964700,-765060967,1101,2301,9981,5445120885,2018-05-31 00:00:30,145
0,31-MAY-18,-1,-1,34974767,-765022267,-1,-1,-1,5445120880,2018-05-31 00:00:30,177
0,31-MAY-18,500113,-1,34897833,-765088300,337,552,1526,5445120877,2018-05-31 00:00:30,181
0,31-MAY-18,-1,-1,34970717,-765030017,-1,-1,-1,5445120876,2018-05-31 00:00:30,293
0,31-MAY-18,-1,3222,34957467,-765047383,-1,999,-1,5445120883,2018-05-31 00:00:30,307
0,31-MAY-18,-1,-1,34970017,-765037083,-1,-1,-1,5445120882,2018-05-31 00:00:30,893
0,31-MAY-18,514405,683,34039400,-764764783,-1,999,-1,5445120879,2018-05-31 00:00:30,937
0,31-MAY-18,502100,12488,34318083,-764785017,832,2274,9927,5445120886,2018-05-31 00:00:30,975
0,31-MAY-18,-1,493,34955367,-765054583,-1,999,-1,5445120909,2018-05-31 00:00:31,1025
0,31-MAY-18,-1,4726,34966550,-765033967,-1,999,-1,5445120905,2018-05-31 00:00:31,1063
0,31-MAY-18,513026,34,34968800,-764933950,110,321,337,5445120900,2018-05-31 00:00:31,1067
0,31-MAY-18,-1,506,34303350,-764749583,-1,999,-1,5445120894,2018-05-31 00:00:31,1115
0,31-MAY-18,511249,37,33533367,-765301717,1045,3141,586,5445120906,2018-05-31 00:00:31,1145
0,31-MAY-18,511249,37,33533367,-765301717,1045,3141,586,5445120910,2018-05-31 00:00:31,1145
0,31-MAY-18,-1,1192,34973883,-765007900,-1,999,-1,5445120898,2018-05-31 00:00:31,1173
0,31-MAY-18,-1,-1,34972850,-765005667,-1,999,-1,5445120892,2018-05-31 00:00:31,1197
0,31-MAY-18,519192,-1,34508350,-765434017,937,306,9982,5445120902,2018-05-31 00:00:31,198
0,31-MAY-18,514194,44,34380550,-764756500,455,347,743,5445120891,2018-05-31 00:00:31,226
0,31-MAY-18,514236,34,34128483,-764690350,869,3411,725,5445120904,2018-05-31 00:00:31,253
0,31-MAY-18,514236,34,34128483,-764690350,869,3411,725,5445120907,2018-05-31 00:00:31,253
0,31-MAY-18,514236,37,34129267,-764689883,869,3411,725,5445120903,2018-05-31 00:00:31,253
0,31-MAY-18,-1,-1,33586767,-765111450,-1,999,-1,5445120908,2018-05-31 00:00:31,26
0,31-MAY-18,-1,2758,33592767,-765114800,-1,999,-1,5445120896,2018-05-31 00:00:31,42
0,31-MAY-18,-1,-1,33599867,-765117567,-1,-1,-1,5445120895,2018-05-31 00:00:31,68
0,31-MAY-18,-1,-1,34302983,-764749400,-1,999,-1,5445120897,2018-05-31 00:00:31,744
0,31-MAY-18,-1,-1,34970700,-765035583,-1,-1,-1,5445120901,2018-05-31 00:00:31,805
0,31-MAY-18,-1,-1,34970217,-765036600,-1,-1,-1,5445120899,2018-05-31 00:00:31,813
0,31-MAY-18,-1,-1,33823667,-765441333,-1,999,-1,5445120893,2018-05-31 00:00:31,873
0,31-MAY-18,-1,3926,34290483,-764749017,-1,999,-1,5445120922,2018-05-31 00:00:32,1093
0,31-MAY-18,-1,11046,34326017,-764786500,-1,999,-1,5445120919,2018-05-31 00:00:32,1094
0,31-MAY-18,-1,-1,34299500,-764748250,-1,-1,-1,5445120915,2018-05-31 00:00:32,1095
0,31-MAY-18,-1,-1,33591833,-765113250,-1,-1,-1,5445120920,2018-05-31 00:00:32,1124
0,31-MAY-18,513198,35,34736183,-764964817,436,3372,254,5445120921,2018-05-31 00:00:32,1193
0,31-MAY-18,513166,-1,34762450,-764937117,79,336,441,5445120911,2018-05-31 00:00:32,1211
0,31-MAY-18,500058,-1,34225250,-764859583,446,376,9988,5445120917,2018-05-31 00:00:32,269
0,31-MAY-18,-1,398,33595283,-765117967,-1,999,-1,5445120923,2018-05-31 00:00:32,382
0,31-MAY-18,-1,-1,33592267,-765120000,-1,-1,-1,5445120916,2018-05-31 00:00:32,43
0,31-MAY-18,-1,4989,33594333,-765118200,-1,999,-1,5445120913,2018-05-31 00:00:32,439
0,31-MAY-18,517076,9102,34278667,-764989267,561,373,9986,5445120914,2018-05-31 00:00:32,764
0,31-MAY-18,514481,34,34088017,-764722983,790,2841,300,5445120912,2018-05-31 00:00:32,789
0,31-MAY-18,-1,-1,34300667,-764749800,-1,-1,-1,5445120918,2018-05-31 00:00:32,962
0,31-MAY-18,-1,884,34976200,-765015733,-1,999,-1,5445120934,2018-05-31 00:00:33,1077
0,31-MAY-18,-1,-1,34293950,-764750100,-1,999,-1,5445120937,2018-05-31 00:00:33,1108
0,31-MAY-18,513316,-1,34906050,-764918317,471,553,614,5445120933,2018-05-31 00:00:33,1213
0,31-MAY-18,-1,-1,33592400,-765117717,-1,-1,-1,5445120928,2018-05-31 00:00:33,1217
0,31-MAY-18,-1,-1,-1,-1,-1,-1,-1,5445120927,2018-05-31 00:00:33,151
0,31-MAY-18,-1,-1,34977833,-765018833,-1,-1,-1,5445120929,2018-05-31 00:00:33,155
0,31-MAY-18,-1,187,34964133,-765055250,-1,999,-1,5445120926,2018-05-31 00:00:33,166
0,31-MAY-18,513019,20,34741133,-764953717,625,332,308,5445120931,2018-05-31 00:00:33,193
0,31-MAY-18,500163,207,34042300,-764762917,188,1472,9759,5445120935,2018-05-31 00:00:33,219
0,31-MAY-18,514467,-1,34377633,-764753033,455,347,743,5445120924,2018-05-31 00:00:33,226
0,31-MAY-18,-1,-1,34045883,-764760967,-1,999,-1,5445120932,2018-05-31 00:00:33,618
0,31-MAY-18,-1,-1,33601450,-765122017,-1,-1,-1,5445120930,2018-05-31 00:00:33,626
0,31-MAY-18,-1,-1,34969200,-765038533,-1,-1,-1,5445120925,2018-05-31 00:00:33,815
0,31-MAY-18,502300,11302,34242633,-764852533,178,421,9740,5445120936,2018-05-31 00:00:33,959
0,31-MAY-18,-1,6134,-1,-1,-1,999,-1,5445120947,2018-05-31 00:00:34,1046
0,31-MAY-18,-1,-1,34963700,-765037817,-1,-1,-1,5445120944,2018-05-31 00:00:34,1061
0,31-MAY-18,-1,897,34290117,-764748217,-1,999,-1,5445120942,2018-05-31 00:00:34,1110
0,31-MAY-18,-1,-1,33593967,-765120150,-1,999,-1,5445120946,2018-05-31 00:00:34,1161
0,31-MAY-18,-1,-1,34978367,-765020467,-1,-1,-1,5445120941,2018-05-31 00:00:34,183
0,31-MAY-18,517076,3787,34306150,-765438450,614,373,9980,5445120939,2018-05-31 00:00:34,186
0,31-MAY-18,513019,32,34740250,-764956217,625,332,308,5445120943,2018-05-31 00:00:34,193
0,31-MAY-18,-1,5509,34959000,-765044833,-1,999,-1,5445120940,2018-05-31 00:00:34,213
0,31-MAY-18,501850,14066,34293083,-764750383,-1,999,-1,5445120938,2018-05-31 00:00:34,45
0,31-MAY-18,-1,-1,33605867,-765121933,-1,-1,-1,5445120945,2018-05-31 00:00:34,632
0,31-MAY-18,-1,-1,34976117,-765020417,-1,999,-1,5445120954,2018-05-31 00:00:35,1066
0,31-MAY-18,514278,185,34186133,-764864067,861,2842,433,5445120956,2018-05-31 00:00:35,1096
0,31-MAY-18,511076,-1,33676417,-765613517,116,3192,227,5445120950,2018-05-31 00:00:35,119
0,31-MAY-18,-1,-1,34035550,-764761667,-1,-1,-1,5445120952,2018-05-31 00:00:35,221
0,31-MAY-18,-1,-1,34282650,-765003233,-1,-1,-1,5445120948,2018-05-31 00:00:35,251
0,31-MAY-18,-1,253,33594600,-765115217,-1,999,-1,5445120949,2018-05-31 00:00:35,37
0,31-MAY-18,-1,-1,33591283,-765112083,-1,-1,-1,5445120955,2018-05-31 00:00:35,823
0,31-MAY-18,511437,-1,33685400,-765499450,12,3124,239,5445120951,2018-05-31 00:00:35,876
0,31-MAY-18,-1,-1,34043117,-764761517,-1,-1,-1,5445120953,2018-05-31 00:00:35,919
0,31-MAY-18,-1,152,34303017,-764760800,-1,999,-1,5445120960,2018-05-31 00:00:36,1155
0,31-MAY-18,-1,3150,34953250,-765054183,-1,999,-1,5445120963,2018-05-31 00:00:36,1184
0,31-MAY-18,-1,79,34034417,-764765417,423,1571,9885,5445120959,2018-05-31 00:00:36,216
0,31-MAY-18,514467,37,34374833,-764749667,455,347,743,5445120958,2018-05-31 00:00:36,226
0,31-MAY-18,514467,37,34375750,-764750750,455,347,743,5445120957,2018-05-31 00:00:36,226
0,31-MAY-18,-1,9659,34032667,-764765167,-1,999,-1,5445120967,2018-05-31 00:00:36,285
0,31-MAY-18,-1,-1,34037367,-764754267,-1,-1,-1,5445120964,2018-05-31 00:00:36,289
0,31-MAY-18,-1,-1,34302433,-764747167,-1,-1,-1,5445120961,2018-05-31 00:00:36,759
0,31-MAY-18,500050,-1,34404367,-764812133,721,557,2381,5445120966,2018-05-31 00:00:36,765
0,31-MAY-18,-1,-1,33609317,-765121433,-1,-1,-1,5445120965,2018-05-31 00:00:36,848
0,31-MAY-18,-1,6071,33594483,-765120400,-1,999,-1,5445120962,2018-05-31 00:00:36,850
0,31-MAY-18,-1,-1,33591183,-765113133,-1,-1,-1,5445120969,2018-05-31 00:00:37,1048
0,31-MAY-18,-1,71,33586767,-765114050,-1,999,-1,5445120978,2018-05-31 00:00:37,1049
0,31-MAY-18,-1,1415,34963250,-765037283,-1,999,-1,5445120973,2018-05-31 00:00:37,1071
0,31-MAY-18,-1,-1,33584400,-765110550,-1,-1,-1,5445120974,2018-05-31 00:00:37,130
0,31-MAY-18,519281,10268,34958000,-765045767,-1,999,-1,5445120972,2018-05-31 00:00:37,188
0,31-MAY-18,-1,-1,34035750,-764763100,-1,-1,-1,5445120971,2018-05-31 00:00:37,218
0,31-MAY-18,514467,37,34374833,-764749667,455,347,743,5445120968,2018-05-31 00:00:37,226
0,31-MAY-18,-1,220,33591150,-765121133,-1,999,-1,5445120977,2018-05-31 00:00:37,27
0,31-MAY-18,-1,-1,33587200,-765119633,-1,999,-1,5445120976,2018-05-31 00:00:37,71
0,31-MAY-18,-1,616,34300083,-764747000,-1,999,-1,5445120975,2018-05-31 00:00:37,745
0,31-MAY-18,-1,-1,33586750,-765119983,-1,-1,-1,5445120970,2018-05-31 00:00:37,83
0,31-MAY-18,-1,99,34047900,-764757167,-1,999,-1,5445120979,2018-05-31 00:00:37,926
0,31-MAY-18,-1,-1,33591050,-765112383,-1,-1,-1,5445120985,2018-05-31 00:00:38,1144
0,31-MAY-18,513166,33,34762967,-764935467,79,336,441,5445120980,2018-05-31 00:00:38,1211
0,31-MAY-18,513166,33,34762967,-764935467,79,336,441,5445120981,2018-05-31 00:00:38,1211
0,31-MAY-18,-1,-1,34978917,-765019733,-1,-1,-1,5445120990,2018-05-31 00:00:38,201
0,31-MAY-18,504007,626,34902167,-764920883,896,3351,529,5445120984,2018-05-31 00:00:38,202
0,31-MAY-18,500751,9636,34308450,-764752833,804,2104,9972,5445120983,2018-05-31 00:00:38,302
0,31-MAY-18,-1,6324,33603283,-765118950,-1,999,-1,5445120988,2018-05-31 00:00:38,389
0,31-MAY-18,-1,-1,34040733,-764756433,-1,-1,-1,5445120987,2018-05-31 00:00:38,624
0,31-MAY-18,-1,-1,34301283,-764749017,-1,-1,-1,5445120982,2018-05-31 00:00:38,802
0,31-MAY-18,-1,17793,34964867,-765062583,-1,999,-1,5445120986,2018-05-31 00:00:38,888
0,31-MAY-18,-1,-1,34034233,-764762267,-1,999,-1,5445120989,2018-05-31 00:00:38,940
0,31-MAY-18,-1,-1,34974483,-765023600,-1,-1,-1,5445120998,2018-05-31 00:00:39,1070
0,31-MAY-18,-1,-1,34956750,-765048900,-1,-1,-1,5445120994,2018-05-31 00:00:39,1074
0,31-MAY-18,514432,-1,34183850,-764864967,861,2842,433,5445121001,2018-05-31 00:00:39,1096
0,31-MAY-18,-1,-1,34959633,-765053933,-1,999,-1,5445120997,2018-05-31 00:00:39,1203
0,31-MAY-18,500164,285,34438717,-764819450,904,3411,356,5445120995,2018-05-31 00:00:39,250
0,31-MAY-18,-1,-1,34034883,-764761917,-1,-1,-1,5445120999,2018-05-31 00:00:39,259
0,31-MAY-18,500166,-1,-1,-1,53,3442,9964,5445121000,2018-05-31 00:00:39,274
0,31-MAY-18,-1,-1,34970533,-765030933,-1,-1,-1,5445120992,2018-05-31 00:00:39,297
0,31-MAY-18,-1,15687,33590467,-765118600,-1,-1,-1,5445120993,2018-05-31 00:00:39,314
0,31-MAY-18,-1,224,34289483,-764746917,-1,999,-1,5445120991,2018-05-31 00:00:39,747
0,31-MAY-18,-1,7757,33590233,-765111967,-1,999,-1,5445120996,2018-05-31 00:00:39,863
0,31-MAY-18,500101,12457,34297350,-764754250,-1,999,-1,5445121005,2018-05-31 00:00:40,1005
0,31-MAY-18,-1,367,34959150,-765043467,-1,999,-1,5445121008,2018-05-31 00:00:40,1172
0,31-MAY-18,514041,-1,34121367,-764694567,869,3411,725,5445121009,2018-05-31 00:00:40,253
0,31-MAY-18,-1,-1,33602133,-765122100,-1,-1,-1,5445121002,2018-05-31 00:00:40,628
0,31-MAY-18,-1,-1,33589817,-765112050,-1,-1,-1,5445121007,2018-05-31 00:00:40,634
0,31-MAY-18,-1,-1,33590033,-765113000,-1,-1,-1,5445121003,2018-05-31 00:00:40,67
0,31-MAY-18,-1,19094,34294133,-764746150,-1,999,-1,5445121004,2018-05-31 00:00:40,749
0,31-MAY-18,-1,-1,34969433,-765038183,-1,-1,-1,5445121006,2018-05-31 00:00:40,894
0,31-MAY-18,-1,-1,33586017,-765120317,401,3121,9831,5445121010,2018-05-31 00:00:41,104
0,31-MAY-18,-1,829,34896233,-765068683,-1,999,-1,5445121016,2018-05-31 00:00:41,1068
0,31-MAY-18,513199,-1,34739883,-764951333,436,3372,254,5445121014,2018-05-31 00:00:41,1193
0,31-MAY-18,-1,335,33594200,-765119283,-1,999,-1,5445121015,2018-05-31 00:00:41,125
0,31-MAY-18,501401,3353,34964683,-765060967,1101,2301,9981,5445121018,2018-05-31 00:00:41,145
0,31-MAY-18,-1,13285,34964467,-765060100,-1,999,-1,5445121017,2018-05-31 00:00:41,203
0,31-MAY-18,-1,-1,33599117,-765121800,-1,-1,-1,5445121012,2018-05-31 00:00:41,402
0,31-MAY-18,-1,913,34528067,-764860600,176,1571,9949,5445121011,2018-05-31 00:00:41,653
0,31-MAY-18,-1,-1,34304600,-764750367,-1,999,-1,5445121013,2018-05-31 00:00:41,709
0,31-MAY-18,-1,236,33587783,-765114767,-1,999,-1,5445121024,2018-05-31 00:00:42,1135
0,31-MAY-18,-1,1619,34964617,-765056417,-1,999,-1,5445121027,2018-05-31 00:00:42,1192
0,31-MAY-18,512087,74,34838667,-765093717,799,323,228,5445121023,2018-05-31 00:00:42,1214
0,31-MAY-18,514271,-1,34121367,-764694583,869,3411,725,5445121025,2018-05-31 00:00:42,253
0,31-MAY-18,514271,-1,34121383,-764694600,869,3411,725,5445121026,2018-05-31 00:00:42,253
0,31-MAY-18,-1,-1,33600833,-765117733,-1,-1,-1,5445121028,2018-05-31 00:00:42,437
0,31-MAY-18,-1,5,34035467,-764763267,115,150,9948,5445121019,2018-05-31 00:00:42,551
0,31-MAY-18,-1,2247,34301033,-764747733,-1,999,-1,5445121021,2018-05-31 00:00:42,788
0,31-MAY-18,-1,631,33588783,-765111417,-1,999,-1,5445121022,2018-05-31 00:00:42,828
0,31-MAY-18,-1,-1,34294200,-764746967,-1,-1,-1,5445121020,2018-05-31 00:00:42,974
0,31-MAY-18,-1,-1,34972050,-765027583,-1,-1,-1,5445121037,2018-05-31 00:00:43,1051
0,31-MAY-18,-1,2767,34961867,-765053050,-1,999,-1,5445121031,2018-05-31 00:00:43,1075
0,31-MAY-18,-1,5,33586017,-765109683,-1,-1,-1,5445121035,2018-05-31 00:00:43,116
0,31-MAY-18,519041,4446,34782650,-765175483,259,305,9992,5445121034,2018-05-31 00:00:43,1189
0,31-MAY-18,504006,126,34891417,-764935933,649,334,233,5445121030,2018-05-31 00:00:43,1212
0,31-MAY-18,-1,-1,34040950,-764756583,-1,-1,-1,5445121039,2018-05-31 00:00:43,239
0,31-MAY-18,500168,-1,34197100,-764723850,1167,3441,9949,5445121033,2018-05-31 00:00:43,260
0,31-MAY-18,-1,307,34960067,-765043067,-1,999,-1,5445121038,2018-05-31 00:00:43,300
0,31-MAY-18,-1,594,34299517,-764746333,-1,999,-1,5445121029,2018-05-31 00:00:43,797
0,31-MAY-18,-1,-1,34971217,-765034800,-1,-1,-1,5445121032,2018-05-31 00:00:43,809
0,31-MAY-18,514331,2,34053933,-764754767,874,3411,370,5445121036,2018-05-31 00:00:43,928
0,31-MAY-18,514432,35,34185200,-764867700,861,2842,433,5445121055,2018-05-31 00:00:44,1096
0,31-MAY-18,504005,371,34879717,-764939233,393,333,317,5445121042,2018-05-31 00:00:44,1210
0,31-MAY-18,-1,-1,34977933,-765018850,-1,-1,-1,5445121046,2018-05-31 00:00:44,155
0,31-MAY-18,-1,1158,34964533,-765058683,-1,999,-1,5445121050,2018-05-31 00:00:44,190
0,31-MAY-18,513020,6,34737817,-764965050,625,332,308,5445121048,2018-05-31 00:00:44,193
0,31-MAY-18,511274,1224,33732050,-765208183,702,2211,9874,5445121052,2018-05-31 00:00:44,312
0,31-MAY-18,-1,-1,34970133,-765031200,-1,-1,-1,5445121045,2018-05-31 00:00:44,636
0,31-MAY-18,-1,399,33585817,-765110833,-1,999,-1,5445121053,2018-05-31 00:00:44,65
0,31-MAY-18,501703,12675,-1,-1,-1,-1,-1,5445121054,2018-05-31 00:00:44,706
0,31-MAY-18,-1,-1,33601817,-765122033,-1,-1,-1,5445121043,2018-05-31 00:00:44,780
0,31-MAY-18,-1,-1,33603467,-765122317,-1,-1,-1,5445121047,2018-05-31 00:00:44,835
0,31-MAY-18,-1,-1,34044083,-764761783,-1,999,-1,5445121049,2018-05-31 00:00:44,910
0,31-MAY-18,-1,-1,34035567,-764758583,-1,-1,-1,5445121051,2018-05-31 00:00:44,918
0,31-MAY-18,502313,-1,33667483,-765282383,598,3172,9911,5445121040,2018-05-31 00:00:44,94
0,31-MAY-18,500162,144,34435983,-764827433,622,3441,501,5445121041,2018-05-31 00:00:44,970
0,31-MAY-18,500162,144,34435983,-764827433,622,3441,501,5445121044,2018-05-31 00:00:44,970
0,31-MAY-18,513166,49,34765333,-764933517,79,336,441,5445121058,2018-05-31 00:00:45,1211
0,31-MAY-18,500058,-1,34426283,-765303450,62,376,9998,5445121062,2018-05-31 00:00:45,1262
0,31-MAY-18,514467,141,34370467,-764744533,455,347,743,5445121056,2018-05-31 00:00:45,226
0,31-MAY-18,-1,-1,33600483,-765122067,-1,-1,-1,5445121057,2018-05-31 00:00:45,23
0,31-MAY-18,-1,499,34034600,-764761917,707,142,9964,5445121061,2018-05-31 00:00:45,616
0,31-MAY-18,514485,5,34255083,-764691650,733,355,222,5445121059,2018-05-31 00:00:45,700
0,31-MAY-18,-1,-1,34303417,-764754367,769,385,9872,5445121065,2018-05-31 00:00:45,767
0,31-MAY-18,-1,1182,34300550,-764747333,-1,999,-1,5445121060,2018-05-31 00:00:45,785
0,31-MAY-18,511204,-1,33856833,-765446000,611,3191,9892,5445121064,2018-05-31 00:00:45,900
0,31-MAY-18,-1,195,34291367,-764748217,-1,999,-1,5445121063,2018-05-31 00:00:45,953
0,31-MAY-18,-1,3745,33587733,-765111617,-1,999,-1,5445121072,2018-05-31 00:00:46,1008
0,31-MAY-18,514432,35,34186150,-764868917,861,2842,433,5445121074,2018-05-31 00:00:46,1096
0,31-MAY-18,511346,-1,33554650,-765302917,1045,3141,586,5445121073,2018-05-31 00:00:46,1145
0,31-MAY-18,513199,34,34741417,-764946067,436,3372,254,5445121071,2018-05-31 00:00:46,1193
0,31-MAY-18,513166,49,34765333,-764933517,79,336,441,5445121067,2018-05-31 00:00:46,1211
0,31-MAY-18,-1,14928,34317700,-764742717,-1,999,-1,5445121070,2018-05-31 00:00:46,774
0,31-MAY-18,514481,163,34080817,-764709900,790,2841,300,5445121068,2018-05-31 00:00:46,789
0,31-MAY-18,-1,-1,34294950,-764748283,-1,999,-1,5445121069,2018-05-31 00:00:46,966
0,31-MAY-18,-1,202,33594350,-765113650,-1,999,-1,5445121066,2018-05-31 00:00:46,992
0,31-MAY-18,-1,6272,34290433,-764747433,-1,999,-1,5445121078,2018-05-31 00:00:47,1011
0,31-MAY-18,-1,-1,34300217,-764748367,-1,-1,-1,5445121083,2018-05-31 00:00:47,1095
0,31-MAY-18,511346,33,33559183,-765303167,1045,3141,586,5445121085,2018-05-31 00:00:47,1145
0,31-MAY-18,-1,8313,34953467,-765053883,-1,999,-1,5445121079,2018-05-31 00:00:47,1190
0,31-MAY-18,-1,1963,33586567,-765113533,-1,999,-1,5445121077,2018-05-31 00:00:47,1220
0,31-MAY-18,-1,-1,34970950,-765035317,-1,-1,-1,5445121088,2018-05-31 00:00:47,137
0,31-MAY-18,513020,32,34736667,-764967817,625,332,308,5445121087,2018-05-31 00:00:47,193
0,31-MAY-18,513020,32,34736933,-764966900,625,332,308,5445121084,2018-05-31 00:00:47,193
0,31-MAY-18,514405,151,34044650,-764760650,560,347,9998,5445121086,2018-05-31 00:00:47,240
0,31-MAY-18,-1,345,-1,-1,-1,999,-1,5445121081,2018-05-31 00:00:47,304
0,31-MAY-18,-1,9248,33592233,-765121317,-1,999,-1,5445121075,2018-05-31 00:00:47,414
0,31-MAY-18,-1,6168,33589117,-765111750,-1,999,-1,5445121076,2018-05-31 00:00:47,66
0,31-MAY-18,-1,25,34303550,-764754067,-1,999,-1,5445121089,2018-05-31 00:00:47,775
0,31-MAY-18,514482,6,34080350,-764709050,790,2841,300,5445121080,2018-05-31 00:00:47,789
0,31-MAY-18,-1,22523,33591233,-765114200,-1,999,-1,5445121082,2018-05-31 00:00:47,991
0,31-MAY-18,-1,547,33602367,-765120800,-1,999,-1,5445121098,2018-05-31 00:00:48,1002
0,31-MAY-18,502302,362,33649483,-765254067,842,3141,290,5445121095,2018-05-31 00:00:48,1009
0,31-MAY-18,-1,719,33589350,-765114033,-1,999,-1,5445121092,2018-05-31 00:00:48,1033
0,31-MAY-18,513027,-1,34978933,-764928017,110,321,337,5445121099,2018-05-31 00:00:48,1067
0,31-MAY-18,500153,7852,34293900,-764745200,-1,999,-1,5445121094,2018-05-31 00:00:48,1109
0,31-MAY-18,511346,33,33559183,-765303167,1045,3141,586,5445121100,2018-05-31 00:00:48,1145
0,31-MAY-18,-1,4471,34421250,-765364983,-1,999,-1,5445121093,2018-05-31 00:00:48,1202
0,31-MAY-18,-1,-1,34978050,-765021017,-1,-1,-1,5445121091,2018-05-31 00:00:48,1208
0,31-MAY-18,514194,6,34369783,-764744000,455,347,743,5445121090,2018-05-31 00:00:48,226
0,31-MAY-18,-1,-1,34047600,-764759700,-1,-1,-1,5445121097,2018-05-31 00:00:48,935
0,31-MAY-18,-1,-1,34047617,-764759700,-1,-1,-1,5445121096,2018-05-31 00:00:48,935
0,31-MAY-18,514432,35,34187883,-764871217,861,2842,433,5445121109,2018-05-31 00:00:49,1096
0,31-MAY-18,-1,110,34294133,-764750083,-1,999,-1,5445121108,2018-05-31 00:00:49,1112
0,31-MAY-18,-1,502,34300100,-764748817,-1,999,-1,5445121103,2018-05-31 00:00:49,1113
0,31-MAY-18,-1,-1,34977083,-765034333,-1,-1,-1,5445121104,2018-05-31 00:00:49,1205
0,31-MAY-18,514194,36,34369033,-764743600,455,347,743,5445121101,2018-05-31 00:00:49,226
0,31-MAY-18,-1,-1,34038217,-764753750,-1,-1,-1,5445121106,2018-05-31 00:00:49,288
0,31-MAY-18,-1,5814,34034883,-764758967,-1,999,-1,5445121105,2018-05-31 00:00:49,936
0,31-MAY-18,502304,-1,33667467,-765282367,598,3172,9911,5445121102,2018-05-31 00:00:49,94
0,31-MAY-18,-1,168,34293283,-764749217,-1,999,-1,5445121107,2018-05-31 00:00:49,977
0,31-MAY-18,-1,1624,34964600,-765056250,-1,999,-1,5445121117,2018-05-31 00:00:50,1192
0,31-MAY-18,514347,290,34515450,-764834650,1087,3452,179,5445121114,2018-05-31 00:00:50,1263
0,31-MAY-18,511059,7693,33761683,-765372300,580,3192,9996,5445121118,2018-05-31 00:00:50,281
0,31-MAY-18,514485,36,34259267,-764689217,733,355,222,5445121112,2018-05-31 00:00:50,700
0,31-MAY-18,-1,-1,-1,-1,-1,999,-1,5445121121,2018-05-31 00:00:50,725
0,31-MAY-18,-1,-1,34955167,-765050700,-1,999,-1,5445121110,2018-05-31 00:00:50,817
0,31-MAY-18,504016,6644,34446883,-765186583,497,131,9921,5445121120,2018-05-31 00:00:50,837
0,31-MAY-18,515153,-1,34061767,-765147800,555,2121,2178,5445121111,2018-05-31 00:00:50,844
0,31-MAY-18,-1,12518,34289067,-764738567,-1,999,-1,5445121119,2018-05-31 00:00:50,847
0,31-MAY-18,513316,-1,34907050,-764917083,215,553,615,5445121115,2018-05-31 00:00:50,899
0,31-MAY-18,511483,-1,33682700,-765121767,641,3133,295,5445121116,2018-05-31 00:00:50,95
0,31-MAY-18,-1,-1,33602517,-765122283,-1,-1,-1,5445121113,2018-05-31 00:00:50,995
0,31-MAY-18,511441,-1,33592800,-765117967,657,3124,9881,5445121122,2018-05-31 00:00:51,103
0,31-MAY-18,-1,5462,33586933,-765110833,-1,999,-1,5445121127,2018-05-31 00:00:51,1154
0,31-MAY-18,511051,-1,33684333,-765622767,116,3192,227,5445121125,2018-05-31 00:00:51,119
0,31-MAY-18,511350,-1,33762133,-765595183,160,3122,334,5445121128,2018-05-31 00:00:51,124
0,31-MAY-18,513020,32,34735433,-764971350,625,332,308,5445121132,2018-05-31 00:00:51,193
0,31-MAY-18,514271,14,34120783,-764695017,869,3411,725,5445121134,2018-05-31 00:00:51,253
0,31-MAY-18,514303,160,34305583,-764857083,606,353,495,5445121131,2018-05-31 00:00:51,272
0,31-MAY-18,502302,4,33664717,-765281183,154,3141,9984,5445121129,2018-05-31 00:00:51,32
0,31-MAY-18,502650,522,34183617,-764867217,148,2842,865,5445121124,2018-05-31 00:00:51,739
0,31-MAY-18,-1,-1,34293417,-764740500,-1,-1,-1,5445121123,2018-05-31 00:00:51,740
0,31-MAY-18,-1,-1,33587050,-765115417,-1,-1,-1,5445121133,2018-05-31 00:00:51,81
0,31-MAY-18,514480,4,34052233,-764754583,874,3411,9990,5445121135,2018-05-31 00:00:51,928
0,31-MAY-18,-1,1336,34041300,-764758950,-1,999,-1,5445121126,2018-05-31 00:00:51,932
0,31-MAY-18,-1,-1,34300100,-764748167,-1,-1,-1,5445121130,2018-05-31 00:00:51,984
0,31-MAY-18,500165,3521,34293050,-764749383,-1,999,-1,5445121136,2018-05-31 00:00:52,1045
0,31-MAY-18,-1,6913,34972767,-765043933,-1,999,-1,5445121150,2018-05-31 00:00:52,1076
0,31-MAY-18,-1,-1,33584733,-765113200,-1,-1,-1,5445121140,2018-05-31 00:00:52,1159
0,31-MAY-18,-1,-1,33615250,-765097667,-1,-1,-1,5445121137,2018-05-31 00:00:52,126
0,31-MAY-18,-1,-1,34963250,-765040250,-1,-1,-1,5445121145,2018-05-31 00:00:52,192
0,31-MAY-18,513020,45,34735033,-764973050,625,332,308,5445121147,2018-05-31 00:00:52,193
0,31-MAY-18,-1,13310,34964417,-765058217,-1,999,-1,5445121144,2018-05-31 00:00:52,203
0,31-MAY-18,514271,53,34120467,-764695217,869,3411,725,5445121148,2018-05-31 00:00:52,253
0,31-MAY-18,514271,53,34120783,-764695017,869,3411,725,5445121146,2018-05-31 00:00:52,253
0,31-MAY-18,-1,-1,33586333,-765112350,-1,-1,-1,5445121138,2018-05-31 00:00:52,30
0,31-MAY-18,514482,32,34078000,-764704783,790,2841,300,5445121141,2018-05-31 00:00:52,789
0,31-MAY-18,-1,-1,33604533,-765119417,-1,-1,-1,5445121143,2018-05-31 00:00:52,832
0,31-MAY-18,-1,-1,34973400,-765025433,-1,-1,-1,5445121142,2018-05-31 00:00:52,895
0,31-MAY-18,-1,-1,34035250,-764761833,-1,999,-1,5445121149,2018-05-31 00:00:52,924
0,31-MAY-18,511483,1,33455117,-765241217,590,3133,589,5445121139,2018-05-31 00:00:52,98
0,31-MAY-18,-1,12267,33591700,-765121117,-1,999,-1,5445121158,2018-05-31 00:00:53,1138
0,31-MAY-18,500105,898,34965283,-765077150,236,2274,9990,5445121161,2018-05-31 00:00:53,1178
0,31-MAY-18,513166,15,34767883,-764932400,79,336,441,5445121153,2018-05-31 00:00:53,1211
0,31-MAY-18,-1,2292,34964717,-765001483,-1,999,-1,5445121157,2018-05-31 00:00:53,136
0,31-MAY-18,512092,158,34966200,-764986033,754,322,153,5445121160,2018-05-31 00:00:53,200
0,31-MAY-18,-1,1597,34040417,-764763967,-1,999,-1,5445121159,2018-05-31 00:00:53,258
0,31-MAY-18,-1,-1,34971033,-765027900,-1,-1,-1,5445121154,2018-05-31 00:00:53,5
0,31-MAY-18,-1,-1,34040267,-764760367,-1,-1,-1,5445121156,2018-05-31 00:00:53,564
0,31-MAY-18,516084,309,34062300,-765148283,555,2121,2178,5445121152,2018-05-31 00:00:53,844
0,31-MAY-18,-1,3901,33584483,-765136000,-1,999,-1,5445121155,2018-05-31 00:00:53,856
0,31-MAY-18,515190,997,34180250,-764785217,105,353,9904,5445121151,2018-05-31 00:00:53,949
0,31-MAY-18,513166,15,34768200,-764932317,79,336,441,5445121163,2018-05-31 00:00:54,1211
0,31-MAY-18,-1,341,32936550,-765230600,-1,999,-1,5445121171,2018-05-31 00:00:54,199
0,31-MAY-18,-1,-1,33599117,-765118733,-1,-1,-1,5445121174,2018-05-31 00:00:54,50
0,31-MAY-18,514486,6,34263083,-764687033,733,355,222,5445121167,2018-05-31 00:00:54,700
0,31-MAY-18,-1,58,34297883,-764753517,-1,999,-1,5445121173,2018-05-31 00:00:54,717
0,31-MAY-18,-1,613,34297833,-764744967,-1,999,-1,5445121170,2018-05-31 00:00:54,743
0,31-MAY-18,502304,14239,34289117,-764747550,-1,999,-1,5445121172,2018-05-31 00:00:54,746
0,31-MAY-18,514482,43,34077017,-764703117,790,2841,300,5445121168,2018-05-31 00:00:54,789
0,31-MAY-18,-1,-1,34968617,-765039200,-1,-1,-1,5445121169,2018-05-31 00:00:54,819
0,31-MAY-18,515153,40,34063100,-765149050,555,2121,2178,5445121162,2018-05-31 00:00:54,844
0,31-MAY-18,515153,40,34063100,-765149050,555,2121,2178,5445121165,2018-05-31 00:00:54,844
0,31-MAY-18,502313,-1,33667433,-765282333,598,3172,192,5445121166,2018-05-31 00:00:54,94
0,31-MAY-18,-1,-1,34183817,-765482550,-1,-1,-1,5445121164,2018-05-31 00:00:54,951
0,31-MAY-18,-1,209,34985833,-765039617,-1,999,-1,5445121176,2018-05-31 00:00:55,1073
0,31-MAY-18,-1,216,34292400,-764748483,-1,999,-1,5445121183,2018-05-31 00:00:55,1111
0,31-MAY-18,513316,-1,34906083,-764918267,471,553,9998,5445121185,2018-05-31 00:00:55,1213
0,31-MAY-18,511350,-1,33763267,-765595617,160,3122,334,5445121179,2018-05-31 00:00:55,124
0,31-MAY-18,513020,45,34734550,-764974800,625,332,308,5445121184,2018-05-31 00:00:55,193
0,31-MAY-18,514271,30,34118950,-764696150,869,3411,725,5445121180,2018-05-31 00:00:55,253
0,31-MAY-18,-1,-1,33606183,-765123133,-1,-1,-1,5445121177,2018-05-31 00:00:55,56
0,31-MAY-18,-1,-1,34303783,-764748217,-1,-1,-1,5445121175,2018-05-31 00:00:55,757
0,31-MAY-18,-1,-1,33593033,-765118367,-1,999,-1,5445121182,2018-05-31 00:00:55,866
0,31-MAY-18,-1,5811,33594583,-765119450,-1,999,-1,5445121178,2018-05-31 00:00:55,88
0,31-MAY-18,500104,8159,34280650,-764771150,63,421,9712,5445121181,2018-05-31 00:00:55,960
0,31-MAY-18,-1,-1,34969650,-765037500,-1,-1,-1,5445121195,2018-05-31 00:00:56,1026
0,31-MAY-18,504008,-1,34904550,-764921517,511,2121,1884,5445121196,2018-05-31 00:00:56,1078
0,31-MAY-18,-1,4146,34039833,-764760417,-1,999,-1,5445121191,2018-05-31 00:00:56,11
0,31-MAY-18,-1,116,34958550,-765054167,-1,999,-1,5445121192,2018-05-31 00:00:56,1195
0,31-MAY-18,502100,-1,34929117,-765091717,851,2274,9909,5445121194,2018-05-31 00:00:56,180
0,31-MAY-18,514072,118,34217400,-764780533,96,3442,327,5445121188,2018-05-31 00:00:56,263
0,31-MAY-18,514304,-1,34306150,-764856800,606,353,495,5445121189,2018-05-31 00:00:56,272
0,31-MAY-18,-1,8908,33591500,-765114783,-1,999,-1,5445121193,2018-05-31 00:00:56,299
0,31-MAY-18,-1,323,33589067,-765111783,-1,999,-1,5445121190,2018-05-31 00:00:56,51
0,31-MAY-18,-1,1250,34297250,-764754683,-1,999,-1,5445121187,2018-05-31 00:00:56,771
0,31-MAY-18,-1,-1,34968683,-765038683,-1,-1,-1,5445121186,2018-05-31 00:00:56,8
0,31-MAY-18,511020,861,33455750,-765242200,986,3171,261,5445121202,2018-05-31 00:00:57,1006
0,31-MAY-18,-1,330,33593783,-765115200,-1,999,-1,5445121203,2018-05-31 00:00:57,1007
0,31-MAY-18,512087,25,34840017,-765095667,799,323,228,5445121201,2018-05-31 00:00:57,1214
0,31-MAY-18,519124,223,34505017,-765520883,729,302,9982,5445121200,2018-05-31 00:00:57,210
0,31-MAY-18,-1,21,34300900,-764754667,-1,999,-1,5445121204,2018-05-31 00:00:57,767
0,31-MAY-18,515054,6990,34302333,-764748833,999,2524,728,5445121198,2018-05-31 00:00:57,792
0,31-MAY-18,-1,-1,33593717,-765116717,-1,-1,-1,5445121199,2018-05-31 00:00:57,836
0,31-MAY-18,502650,507,34183550,-764867483,618,2841,302,5445121197,2018-05-31 00:00:57,968
0,31-MAY-18,513027,33,34984083,-764925133,110,321,337,5445121224,2018-05-31 00:00:58,1067
0,31-MAY-18,511323,282,33796733,-765204050,373,2211,552,5445121218,2018-05-31 00:00:58,1139
0,31-MAY-18,501401,3971,-1,-1,917,2301,9934,5445121219,2018-05-31 00:00:58,1179
0,31-MAY-18,-1,263,34956883,-765047583,-1,999,-1,5445121217,2018-05-31 00:00:58,1185
0,31-MAY-18,511352,6740,33536983,-765234183,276,3122,9931,5445121207,2018-05-31 00:00:58,121
0,31-MAY-18,-1,-1,33581967,-765106700,-1,-1,-1,5445121214,2018-05-31 00:00:58,1223
0,31-MAY-18,-1,-1,33587367,-765113250,314,3133,9886,5445121210,2018-05-31 00:00:58,123
0,31-MAY-18,-1,-1,33592483,-765118150,-1,999,-1,5445121215,2018-05-31 00:00:58,1233
0,31-MAY-18,-1,-1,33589867,-765120683,-1,-1,-1,5445121209,2018-05-31 00:00:58,18
0,31-MAY-18,514194,105,34364850,-764740717,455,347,743,5445121205,2018-05-31 00:00:58,226
0,31-MAY-18,-1,40,33594450,-765116683,-1,999,-1,5445121213,2018-05-31 00:00:58,24
0,31-MAY-18,514271,30,34116783,-764697417,869,3411,725,5445121223,2018-05-31 00:00:58,253
0,31-MAY-18,504008,-1,34903667,-764919850,545,2121,1882,5445121222,2018-05-31 00:00:58,53
0,31-MAY-18,-1,177,33580233,-765120500,-1,999,-1,5445121220,2018-05-31 00:00:58,54
0,31-MAY-18,514486,31,34267550,-764684533,733,355,222,5445121208,2018-05-31 00:00:58,700
0,31-MAY-18,514482,29,34075700,-764700833,790,2841,300,5445121212,2018-05-31 00:00:58,789
0,31-MAY-18,-1,638,33591867,-765112083,-1,999,-1,5445121221,2018-05-31 00:00:58,829
0,31-MAY-18,515153,11,34065767,-765151367,555,2121,2178,5445121206,2018-05-31 00:00:58,844
0,31-MAY-18,-1,10127,34970583,-765036017,-1,999,-1,5445121211,2018-05-31 00:00:58,889
0,31-MAY-18,-1,612,34304100,-764750033,-1,999,-1,5445121216,2018-05-31 00:00:58,983
0,31-MAY-18,500154,1371,34274317,-764770233,770,2473,9851,5445121240,2018-05-31 00:00:59,1103
0,31-MAY-18,-1,91,34297850,-764754333,-1,999,-1,5445121243,2018-05-31 00:00:59,1107
0,31-MAY-18,-1,91,34298467,-764754950,-1,999,-1,5445121242,2018-05-31 00:00:59,1107
0,31-MAY-18,-1,506,34303350,-764749600,-1,999,-1,5445121228,2018-05-31 00:00:59,1115
0,31-MAY-18,-1,5762,33593617,-765119083,-1,999,-1,5445121235,2018-05-31 00:00:59,1129
0,31-MAY-18,502311,278,33651883,-765255567,228,3131,305,5445121231,2018-05-31 00:00:59,1130
0,31-MAY-18,514194,105,34363850,-764739350,455,347,743,5445121226,2018-05-31 00:00:59,226
0,31-MAY-18,-1,1907,34055533,-764746133,-1,999,-1,5445121236,2018-05-31 00:00:59,227
0,31-MAY-18,-1,-1,34045950,-764757000,-1,-1,-1,5445121225,2018-05-31 00:00:59,238
0,31-MAY-18,514236,10,34115983,-764697783,869,3411,725,5445121241,2018-05-31 00:00:59,253
0,31-MAY-18,-1,-1,33586783,-765111433,-1,999,-1,5445121238,2018-05-31 00:00:59,26
0,31-MAY-18,511230,4,33772400,-765165650,1091,3131,618,5445121233,2018-05-31 00:00:59,29
0,31-MAY-18,511230,4,33772400,-765165650,1091,3131,618,5445121234,2018-05-31 00:00:59,29
0,31-MAY-18,-1,-1,34289483,-764738600,-1,999,-1,5445121239,2018-05-31 00:00:59,34
0,31-MAY-18,-1,-1,33599500,-765118800,-1,-1,-1,5445121230,2018-05-31 00:00:59,413
0,31-MAY-18,-1,-1,33590550,-765112267,-1,-1,-1,5445121232,2018-05-31 00:00:59,44
0,31-MAY-18,514486,31,34267550,-764684533,733,355,222,5445121227,2018-05-31 00:00:59,700
0,31-MAY-18,-1,99,34047867,-764757150,-1,999,-1,5445121237,2018-05-31 00:00:59,926
0,31-MAY-18,514405,683,34039400,-764764783,-1,999,-1,5445121229,2018-05-31 00:00:59,937
0,31-MAY-18,-1,503,34954783,-765054050,-1,999,-1,5445121252,2018-05-31 00:01:00,1025
0,31-MAY-18,-1,4830,-1,-1,-1,999,-1,5445121257,2018-05-31 00:01:00,1063
0,31-MAY-18,511098,7,33800183,-765204067,373,2211,552,5445121251,2018-05-31 00:01:00,1139
0,31-MAY-18,-1,1192,34973900,-765007900,-1,999,-1,5445121245,2018-05-31 00:01:00,1173
0,31-MAY-18,-1,-1,34972850,-765005667,-1,999,-1,5445121247,2018-05-31 00:01:00,1197
0,31-MAY-18,-1,3492,33594333,-765114683,-1,999,-1,5445121256,2018-05-31 00:01:00,128
0,31-MAY-18,501401,3379,34964650,-765058783,1101,2301,9981,5445121253,2018-05-31 00:01:00,145
0,31-MAY-18,500113,-1,34897883,-765088267,337,552,1526,5445121249,2018-05-31 00:01:00,181
0,31-MAY-18,-1,-1,33616667,-765097300,-1,-1,-1,5445121255,2018-05-31 00:01:00,19
0,31-MAY-18,519192,-1,34509117,-765428483,937,306,9982,5445121254,2018-05-31 00:01:00,198
0,31-MAY-18,514194,41,34363200,-764738733,455,347,743,5445121244,2018-05-31 00:01:00,226
0,31-MAY-18,514236,35,34115200,-764698150,869,3411,725,5445121259,2018-05-31 00:01:00,253
0,31-MAY-18,514236,35,34115200,-764698150,869,3411,725,5445121260,2018-05-31 00:01:00,253
0,31-MAY-18,-1,398,33595300,-765117967,-1,999,-1,5445121258,2018-05-31 00:01:00,382
0,31-MAY-18,-1,2758,33592767,-765114767,-1,999,-1,5445121248,2018-05-31 00:01:00,42
0,31-MAY-18,-1,-1,34302950,-764749417,-1,999,-1,5445121246,2018-05-31 00:01:00,744
0,31-MAY-18,-1,-1,33794000,-765434367,-1,999,-1,5445121250,2018-05-31 00:01:00,873
0,31-MAY-18,-1,3926,34290500,-764749017,-1,999,-1,5445121269,2018-05-31 00:01:01,1093
0,31-MAY-18,-1,11506,34288533,-764773133,-1,999,-1,5445121273,2018-05-31 00:01:01,1094
0,31-MAY-18,-1,-1,34974700,-765022950,-1,-1,-1,5445121270,2018-05-31 00:01:01,1176
0,31-MAY-18,-1,208,34963117,-765054017,-1,999,-1,5445121261,2018-05-31 00:01:01,166
0,31-MAY-18,-1,-1,34974817,-765022283,-1,-1,-1,5445121265,2018-05-31 00:01:01,177
0,31-MAY-18,500058,-1,34239800,-764848367,446,376,9988,5445121266,2018-05-31 00:01:01,269
0,31-MAY-18,514304,34,34311183,-764854217,606,353,495,5445121268,2018-05-31 00:01:01,272
0,31-MAY-18,514304,34,34311183,-764854217,606,353,495,5445121271,2018-05-31 00:01:01,272
0,31-MAY-18,-1,-1,34970783,-765030017,-1,-1,-1,5445121262,2018-05-31 00:01:01,293
0,31-MAY-18,-1,3222,34957467,-765047400,-1,999,-1,5445121267,2018-05-31 00:01:01,307
0,31-MAY-18,-1,4989,33594300,-765118183,-1,999,-1,5445121263,2018-05-31 00:01:01,439
0,31-MAY-18,517076,9328,34275300,-764972567,561,373,9986,5445121264,2018-05-31 00:01:01,764
0,31-MAY-18,-1,-1,34302067,-764746883,-1,-1,-1,5445121272,2018-05-31 00:01:01,772
0,31-MAY-18,-1,-1,34970700,-765035600,-1,-1,-1,5445121274,2018-05-31 00:01:01,805
0,31-MAY-18,513041,-1,34986083,-764924150,110,321,337,5445121282,2018-05-31 00:01:02,1067
0,31-MAY-18,-1,1034,34973133,-765007883,-1,999,-1,5445121280,2018-05-31 00:01:02,1077
0,31-MAY-18,-1,-1,34293933,-764750100,-1,999,-1,5445121288,2018-05-31 00:01:02,1108
0,31-MAY-18,511250,31,33582100,-765304333,1045,3141,586,5445121281,2018-05-31 00:01:02,1145
0,31-MAY-18,-1,-1,34965250,-765074517,236,2274,9990,5445121279,2018-05-31 00:01:02,1178
0,31-MAY-18,512092,186,34963733,-764986683,754,322,153,5445121278,2018-05-31 00:01:02,200
0,31-MAY-18,500163,207,34042300,-764762917,188,1472,9759,5445121286,2018-05-31 00:01:02,219
0,31-MAY-18,514194,41,34361733,-764737550,455,347,743,5445121276,2018-05-31 00:01:02,226
0,31-MAY-18,514194,41,34362483,-764738150,455,347,743,5445121275,2018-05-31 00:01:02,226
0,31-MAY-18,-1,-1,34045883,-764760967,-1,999,-1,5445121283,2018-05-31 00:01:02,618
0,31-MAY-18,-1,-1,33599833,-765117500,-1,-1,-1,5445121277,2018-05-31 00:01:02,68
0,31-MAY-18,-1,-1,34970233,-765036600,-1,-1,-1,5445121287,2018-05-31 00:01:02,813
0,31-MAY-18,-1,-1,34970033,-765037083,-1,-1,-1,5445121284,2018-05-31 00:01:02,893
0,31-MAY-18,502300,11434,34233750,-764841617,178,421,9740,5445121285,2018-05-31 00:01:02,959
0,31-MAY-18,-1,6135,33574900,-765123283,-1,999,-1,5445121298,2018-05-31 00:01:03,1046
0,31-MAY-18,-1,-1,33591833,-765113267,-1,-1,-1,5445121299,2018-05-31 00:01:03,1124
0,31-MAY-18,-1,-1,33593950,-765120167,-1,999,-1,5445121297,2018-05-31 00:01:03,1161
0,31-MAY-18,-1,-1,34973650,-765007450,-1,-1,-1,5445121289,2018-05-31 00:01:03,154
0,31-MAY-18,517076,3818,34308950,-765436233,614,373,9980,5445121291,2018-05-31 00:01:03,186
0,31-MAY-18,-1,5509,34958667,-765044817,-1,999,-1,5445121293,2018-05-31 00:01:03,213
0,31-MAY-18,514194,41,34360983,-764736933,455,347,743,5445121290,2018-05-31 00:01:03,226
0,31-MAY-18,514072,149,34219700,-764779333,96,3442,327,5445121294,2018-05-31 00:01:03,263
0,31-MAY-18,501850,14066,34293067,-764750400,-1,999,-1,5445121292,2018-05-31 00:01:03,45
0,31-MAY-18,-1,-1,34970183,-765031217,-1,-1,-1,5445121295,2018-05-31 00:01:03,636
0,31-MAY-18,-1,-1,34300817,-764749900,-1,-1,-1,5445121296,2018-05-31 00:01:03,962
0,31-MAY-18,-1,897,34290117,-764748233,-1,999,-1,5445121308,2018-05-31 00:01:04,1110
0,31-MAY-18,511051,-1,33689683,-765625833,116,3192,227,5445121304,2018-05-31 00:01:04,119
0,31-MAY-18,-1,-1,33592417,-765117683,-1,-1,-1,5445121301,2018-05-31 00:01:04,1217
0,31-MAY-18,-1,-1,-1,-1,-1,-1,-1,5445121305,2018-05-31 00:01:04,151
0,31-MAY-18,513020,119,34732000,-764983050,625,332,308,5445121307,2018-05-31 00:01:04,193
0,31-MAY-18,-1,253,33594600,-765115200,-1,999,-1,5445121303,2018-05-31 00:01:04,37
0,31-MAY-18,-1,-1,33592217,-765120033,-1,-1,-1,5445121306,2018-05-31 00:01:04,43
0,31-MAY-18,-1,-1,34969183,-765038533,-1,-1,-1,5445121302,2018-05-31 00:01:04,815
0,31-MAY-18,-1,-1,33609267,-765121417,-1,-1,-1,5445121300,2018-05-31 00:01:04,848
0,31-MAY-18,-1,-1,34963700,-765037817,-1,-1,-1,5445121319,2018-05-31 00:01:05,1061
0,31-MAY-18,511098,35,33804617,-765204083,373,2211,552,5445121310,2018-05-31 00:01:05,1139
0,31-MAY-18,511098,35,33804617,-765204083,373,2211,552,5445121311,2018-05-31 00:01:05,1139
0,31-MAY-18,-1,236,34307983,-764754217,-1,999,-1,5445121309,2018-05-31 00:01:05,1155
0,31-MAY-18,-1,9659,34032667,-764765150,-1,999,-1,5445121316,2018-05-31 00:01:05,285
0,31-MAY-18,511230,34,33766900,-765165717,1091,3131,618,5445121315,2018-05-31 00:01:05,29
0,31-MAY-18,-1,-1,34307250,-764752467,804,2104,9972,5445121312,2018-05-31 00:01:05,302
0,31-MAY-18,-1,-1,34307250,-764752467,804,2104,9972,5445121313,2018-05-31 00:01:05,302
0,31-MAY-18,-1,-1,33601467,-765122033,-1,-1,-1,5445121320,2018-05-31 00:01:05,626
0,31-MAY-18,-1,-1,33605850,-765121950,-1,-1,-1,5445121318,2018-05-31 00:01:05,632
0,31-MAY-18,500050,-1,34383150,-764807217,721,557,2381,5445121317,2018-05-31 00:01:05,765
0,31-MAY-18,-1,6088,33593417,-765121533,-1,999,-1,5445121314,2018-05-31 00:01:05,850
0,31-MAY-18,-1,113,33590350,-765114400,-1,999,-1,5445121333,2018-05-31 00:01:06,1049
0,31-MAY-18,-1,1415,34963367,-765037150,-1,999,-1,5445121334,2018-05-31 00:01:06,1071
0,31-MAY-18,-1,-1,34978333,-765020500,-1,-1,-1,5445121327,2018-05-31 00:01:06,183
0,31-MAY-18,519281,10268,34958000,-765045750,-1,999,-1,5445121328,2018-05-31 00:01:06,188
0,31-MAY-18,-1,-1,34282817,-765003083,-1,-1,-1,5445121323,2018-05-31 00:01:06,251
0,31-MAY-18,514086,3,34222533,-764778833,96,3442,327,5445121326,2018-05-31 00:01:06,263
0,31-MAY-18,-1,220,33591150,-765121117,-1,999,-1,5445121332,2018-05-31 00:01:06,27
0,31-MAY-18,-1,-1,33587217,-765119750,-1,999,-1,5445121330,2018-05-31 00:01:06,71
0,31-MAY-18,-1,616,34300067,-764747000,-1,999,-1,5445121335,2018-05-31 00:01:06,745
0,31-MAY-18,-1,-1,34302433,-764747167,-1,-1,-1,5445121325,2018-05-31 00:01:06,759
0,31-MAY-18,-1,1583,34308083,-764752850,701,371,9992,5445121321,2018-05-31 00:01:06,761
0,31-MAY-18,514482,56,34079800,-764699617,790,2841,300,5445121324,2018-05-31 00:01:06,789
0,31-MAY-18,-1,-1,34968717,-765038517,-1,-1,-1,5445121322,2018-05-31 00:01:06,8
0,31-MAY-18,-1,-1,34043133,-764761483,-1,-1,-1,5445121331,2018-05-31 00:01:06,919
0,31-MAY-18,514480,32,34050350,-764755867,874,3411,9990,5445121329,2018-05-31 00:01:06,928
0,31-MAY-18,514432,296,34201950,-764890833,861,2842,433,5445121336,2018-05-31 00:01:07,1096
0,31-MAY-18,-1,122,34034733,-764763567,423,1571,9885,5445121339,2018-05-31 00:01:07,216
0,31-MAY-18,-1,-1,34037350,-764754250,-1,-1,-1,5445121338,2018-05-31 00:01:07,289
0,31-MAY-18,504008,37,34902300,-764921667,545,2121,1882,5445121340,2018-05-31 00:01:07,53
0,31-MAY-18,-1,-1,33591283,-765112083,-1,-1,-1,5445121342,2018-05-31 00:01:07,823
0,31-MAY-18,-1,7757,33590217,-765111900,-1,999,-1,5445121337,2018-05-31 00:01:07,863
0,31-MAY-18,-1,17804,34964833,-765061783,-1,999,-1,5445121343,2018-05-31 00:01:07,888
0,31-MAY-18,-1,-1,34034233,-764762267,-1,999,-1,5445121341,2018-05-31 00:01:07,940
0,31-MAY-18,-1,-1,33591200,-765113150,-1,-1,-1,5445121348,2018-05-31 00:01:08,1048
0,31-MAY-18,513041,-1,34988133,-764922950,110,321,9893,5445121355,2018-05-31 00:01:08,1067
0,31-MAY-18,-1,-1,33591050,-765112400,-1,-1,-1,5445121351,2018-05-31 00:01:08,1144
0,31-MAY-18,511250,64,33585133,-765304450,1045,3141,586,5445121353,2018-05-31 00:01:08,1145
0,31-MAY-18,-1,-1,34958433,-765054283,-1,999,-1,5445121354,2018-05-31 00:01:08,1203
0,31-MAY-18,504007,626,-1,-1,896,3351,529,5445121347,2018-05-31 00:01:08,202
0,31-MAY-18,-1,-1,34035567,-764761667,-1,-1,-1,5445121352,2018-05-31 00:01:08,221
0,31-MAY-18,500164,285,34439217,-764820200,904,3411,356,5445121344,2018-05-31 00:01:08,250
0,31-MAY-18,-1,15687,33591067,-765118933,-1,-1,-1,5445121346,2018-05-31 00:01:08,314
0,31-MAY-18,-1,224,34289467,-764746917,-1,999,-1,5445121349,2018-05-31 00:01:08,747
0,31-MAY-18,-1,19094,34293783,-764746383,-1,999,-1,5445121350,2018-05-31 00:01:08,749
0,31-MAY-18,-1,-1,33586700,-765120033,-1,-1,-1,5445121345,2018-05-31 00:01:08,83
0,31-MAY-18,511483,-1,33683400,-765119450,641,3133,591,5445121356,2018-05-31 00:01:08,95
0,31-MAY-18,-1,367,34958967,-765043917,-1,999,-1,5445121365,2018-05-31 00:01:09,1172
0,31-MAY-18,-1,3150,34953217,-765054183,-1,999,-1,5445121361,2018-05-31 00:01:09,1184
0,31-MAY-18,-1,-1,33584383,-765110583,-1,-1,-1,5445121366,2018-05-31 00:01:09,130
0,31-MAY-18,-1,-1,34035767,-764763150,-1,-1,-1,5445121362,2018-05-31 00:01:09,218
0,31-MAY-18,514194,121,34356950,-764733717,455,347,743,5445121358,2018-05-31 00:01:09,226
0,31-MAY-18,514195,1,34356083,-764733033,455,347,743,5445121359,2018-05-31 00:01:09,226
0,31-MAY-18,500166,-1,34447317,-764830983,53,3442,9964,5445121357,2018-05-31 00:01:09,274
0,31-MAY-18,-1,-1,34040717,-764756433,-1,-1,-1,5445121364,2018-05-31 00:01:09,624
0,31-MAY-18,-1,-1,34304600,-764750367,-1,999,-1,5445121363,2018-05-31 00:01:09,709
0,31-MAY-18,-1,-1,34301267,-764749033,-1,-1,-1,5445121360,2018-05-31 00:01:09,802
0,31-MAY-18,500101,12510,34294433,-764750600,-1,999,-1,5445121371,2018-05-31 00:01:10,1005
0,31-MAY-18,-1,335,33594200,-765119283,-1,999,-1,5445121370,2018-05-31 00:01:10,125
0,31-MAY-18,514195,37,34355183,-764732333,455,347,743,5445121367,2018-05-31 00:01:10,226
0,31-MAY-18,514086,32,34224967,-764778400,96,3442,327,5445121368,2018-05-31 00:01:10,263
0,31-MAY-18,-1,2247,34301000,-764747733,-1,999,-1,5445121369,2018-05-31 00:01:10,788
0,31-MAY-18,-1,-1,34974483,-765023567,-1,-1,-1,5445121381,2018-05-31 00:01:11,1070
0,31-MAY-18,-1,-1,34956867,-765048617,-1,-1,-1,5445121377,2018-05-31 00:01:11,1074
0,31-MAY-18,-1,236,33587783,-765114783,-1,999,-1,5445121383,2018-05-31 00:01:11,1135
0,31-MAY-18,-1,24,34964917,-765072300,-1,999,-1,5445121386,2018-05-31 00:01:11,1178
0,31-MAY-18,504006,155,34889533,-764936583,649,334,233,5445121374,2018-05-31 00:01:11,1212
0,31-MAY-18,-1,-1,34034900,-764761933,-1,-1,-1,5445121384,2018-05-31 00:01:11,259
0,31-MAY-18,-1,-1,34970533,-765030933,-1,-1,-1,5445121376,2018-05-31 00:01:11,297
0,31-MAY-18,-1,6324,33603283,-765118950,-1,999,-1,5445121382,2018-05-31 00:01:11,389
9,31-MAY-18,504008,37,34900483,-764924267,545,2121,1882,5445121380,2018-05-31 00:01:11,53
0,31-MAY-18,-1,-1,33602117,-765122117,-1,-1,-1,5445121373,2018-05-31 00:01:11,628
0,31-MAY-18,-1,1281,34557217,-764843617,176,1571,9949,5445121378,2018-05-31 00:01:11,653
0,31-MAY-18,-1,-1,33590033,-765112983,-1,-1,-1,5445121375,2018-05-31 00:01:11,67
0,31-MAY-18,-1,1594,34307967,-764752683,-1,999,-1,5445121372,2018-05-31 00:01:11,761
0,31-MAY-18,-1,631,33588767,-765111417,-1,999,-1,5445121379,2018-05-31 00:01:11,828
0,31-MAY-18,-1,-1,34969450,-765038183,-1,-1,-1,5445121385,2018-05-31 00:01:11,894
0,31-MAY-18,-1,-1,33585250,-765111617,401,3121,9831,5445121391,2018-05-31 00:01:12,104
0,31-MAY-18,-1,2771,34961300,-765053067,-1,999,-1,5445121389,2018-05-31 00:01:12,1075
0,31-MAY-18,-1,5,33586017,-765109683,-1,-1,-1,5445121387,2018-05-31 00:01:12,116
0,31-MAY-18,519041,4446,34782700,-765175500,259,305,9992,5445121395,2018-05-31 00:01:12,1189
0,31-MAY-18,514041,6,34108233,-764699250,869,3411,725,5445121396,2018-05-31 00:01:12,253
0,31-MAY-18,514086,32,34226733,-764778067,96,3442,327,5445121392,2018-05-31 00:01:12,263
0,31-MAY-18,-1,-1,33599100,-765121817,-1,-1,-1,5445121390,2018-05-31 00:01:12,402
0,31-MAY-18,-1,-1,33600850,-765117717,-1,-1,-1,5445121393,2018-05-31 00:01:12,437
0,31-MAY-18,-1,594,34299533,-764746333,-1,999,-1,5445121388,2018-05-31 00:01:12,797
0,31-MAY-18,-1,-1,34044083,-764761783,-1,999,-1,5445121394,2018-05-31 00:01:12,910
0,31-MAY-18,504005,539,34892967,-764928017,393,333,317,5445121398,2018-05-31 00:01:13,1210
0,31-MAY-18,514041,38,34107367,-764699267,869,3411,725,5445121402,2018-05-31 00:01:13,253
0,31-MAY-18,514041,38,34107367,-764699267,869,3411,725,5445121405,2018-05-31 00:01:13,253
0,31-MAY-18,-1,307,34960083,-765043050,-1,999,-1,5445121404,2018-05-31 00:01:13,300
0,31-MAY-18,511274,1566,33705183,-765209017,702,2211,9874,5445121401,2018-05-31 00:01:13,312
0,31-MAY-18,-1,5,34035467,-764763267,115,150,9948,5445121397,2018-05-31 00:01:13,551
0,31-MAY-18,-1,403,33586333,-765111033,-1,999,-1,5445121403,2018-05-31 00:01:13,65
0,31-MAY-18,501703,12675,-1,-1,-1,-1,-1,5445121400,2018-05-31 00:01:13,706
0,31-MAY-18,-1,-1,34294183,-764746933,-1,-1,-1,5445121399,2018-05-31 00:01:13,974
0,31-MAY-18,-1,-1,34040967,-764756583,-1,-1,-1,5445121408,2018-05-31 00:01:14,239
0,31-MAY-18,-1,1182,34300517,-764747333,-1,999,-1,5445121406,2018-05-31 00:01:14,785
0,31-MAY-18,-1,-1,34971217,-765034833,-1,-1,-1,5445121407,2018-05-31 00:01:14,809
0,31-MAY-18,-1,195,34291400,-764748183,-1,999,-1,5445121409,2018-05-31 00:01:14,953
0,31-MAY-18,-1,3745,33587750,-765111617,-1,999,-1,5445121417,2018-05-31 00:01:15,1008
0,31-MAY-18,513199,146,34744067,-764934517,436,3372,254,5445121420,2018-05-31 00:01:15,1193
0,31-MAY-18,512144,2,34841883,-765099117,799,323,228,5445121419,2018-05-31 00:01:15,1214
0,31-MAY-18,-1,-1,34978000,-765018867,-1,-1,-1,5445121416,2018-05-31 00:01:15,155
0,31-MAY-18,514195,90,34350367,-764728833,455,347,743,5445121412,2018-05-31 00:01:15,226
0,31-MAY-18,-1,9248,33592283,-765121300,-1,999,-1,5445121413,2018-05-31 00:01:15,414
0,31-MAY-18,-1,15022,34308983,-764753067,-1,999,-1,5445121414,2018-05-31 00:01:15,774
0,31-MAY-18,-1,-1,33603483,-765122350,-1,-1,-1,5445121418,2018-05-31 00:01:15,835
0,31-MAY-18,511483,31,33683450,-765128933,641,3133,591,5445121410,2018-05-31 00:01:15,95
0,31-MAY-18,-1,-1,34294983,-764748233,-1,999,-1,5445121415,2018-05-31 00:01:15,966
0,31-MAY-18,-1,202,33594350,-765113683,-1,999,-1,5445121411,2018-05-31 00:01:15,992
0,31-MAY-18,-1,6272,34290450,-764747417,-1,999,-1,5445121423,2018-05-31 00:01:16,1011
0,31-MAY-18,-1,1963,33586583,-765113533,-1,999,-1,5445121426,2018-05-31 00:01:16,1220
0,31-MAY-18,500058,-1,34426733,-765285517,62,376,9998,5445121432,2018-05-31 00:01:16,1262
0,31-MAY-18,512092,36,34953050,-764992317,754,322,153,5445121425,2018-05-31 00:01:16,200
0,31-MAY-18,-1,-1,33600500,-765122067,-1,-1,-1,5445121422,2018-05-31 00:01:16,23
0,31-MAY-18,514405,156,34044417,-764761150,560,347,9998,5445121434,2018-05-31 00:01:16,240
0,31-MAY-18,514086,5,34230567,-764777250,96,3442,327,5445121430,2018-05-31 00:01:16,263
0,31-MAY-18,-1,361,-1,-1,-1,999,-1,5445121428,2018-05-31 00:01:16,304
0,31-MAY-18,-1,499,34034583,-764761900,707,142,9964,5445121424,2018-05-31 00:01:16,616
0,31-MAY-18,-1,6168,33589133,-765111767,-1,999,-1,5445121427,2018-05-31 00:01:16,66
0,31-MAY-18,515153,147,34075383,-765160533,555,2121,2178,5445121421,2018-05-31 00:01:16,844
0,31-MAY-18,511204,-1,33857083,-765446200,611,3191,9892,5445121433,2018-05-31 00:01:16,900
0,31-MAY-18,-1,-1,34035117,-764758767,-1,-1,-1,5445121431,2018-05-31 00:01:16,929
0,31-MAY-18,-1,22523,33591233,-765114183,-1,999,-1,5445121429,2018-05-31 00:01:16,991
0,31-MAY-18,-1,553,33602517,-765120533,-1,999,-1,5445121441,2018-05-31 00:01:17,1002
0,31-MAY-18,502302,800,33611450,-765242383,842,3141,290,5445121440,2018-05-31 00:01:17,1009
0,31-MAY-18,-1,719,33589350,-765114033,-1,999,-1,5445121435,2018-05-31 00:01:17,1033
0,31-MAY-18,504008,6,34903217,-764923333,511,2121,1884,5445121442,2018-05-31 00:01:17,1078
0,31-MAY-18,500153,7852,34294117,-764745083,-1,999,-1,5445121437,2018-05-31 00:01:17,1109
0,31-MAY-18,-1,4762,34448867,-765365317,-1,999,-1,5445121439,2018-05-31 00:01:17,1202
0,31-MAY-18,-1,-1,33601833,-765122050,-1,-1,-1,5445121436,2018-05-31 00:01:17,780
0,31-MAY-18,500162,229,34438300,-764819883,622,3441,501,5445121438,2018-05-31 00:01:17,970
0,31-MAY-18,-1,-1,34972033,-765027567,-1,-1,-1,5445121444,2018-05-31 00:01:18,1051
0,31-MAY-18,513167,3,34779317,-764929750,79,336,441,5445121443,2018-05-31 00:01:18,1211
0,31-MAY-18,-1,168,34293283,-764749217,-1,999,-1,5445121445,2018-05-31 00:01:18,977
0,31-MAY-18,-1,-1,34300433,-764748400,-1,-1,-1,5445121452,2018-05-31 00:01:19,1095
0,31-MAY-18,-1,110,34294167,-764750050,-1,999,-1,5445121447,2018-05-31 00:01:19,1112
0,31-MAY-18,511099,-1,33823000,-765203083,373,2211,552,5445121451,2018-05-31 00:01:19,1139
0,31-MAY-18,-1,-1,34970950,-765035333,-1,-1,-1,5445121446,2018-05-31 00:01:19,137
0,31-MAY-18,511059,8111,33801850,-765373933,580,3192,9996,5445121456,2018-05-31 00:01:19,281
0,31-MAY-18,514487,6,34277667,-764671583,733,355,222,5445121450,2018-05-31 00:01:19,700
0,31-MAY-18,-1,-1,34955150,-765050667,-1,999,-1,5445121449,2018-05-31 00:01:19,817
0,31-MAY-18,504016,7078,34412467,-765195767,497,131,9921,5445121454,2018-05-31 00:01:19,837
0,31-MAY-18,513316,-1,34907067,-764917067,215,553,615,5445121455,2018-05-31 00:01:19,899
0,31-MAY-18,-1,-1,34047583,-764759700,-1,-1,-1,5445121453,2018-05-31 00:01:19,935
0,31-MAY-18,-1,5814,34034900,-764758983,-1,999,-1,5445121448,2018-05-31 00:01:19,936
0,31-MAY-18,511441,-1,33592917,-765117900,657,3124,9881,5445121462,2018-05-31 00:01:20,103
0,31-MAY-18,502651,-1,34215083,-764905383,861,2842,433,5445121459,2018-05-31 00:01:20,1096
0,31-MAY-18,-1,507,34300517,-764748567,-1,999,-1,5445121464,2018-05-31 00:01:20,1113
0,31-MAY-18,-1,5462,33586933,-765110800,-1,999,-1,5445121463,2018-05-31 00:01:20,1154
0,31-MAY-18,514347,509,34519200,-764841233,1087,3452,179,5445121465,2018-05-31 00:01:20,1263
0,31-MAY-18,502302,4,33664700,-765281183,154,3141,9984,5445121466,2018-05-31 00:01:20,32
0,31-MAY-18,-1,-1,-1,-1,-1,999,-1,5445121457,2018-05-31 00:01:20,725
0,31-MAY-18,516088,-1,34077583,-765162583,555,2121,2178,5445121460,2018-05-31 00:01:20,844
0,31-MAY-18,-1,1336,34041267,-764758933,-1,999,-1,5445121461,2018-05-31 00:01:20,932
0,31-MAY-18,511483,81,33683550,-765133717,641,3133,591,5445121458,2018-05-31 00:01:20,95
0,31-MAY-18,500165,3521,34293083,-764749383,-1,999,-1,5445121472,2018-05-31 00:01:21,1045
0,31-MAY-18,-1,1132,34907417,-765096467,-1,999,-1,5445121470,2018-05-31 00:01:21,1068
0,31-MAY-18,-1,13316,34964367,-765057683,-1,999,-1,5445121471,2018-05-31 00:01:21,203
0,31-MAY-18,514235,-1,34099867,-764699300,869,3411,725,5445121467,2018-05-31 00:01:21,253
0,31-MAY-18,-1,-1,34038200,-764753700,-1,-1,-1,5445121469,2018-05-31 00:01:21,288
0,31-MAY-18,514487,35,34278983,-764669900,733,355,222,5445121475,2018-05-31 00:01:21,700
0,31-MAY-18,502650,522,34183600,-764867133,148,2842,865,5445121474,2018-05-31 00:01:21,739
0,31-MAY-18,-1,12518,34289067,-764738550,-1,999,-1,5445121468,2018-05-31 00:01:21,847
0,31-MAY-18,502313,-1,33668117,-765283433,598,3172,192,5445121473,2018-05-31 00:01:21,94
0,31-MAY-18,511483,1,33497383,-765236317,590,3133,589,5445121476,2018-05-31 00:01:21,98
0,31-MAY-18,-1,6926,34971517,-765044250,-1,999,-1,5445121481,2018-05-31 00:01:22,1076
0,31-MAY-18,-1,12267,33591717,-765120900,-1,999,-1,5445121487,2018-05-31 00:01:22,1138
0,31-MAY-18,511264,-1,33608350,-765308567,1045,3141,586,5445121479,2018-05-31 00:01:22,1145
0,31-MAY-18,-1,8313,34953450,-765053883,-1,999,-1,5445121489,2018-05-31 00:01:22,1190
0,31-MAY-18,-1,1643,34964167,-765054533,-1,999,-1,5445121477,2018-05-31 00:01:22,1192
0,31-MAY-18,-1,-1,34977083,-765034417,-1,-1,-1,5445121480,2018-05-31 00:01:22,1205
0,31-MAY-18,513167,34,34780467,-764929500,79,336,441,5445121482,2018-05-31 00:01:22,1211
0,31-MAY-18,-1,1598,34040417,-764763967,-1,999,-1,5445121488,2018-05-31 00:01:22,258
0,31-MAY-18,514487,35,34279617,-764669100,733,355,222,5445121486,2018-05-31 00:01:22,700
0,31-MAY-18,-1,-1,34293433,-764740517,-1,-1,-1,5445121485,2018-05-31 00:01:22,740
0,31-MAY-18,516088,32,34078817,-765163667,555,2121,2178,5445121484,2018-05-31 00:01:22,844
0,31-MAY-18,-1,-1,34035333,-764761950,-1,999,-1,5445121478,2018-05-31 00:01:22,924
0,31-MAY-18,515190,1132,34172517,-764774617,105,353,9904,5445121483,2018-05-31 00:01:22,949
0,31-MAY-18,513041,32,34992783,-764923917,110,321,9893,5445121494,2018-05-31 00:01:23,1067
0,31-MAY-18,504008,22,34901967,-764924683,511,2121,1884,5445121492,2018-05-31 00:01:23,1078
0,31-MAY-18,511099,31,33826783,-765202917,373,2211,552,5445121498,2018-05-31 00:01:23,1139
0,31-MAY-18,511264,35,33612550,-765310117,1045,3141,586,5445121491,2018-05-31 00:01:23,1145
0,31-MAY-18,-1,-1,33584783,-765113300,-1,-1,-1,5445121499,2018-05-31 00:01:23,1159
0,31-MAY-18,514196,2,34342733,-764724433,455,347,743,5445121495,2018-05-31 00:01:23,226
0,31-MAY-18,-1,-1,33586350,-765112383,-1,-1,-1,5445121497,2018-05-31 00:01:23,30
0,31-MAY-18,-1,-1,33587067,-765115450,-1,-1,-1,5445121493,2018-05-31 00:01:23,81
0,31-MAY-18,516088,32,34079433,-765164250,555,2121,2178,5445121496,2018-05-31 00:01:23,844
0,31-MAY-18,-1,-1,34300100,-764748150,-1,-1,-1,5445121490,2018-05-31 00:01:23,984
0,31-MAY-18,-1,209,34985883,-765039517,-1,999,-1,5445121509,2018-05-31 00:01:24,1073
0,31-MAY-18,511350,-1,33770533,-765598800,160,3122,334,5445121512,2018-05-31 00:01:24,124
0,31-MAY-18,-1,-1,34963233,-765040250,-1,-1,-1,5445121504,2018-05-31 00:01:24,192
0,31-MAY-18,-1,766,32973900,-765221583,-1,999,-1,5445121506,2018-05-31 00:01:24,199
0,31-MAY-18,514195,-1,34342250,-764724083,455,347,743,5445121508,2018-05-31 00:01:24,226
0,31-MAY-18,-1,-1,34971717,-765027950,-1,-1,-1,5445121510,2018-05-31 00:01:24,5
0,31-MAY-18,-1,323,33589067,-765111800,-1,999,-1,5445121507,2018-05-31 00:01:24,51
0,31-MAY-18,-1,58,34297883,-764753500,-1,999,-1,5445121503,2018-05-31 00:01:24,717
0,31-MAY-18,-1,613,34297817,-764744983,-1,999,-1,5445121500,2018-05-31 00:01:24,743
0,31-MAY-18,502304,14239,34289117,-764747533,-1,999,-1,5445121502,2018-05-31 00:01:24,746
0,31-MAY-18,-1,-1,33604550,-765119417,-1,-1,-1,5445121505,2018-05-31 00:01:24,832
0,31-MAY-18,-1,4120,33582883,-765115883,-1,999,-1,5445121513,2018-05-31 00:01:24,856
0,31-MAY-18,-1,5811,33594583,-765119433,-1,999,-1,5445121511,2018-05-31 00:01:24,88
0,31-MAY-18,502100,12815,34286683,-764773583,832,2274,9927,5445121501,2018-05-31 00:01:24,975
0,31-MAY-18,-1,216,34292400,-764748500,-1,999,-1,5445121515,2018-05-31 00:01:25,1111
0,31-MAY-18,511099,31,33830450,-765202800,373,2211,552,5445121527,2018-05-31 00:01:25,1139
0,31-MAY-18,514347,553,34520017,-764845683,1087,3452,179,5445121526,2018-05-31 00:01:25,1263
0,31-MAY-18,513186,-1,34733567,-764994717,625,332,308,5445121514,2018-05-31 00:01:25,193
0,31-MAY-18,514235,32,34096500,-764699450,869,3411,725,5445121520,2018-05-31 00:01:25,253
0,31-MAY-18,514235,32,34097600,-764699433,869,3411,725,5445121518,2018-05-31 00:01:25,253
0,31-MAY-18,514235,32,34097600,-764699433,869,3411,725,5445121519,2018-05-31 00:01:25,253
0,31-MAY-18,514235,32,34098733,-764699400,869,3411,725,5445121517,2018-05-31 00:01:25,253
0,31-MAY-18,514487,35,34281433,-764666767,733,355,222,5445121525,2018-05-31 00:01:25,700
0,31-MAY-18,514487,35,34281967,-764666083,733,355,222,5445121528,2018-05-31 00:01:25,700
0,31-MAY-18,-1,65,34297500,-764754133,-1,999,-1,5445121521,2018-05-31 00:01:25,767
0,31-MAY-18,-1,1297,34295217,-764750983,-1,999,-1,5445121524,2018-05-31 00:01:25,771
0,31-MAY-18,-1,-1,33593050,-765118383,-1,999,-1,5445121516,2018-05-31 00:01:25,866
0,31-MAY-18,-1,-1,34183817,-765482517,-1,-1,-1,5445121522,2018-05-31 00:01:25,951
0,31-MAY-18,502650,508,34183383,-764867217,618,2841,302,5445121523,2018-05-31 00:01:25,968
0,31-MAY-18,-1,330,33593767,-765115200,-1,999,-1,5445121536,2018-05-31 00:01:26,1007
0,31-MAY-18,504008,22,34900400,-764926450,511,2121,1884,5445121540,2018-05-31 00:01:26,1078
0,31-MAY-18,-1,4146,34039833,-764760433,-1,999,-1,5445121537,2018-05-31 00:01:26,11
0,31-MAY-18,-1,102,34297417,-764753833,-1,999,-1,5445121532,2018-05-31 00:01:26,1107
0,31-MAY-18,513316,-1,34906100,-764918217,471,553,9998,5445121539,2018-05-31 00:01:26,1213
0,31-MAY-18,512144,32,34843083,-765101217,799,323,228,5445121530,2018-05-31 00:01:26,1214
0,31-MAY-18,512144,32,34843083,-765101217,799,323,228,5445121533,2018-05-31 00:01:26,1214
0,31-MAY-18,502100,-1,34959183,-765081250,851,2274,9909,5445121538,2018-05-31 00:01:26,180
0,31-MAY-18,519124,515,-1,-1,729,302,9982,5445121550,2018-05-31 00:01:26,210
0,31-MAY-18,514195,31,34341333,-764723600,455,347,743,5445121546,2018-05-31 00:01:26,226
0,31-MAY-18,-1,-1,34035233,-764758700,-1,-1,-1,5445121543,2018-05-31 00:01:26,241
0,31-MAY-18,511230,193,33751383,-765165817,1091,3131,618,5445121534,2018-05-31 00:01:26,29
0,31-MAY-18,511416,5,33750533,-765165833,1091,3131,618,5445121541,2018-05-31 00:01:26,29
0,31-MAY-18,-1,8908,33591500,-765114783,-1,999,-1,5445121531,2018-05-31 00:01:26,299
0,31-MAY-18,-1,-1,33606567,-765123233,-1,-1,-1,5445121549,2018-05-31 00:01:26,56
0,31-MAY-18,-1,-1,34040233,-764760233,-1,-1,-1,5445121547,2018-05-31 00:01:26,564
0,31-MAY-18,-1,-1,34303783,-764748233,-1,-1,-1,5445121544,2018-05-31 00:01:26,757
0,31-MAY-18,515054,6990,34302283,-764748750,999,2524,728,5445121545,2018-05-31 00:01:26,792
0,31-MAY-18,-1,-1,34968617,-765039200,-1,-1,-1,5445121529,2018-05-31 00:01:26,819
0,31-MAY-18,-1,-1,34973417,-765025417,-1,-1,-1,5445121535,2018-05-31 00:01:26,895
0,31-MAY-18,500104,8350,34263183,-764771967,63,421,9712,5445121542,2018-05-31 00:01:26,960
0,31-MAY-18,-1,612,34304133,-764750050,-1,999,-1,5445121548,2018-05-31 00:01:26,983
0,31-MAY-18,511020,1023,33449567,-765241100,986,3171,261,5445121552,2018-05-31 00:01:27,1006
0,31-MAY-18,502651,-1,34217783,-764908233,861,2842,433,5445121554,2018-05-31 00:01:27,1096
0,31-MAY-18,-1,263,34956867,-765047583,-1,999,-1,5445121561,2018-05-31 00:01:27,1185
0,31-MAY-18,-1,163,34954667,-765054017,-1,999,-1,5445121553,2018-05-31 00:01:27,1195
0,31-MAY-18,511352,7348,33485767,-765239567,276,3122,9931,5445121558,2018-05-31 00:01:27,121
0,31-MAY-18,-1,-1,33592467,-765118133,-1,999,-1,5445121560,2018-05-31 00:01:27,1233
0,31-MAY-18,514195,31,34340883,-764723367,455,347,743,5445121555,2018-05-31 00:01:27,226
0,31-MAY-18,-1,40,33594467,-765116700,-1,999,-1,5445121559,2018-05-31 00:01:27,24
0,31-MAY-18,-1,177,33580267,-765120567,-1,999,-1,5445121551,2018-05-31 00:01:27,54
0,31-MAY-18,516088,32,34081783,-765166633,555,2121,2178,5445121556,2018-05-31 00:01:27,844
0,31-MAY-18,-1,10127,34970583,-765036000,-1,999,-1,5445121557,2018-05-31 00:01:27,889
0,31-MAY-18,-1,-1,34969667,-765037500,-1,-1,-1,5445121565,2018-05-31 00:01:28,1026
0,31-MAY-18,500154,1512,34265300,-764770600,770,2473,9851,5445121564,2018-05-31 00:01:28,1103
0,31-MAY-18,-1,506,34303350,-764749583,-1,999,-1,5445121569,2018-05-31 00:01:28,1115
0,31-MAY-18,-1,5762,33593600,-765119067,-1,999,-1,5445121566,2018-05-31 00:01:28,1129
0,31-MAY-18,502311,476,33638133,-765243383,228,3131,305,5445121571,2018-05-31 00:01:28,1130
0,31-MAY-18,501401,4568,34863750,-765120733,917,2301,9934,5445121567,2018-05-31 00:01:28,1179
0,31-MAY-18,-1,-1,33587383,-765113233,314,3133,9886,5445121573,2018-05-31 00:01:28,123
0,31-MAY-18,-1,-1,33599133,-765118700,-1,-1,-1,5445121568,2018-05-31 00:01:28,50
0,31-MAY-18,-1,638,33591867,-765112083,-1,999,-1,5445121563,2018-05-31 00:01:28,829
0,31-MAY-18,-1,-1,33593717,-765116750,-1,-1,-1,5445121570,2018-05-31 00:01:28,836
0,31-MAY-18,514405,683,34039400,-764764767,-1,999,-1,5445121572,2018-05-31 00:01:28,937
0,31-MAY-18,502100,13096,34264583,-764772550,832,2274,9927,5445121562,2018-05-31 00:01:28,975
0,31-MAY-18,-1,-1,33582050,-765106650,-1,-1,-1,5445121587,2018-05-31 00:01:29,1223
0,31-MAY-18,-1,-1,33589350,-765120433,-1,-1,-1,5445121579,2018-05-31 00:01:29,18
0,31-MAY-18,500113,-1,34897800,-765088367,337,552,1526,5445121585,2018-05-31 00:01:29,181
0,31-MAY-18,-1,1187,34964317,-765056000,-1,999,-1,5445121577,2018-05-31 00:01:29,190
0,31-MAY-18,512092,167,34940967,-765001300,754,322,153,5445121580,2018-05-31 00:01:29,200
0,31-MAY-18,-1,-1,34516650,-765495533,729,302,9982,5445121586,2018-05-31 00:01:29,210
0,31-MAY-18,-1,-1,34045833,-764757950,-1,-1,-1,5445121578,2018-05-31 00:01:29,238
0,31-MAY-18,514235,103,34091150,-764699533,869,3411,725,5445121575,2018-05-31 00:01:29,253
0,31-MAY-18,-1,-1,33586833,-765111433,-1,999,-1,5445121574,2018-05-31 00:01:29,26
0,31-MAY-18,500058,-1,34218800,-764826483,446,376,9988,5445121588,2018-05-31 00:01:29,269
0,31-MAY-18,-1,2758,33592750,-765114750,-1,999,-1,5445121581,2018-05-31 00:01:29,42
0,31-MAY-18,-1,-1,33590567,-765112250,-1,-1,-1,5445121582,2018-05-31 00:01:29,44
0,31-MAY-18,-1,-1,34302883,-764749433,-1,999,-1,5445121584,2018-05-31 00:01:29,744
0,31-MAY-18,-1,-1,33771983,-765428833,-1,999,-1,5445121583,2018-05-31 00:01:29,873
0,31-MAY-18,-1,-1,34035150,-764758767,-1,-1,-1,5445121576,2018-05-31 00:01:29,929
0,31-MAY-18,-1,503,34954750,-765054050,-1,999,-1,5445121592,2018-05-31 00:01:30,1025
0,31-MAY-18,-1,5043,34972017,-765009517,-1,999,-1,5445121591,2018-05-31 00:01:30,1063
0,31-MAY-18,504008,8,34899017,-764928083,511,2121,1884,5445121589,2018-05-31 00:01:30,1078
0,31-MAY-18,-1,1192,34973883,-765007900,-1,999,-1,5445121602,2018-05-31 00:01:30,1173
0,31-MAY-18,-1,-1,34972850,-765005667,-1,999,-1,5445121601,2018-05-31 00:01:30,1197
0,31-MAY-18,-1,3492,33594350,-765114700,-1,999,-1,5445121594,2018-05-31 00:01:30,128
0,31-MAY-18,519192,-1,34510433,-765409900,937,306,9982,5445121590,2018-05-31 00:01:30,198
0,31-MAY-18,514271,18,34090100,-764699517,869,3411,725,5445121593,2018-05-31 00:01:30,253
0,31-MAY-18,-1,-1,34289467,-764738617,-1,999,-1,5445121596,2018-05-31 00:01:30,34
0,31-MAY-18,-1,398,33595317,-765117967,-1,999,-1,5445121595,2018-05-31 00:01:30,382
0,31-MAY-18,-1,-1,33599500,-765118817,-1,-1,-1,5445121598,2018-05-31 00:01:30,413
0,31-MAY-18,-1,4989,33594283,-765118200,-1,999,-1,5445121599,2018-05-31 00:01:30,439
0,31-MAY-18,517076,9729,34248667,-764946350,561,373,9986,5445121600,2018-05-31 00:01:30,764
0,31-MAY-18,511407,-1,33684233,-765143933,641,3133,591,5445121597,2018-05-31 00:01:30,95
0,31-MAY-18,-1,3926,34290500,-764749017,-1,999,-1,5445121610,2018-05-31 00:01:31,1093
0,31-MAY-18,-1,11761,34265750,-764771133,-1,999,-1,5445121603,2018-05-31 00:01:31,1094
0,31-MAY-18,-1,-1,34293933,-764750083,-1,999,-1,5445121605,2018-05-31 00:01:31,1108
0,31-MAY-18,-1,221,34961950,-765053483,-1,999,-1,5445121611,2018-05-31 00:01:31,166
0,31-MAY-18,-1,-1,34974850,-765022300,-1,-1,-1,5445121613,2018-05-31 00:01:31,177
0,31-MAY-18,513186,32,34738783,-764996017,625,332,308,5445121606,2018-05-31 00:01:31,193
0,31-MAY-18,513186,32,34738783,-764996017,625,332,308,5445121608,2018-05-31 00:01:31,193
0,31-MAY-18,514271,38,34088967,-764699533,869,3411,725,5445121607,2018-05-31 00:01:31,253
0,31-MAY-18,500168,-1,34230167,-764704700,1167,3441,9949,5445121609,2018-05-31 00:01:31,260
0,31-MAY-18,514086,151,34244683,-764774633,96,3442,327,5445121612,2018-05-31 00:01:31,263
0,31-MAY-18,511416,31,33746067,-765165733,1091,3131,618,5445121604,2018-05-31 00:01:31,29
0,31-MAY-18,511051,-1,33703467,-765632100,116,3192,227,5445121625,2018-05-31 00:01:32,119
0,31-MAY-18,517076,4114,34330400,-765423050,614,373,9980,5445121626,2018-05-31 00:01:32,186
0,31-MAY-18,-1,-1,33616683,-765097317,-1,-1,-1,5445121618,2018-05-31 00:01:32,19
0,31-MAY-18,-1,5534,34959700,-765043783,-1,999,-1,5445121627,2018-05-31 00:01:32,213
0,31-MAY-18,500163,207,34042300,-764762933,188,1472,9759,5445121616,2018-05-31 00:01:32,219
0,31-MAY-18,514195,1,34340600,-764723117,455,347,743,5445121621,2018-05-31 00:01:32,226
0,31-MAY-18,511416,31,33746067,-765165733,1091,3131,618,5445121614,2018-05-31 00:01:32,29
0,31-MAY-18,-1,-1,34970817,-765030017,-1,-1,-1,5445121622,2018-05-31 00:01:32,293
0,31-MAY-18,-1,3227,34957467,-765046883,-1,999,-1,5445121619,2018-05-31 00:01:32,307
0,31-MAY-18,501850,14066,34293050,-764750400,-1,999,-1,5445121624,2018-05-31 00:01:32,45
0,31-MAY-18,-1,-1,34045867,-764760967,-1,999,-1,5445121615,2018-05-31 00:01:32,618
0,31-MAY-18,-1,-1,33599867,-765117517,-1,-1,-1,5445121623,2018-05-31 00:01:32,68
0,31-MAY-18,-1,-1,34046783,-764757333,874,3411,9990,5445121617,2018-05-31 00:01:32,928
0,31-MAY-18,502300,11872,34207567,-764814183,178,421,9740,5445121620,2018-05-31 00:01:32,959
0,31-MAY-18,-1,6135,33574900,-765123550,-1,999,-1,5445121633,2018-05-31 00:01:33,1046
0,31-MAY-18,-1,897,34290133,-764748233,-1,999,-1,5445121631,2018-05-31 00:01:33,1110
0,31-MAY-18,-1,-1,33593950,-765120167,-1,999,-1,5445121634,2018-05-31 00:01:33,1161
0,31-MAY-18,-1,-1,34974683,-765022933,-1,-1,-1,5445121632,2018-05-31 00:01:33,1176
0,31-MAY-18,514271,38,34086617,-764699600,869,3411,725,5445121630,2018-05-31 00:01:33,253
0,31-MAY-18,-1,253,33594717,-765115367,-1,999,-1,5445121635,2018-05-31 00:01:33,37
0,31-MAY-18,-1,-1,34302050,-764746883,-1,-1,-1,5445121629,2018-05-31 00:01:33,772
0,31-MAY-18,514235,5,34096417,-764699167,790,2841,300,5445121636,2018-05-31 00:01:33,789
0,31-MAY-18,-1,-1,33609283,-765121383,-1,-1,-1,5445121637,2018-05-31 00:01:33,848
0,31-MAY-18,-1,101,34047767,-764757383,-1,999,-1,5445121628,2018-05-31 00:01:33,926
0,31-MAY-18,511264,101,33618567,-765312217,1045,3141,586,5445121641,2018-05-31 00:01:34,1145
0,31-MAY-18,-1,-1,-1,-1,-1,-1,-1,5445121644,2018-05-31 00:01:34,151
0,31-MAY-18,514304,269,34328267,-764846233,606,353,495,5445121640,2018-05-31 00:01:34,272
0,31-MAY-18,-1,-1,34970700,-765035600,-1,-1,-1,5445121642,2018-05-31 00:01:34,805
0,31-MAY-18,-1,-1,34970233,-765036617,-1,-1,-1,5445121639,2018-05-31 00:01:34,813
0,31-MAY-18,-1,6088,33593433,-765121550,-1,999,-1,5445121643,2018-05-31 00:01:34,850
0,31-MAY-18,-1,-1,34970067,-765037050,-1,-1,-1,5445121638,2018-05-31 00:01:34,893
0,31-MAY-18,-1,-1,33591833,-765113283,-1,-1,-1,5445121649,2018-05-31 00:01:35,1124
0,31-MAY-18,-1,3379,34964600,-765058783,-1,999,-1,5445121653,2018-05-31 00:01:35,145
0,31-MAY-18,-1,13316,34964383,-765057650,-1,999,-1,5445121655,2018-05-31 00:01:35,203
0,31-MAY-18,-1,1907,34059000,-764748733,-1,999,-1,5445121652,2018-05-31 00:01:35,227
0,31-MAY-18,514271,38,34084567,-764699667,869,3411,725,5445121650,2018-05-31 00:01:35,253
0,31-MAY-18,-1,220,33591167,-765121083,-1,999,-1,5445121647,2018-05-31 00:01:35,27
0,31-MAY-18,-1,9659,34032667,-764765150,-1,999,-1,5445121648,2018-05-31 00:01:35,285
0,31-MAY-18,-1,-1,33587350,-765120667,-1,999,-1,5445121651,2018-05-31 00:01:35,71
0,31-MAY-18,-1,616,34300083,-764747017,-1,999,-1,5445121656,2018-05-31 00:01:35,745
0,31-MAY-18,500050,-1,34357750,-764798317,721,557,2381,5445121646,2018-05-31 00:01:35,765
0,31-MAY-18,-1,62,34300300,-764754567,-1,999,-1,5445121654,2018-05-31 00:01:35,775
0,31-MAY-18,514482,331,34098117,-764699117,790,2841,300,5445121658,2018-05-31 00:01:35,789
0,31-MAY-18,-1,-1,34969167,-765038550,-1,-1,-1,5445121657,2018-05-31 00:01:35,815
0,31-MAY-18,-1,-1,34300700,-764749700,-1,-1,-1,5445121645,2018-05-31 00:01:35,962
0,31-MAY-18,-1,113,33590350,-765114417,-1,999,-1,5445121659,2018-05-31 00:01:36,1049
0,31-MAY-18,-1,1415,34963383,-765037150,-1,999,-1,5445121662,2018-05-31 00:01:36,1071
0,31-MAY-18,-1,254,34308150,-764752483,-1,999,-1,5445121665,2018-05-31 00:01:36,1155
0,31-MAY-18,-1,-1,33592417,-765117700,-1,-1,-1,5445121666,2018-05-31 00:01:36,1217
0,31-MAY-18,519281,10268,34958017,-765045733,-1,999,-1,5445121660,2018-05-31 00:01:36,188
0,31-MAY-18,-1,15687,33590833,-765118983,-1,-1,-1,5445121667,2018-05-31 00:01:36,314
0,31-MAY-18,-1,-1,33601467,-765122033,-1,-1,-1,5445121661,2018-05-31 00:01:36,626
0,31-MAY-18,-1,7757,33590200,-765111867,-1,999,-1,5445121668,2018-05-31 00:01:36,863
0,31-MAY-18,-1,17819,34964733,-765060200,-1,999,-1,5445121663,2018-05-31 00:01:36,888
0,31-MAY-18,511407,33,33684183,-765149917,641,3133,591,5445121664,2018-05-31 00:01:36,95
0,31-MAY-18,-1,-1,34963717,-765037800,-1,-1,-1,5445121669,2018-05-31 00:01:37,1061
0,31-MAY-18,511379,-1,33706667,-765634450,116,3192,227,5445121676,2018-05-31 00:01:37,119
0,31-MAY-18,511351,-1,33778850,-765604933,160,3122,334,5445121675,2018-05-31 00:01:37,124
0,31-MAY-18,504007,626,34901983,-764920917,896,3351,529,5445121673,2018-05-31 00:01:37,202
0,31-MAY-18,500164,285,34439300,-764820367,904,3411,356,5445121674,2018-05-31 00:01:37,250
0,31-MAY-18,-1,-1,34282333,-765002033,-1,-1,-1,5445121672,2018-05-31 00:01:37,251
0,31-MAY-18,500166,1,-1,-1,53,3442,9964,5445121671,2018-05-31 00:01:37,274
0,31-MAY-18,-1,-1,33592183,-765120033,-1,-1,-1,5445121678,2018-05-31 00:01:37,43
0,31-MAY-18,-1,-1,34302417,-764747150,-1,-1,-1,5445121677,2018-05-31 00:01:37,759
0,31-MAY-18,-1,-1,34968483,-765038283,-1,-1,-1,5445121670,2018-05-31 00:01:37,8
0,31-MAY-18,-1,367,34959000,-765043783,-1,999,-1,5445121681,2018-05-31 00:01:38,1172
0,31-MAY-18,-1,-1,34957983,-765054300,-1,999,-1,5445121680,2018-05-31 00:01:38,1203
0,31-MAY-18,-1,3382,34964600,-765058650,-1,999,-1,5445121679,2018-05-31 00:01:38,145
0,31-MAY-18,-1,-1,34037350,-764754233,-1,-1,-1,5445121689,2018-05-31 00:01:38,289
0,31-MAY-18,-1,-1,33605867,-765121933,-1,-1,-1,5445121683,2018-05-31 00:01:38,632
0,31-MAY-18,514379,5,34185817,-764861917,148,2842,865,5445121686,2018-05-31 00:01:38,739
0,31-MAY-18,-1,230,34287933,-764746617,-1,999,-1,5445121687,2018-05-31 00:01:38,747
0,31-MAY-18,-1,19094,34293867,-764746367,-1,999,-1,5445121685,2018-05-31 00:01:38,749
0,31-MAY-18,514235,34,34100867,-764699083,790,2841,300,5445121688,2018-05-31 00:01:38,789
0,31-MAY-18,-1,-1,34043200,-764761500,-1,-1,-1,5445121684,2018-05-31 00:01:38,919
0,31-MAY-18,-1,-1,34034233,-764762283,-1,999,-1,5445121682,2018-05-31 00:01:38,940
0,31-MAY-18,-1,-1,33591200,-765113183,-1,-1,-1,5445121695,2018-05-31 00:01:39,1048
0,31-MAY-18,-1,106,34964500,-765065300,-1,999,-1,5445121693,2018-05-31 00:01:39,1178
0,31-MAY-18,513167,190,34787867,-764927517,79,336,441,5445121694,2018-05-31 00:01:39,1211
0,31-MAY-18,-1,-1,34978350,-765020483,-1,-1,-1,5445121690,2018-05-31 00:01:39,183
0,31-MAY-18,-1,1629,34584983,-764829900,176,1571,9949,5445121697,2018-05-31 00:01:39,653
0,31-MAY-18,-1,-1,34304583,-764750350,-1,999,-1,5445121691,2018-05-31 00:01:39,709
0,31-MAY-18,-1,2247,34301033,-764747733,-1,999,-1,5445121698,2018-05-31 00:01:39,788
0,31-MAY-18,-1,-1,33591283,-765112100,-1,-1,-1,5445121692,2018-05-31 00:01:39,823
0,31-MAY-18,-1,-1,33586667,-765120083,-1,-1,-1,5445121696,2018-05-31 00:01:39,83
0,31-MAY-18,-1,-1,33591050,-765112400,-1,-1,-1,5445121700,2018-05-31 00:01:40,1144
0,31-MAY-18,-1,335,33594233,-765119083,-1,999,-1,5445121699,2018-05-31 00:01:40,125
0,31-MAY-18,-1,-1,34301283,-764749033,-1,-1,-1,5445121703,2018-05-31 00:01:40,802
0,31-MAY-18,-1,631,33588750,-765111433,-1,999,-1,5445121702,2018-05-31 00:01:40,828
0,31-MAY-18,516090,6,34088433,-765173033,555,2121,2178,5445121701,2018-05-31 00:01:40,844
0,31-MAY-18,-1,2789,34960150,-765053533,-1,999,-1,5445121714,2018-05-31 00:01:41,1075
0,31-MAY-18,-1,236,33587783,-765114800,-1,999,-1,5445121706,2018-05-31 00:01:41,1135
0,31-MAY-18,-1,3150,34953200,-765054183,-1,999,-1,5445121715,2018-05-31 00:01:41,1184
0,31-MAY-18,512144,19,34845283,-765104700,799,323,228,5445121709,2018-05-31 00:01:41,1214
0,31-MAY-18,-1,-1,33584450,-765111017,-1,-1,-1,5445121704,2018-05-31 00:01:41,130
0,31-MAY-18,-1,-1,34035767,-764763183,-1,-1,-1,5445121705,2018-05-31 00:01:41,218
0,31-MAY-18,-1,-1,34035583,-764761683,-1,-1,-1,5445121708,2018-05-31 00:01:41,221
0,31-MAY-18,500166,18,34448983,-764832783,53,3442,9964,5445121711,2018-05-31 00:01:41,274
0,31-MAY-18,-1,-1,34040717,-764756417,-1,-1,-1,5445121707,2018-05-31 00:01:41,624
0,31-MAY-18,-1,1651,34303667,-764754683,-1,999,-1,5445121712,2018-05-31 00:01:41,761
0,31-MAY-18,-1,594,34299533,-764746333,-1,999,-1,5445121713,2018-05-31 00:01:41,797
0,31-MAY-18,-1,-1,34046783,-764757317,874,3411,9990,5445121710,2018-05-31 00:01:41,928
0,31-MAY-18,500101,12510,34294417,-764750583,-1,999,-1,5445121720,2018-05-31 00:01:42,1005
0,31-MAY-18,-1,-1,34957033,-765048233,-1,-1,-1,5445121729,2018-05-31 00:01:42,1074
0,31-MAY-18,-1,1043,34974017,-765008283,-1,999,-1,5445121721,2018-05-31 00:01:42,1077
0,31-MAY-18,-1,5,33586033,-765109667,-1,-1,-1,5445121723,2018-05-31 00:01:42,116
0,31-MAY-18,504006,399,34889300,-764931617,649,334,233,5445121727,2018-05-31 00:01:42,1212
0,31-MAY-18,512144,19,34845417,-765104883,799,323,228,5445121719,2018-05-31 00:01:42,1214
0,31-MAY-18,-1,1190,34964133,-765055500,-1,999,-1,5445121722,2018-05-31 00:01:42,190
0,31-MAY-18,-1,-1,34035267,-764758733,-1,-1,-1,5445121724,2018-05-31 00:01:42,241
0,31-MAY-18,-1,-1,34034900,-764761950,-1,-1,-1,5445121718,2018-05-31 00:01:42,259
0,31-MAY-18,-1,-1,34970533,-765030917,-1,-1,-1,5445121730,2018-05-31 00:01:42,297
0,31-MAY-18,-1,-1,34970200,-765031183,-1,-1,-1,5445121732,2018-05-31 00:01:42,636
0,31-MAY-18,-1,-1,33590033,-765113000,-1,-1,-1,5445121731,2018-05-31 00:01:42,67
0,31-MAY-18,501703,12675,-1,-1,-1,-1,-1,5445121717,2018-05-31 00:01:42,706
0,31-MAY-18,514379,31,34189983,-764861833,148,2842,865,5445121728,2018-05-31 00:01:42,739
0,31-MAY-18,-1,-1,34044083,-764761767,-1,999,-1,5445121716,2018-05-31 00:01:42,910
0,31-MAY-18,-1,-1,33567983,-765050583,-1,-1,-1,5445121725,2018-05-31 00:01:42,994
0,31-MAY-18,-1,-1,33577750,-765083050,-1,-1,-1,5445121726,2018-05-31 00:01:42,994
0,31-MAY-18,-1,-1,33585067,-765110133,401,3121,9831,5445121740,2018-05-31 00:01:43,104
0,31-MAY-18,-1,-1,34974500,-765023567,-1,-1,-1,5445121738,2018-05-31 00:01:43,1070
0,31-MAY-18,519041,4446,34782700,-765175517,259,305,9992,5445121735,2018-05-31 00:01:43,1189
0,31-MAY-18,514305,31,34332683,-764843900,606,353,495,5445121733,2018-05-31 00:01:43,272
0,31-MAY-18,-1,307,34960100,-765043050,-1,999,-1,5445121734,2018-05-31 00:01:43,300
0,31-MAY-18,511274,1793,33686700,-765207167,702,2211,9874,5445121737,2018-05-31 00:01:43,312
0,31-MAY-18,-1,-1,33599083,-765121817,-1,-1,-1,5445121741,2018-05-31 00:01:43,402
0,31-MAY-18,504008,407,34872400,-764946450,545,2121,1882,5445121739,2018-05-31 00:01:43,53
0,31-MAY-18,-1,1182,34300517,-764747317,-1,999,-1,5445121742,2018-05-31 00:01:43,785
0,31-MAY-18,-1,-1,34969450,-765038150,-1,-1,-1,5445121736,2018-05-31 00:01:43,894
0,31-MAY-18,-1,9248,33592283,-765121300,-1,999,-1,5445121746,2018-05-31 00:01:44,414
0,31-MAY-18,-1,-1,33600850,-765117700,-1,-1,-1,5445121743,2018-05-31 00:01:44,437
0,31-MAY-18,-1,5,34035467,-764763283,115,150,9948,5445121747,2018-05-31 00:01:44,551
0,31-MAY-18,-1,403,33586367,-765111017,-1,999,-1,5445121745,2018-05-31 00:01:44,65
0,31-MAY-18,-1,195,34291417,-764748167,-1,999,-1,5445121744,2018-05-31 00:01:44,953
0,31-MAY-18,-1,-1,34295500,-764747900,-1,999,-1,5445121751,2018-05-31 00:01:44,966
0,31-MAY-18,514379,5,34186417,-764862150,618,2841,302,5445121748,2018-05-31 00:01:44,968
0,31-MAY-18,-1,-1,34294183,-764746917,-1,-1,-1,5445121750,2018-05-31 00:01:44,974
0,31-MAY-18,-1,202,33594350,-765113717,-1,999,-1,5445121749,2018-05-31 00:01:44,992
0,31-MAY-18,-1,3745,33587767,-765111583,-1,999,-1,5445121752,2018-05-31 00:01:45,1008
0,31-MAY-18,502302,1302,33566217,-765237683,842,3141,290,5445121763,2018-05-31 00:01:45,1009
0,31-MAY-18,-1,6276,34290233,-764747250,-1,999,-1,5445121758,2018-05-31 00:01:45,1011
0,31-MAY-18,-1,719,33589367,-765114050,-1,999,-1,5445121760,2018-05-31 00:01:45,1033
0,31-MAY-18,513199,146,34744067,-764934700,436,3372,254,5445121755,2018-05-31 00:01:45,1193
0,31-MAY-18,513167,9,34790733,-764926200,79,336,441,5445121757,2018-05-31 00:01:45,1211
0,31-MAY-18,514346,6,34523067,-764864133,1087,3452,179,5445121759,2018-05-31 00:01:45,1263
0,31-MAY-18,513187,5,34752583,-765000267,625,332,308,5445121753,2018-05-31 00:01:45,193
0,31-MAY-18,-1,397,-1,-1,-1,999,-1,5445121761,2018-05-31 00:01:45,304
0,31-MAY-18,-1,6324,33603283,-765118950,-1,999,-1,5445121754,2018-05-31 00:01:45,389
0,31-MAY-18,-1,-1,33602117,-765122117,-1,-1,-1,5445121756,2018-05-31 00:01:45,628
0,31-MAY-18,-1,-1,34971200,-765034833,-1,-1,-1,5445121764,2018-05-31 00:01:45,809
0,31-MAY-18,500162,230,34438267,-764819683,622,3441,501,5445121762,2018-05-31 00:01:45,970
0,31-MAY-18,500153,7852,34294233,-764745217,-1,999,-1,5445121776,2018-05-31 00:01:46,1109
0,31-MAY-18,-1,5029,34472833,-765366700,-1,999,-1,5445121771,2018-05-31 00:01:46,1202
0,31-MAY-18,504005,781,34905517,-764911083,393,333,317,5445121769,2018-05-31 00:01:46,1210
0,31-MAY-18,-1,1963,33586600,-765113500,-1,999,-1,5445121774,2018-05-31 00:01:46,1220
0,31-MAY-18,514346,-1,34523333,-764866300,1087,3452,179,5445121772,2018-05-31 00:01:46,1263
0,31-MAY-18,-1,-1,34040967,-764756567,-1,-1,-1,5445121766,2018-05-31 00:01:46,239
0,31-MAY-18,514405,156,34044383,-764761117,560,347,9998,5445121765,2018-05-31 00:01:46,240
0,31-MAY-18,-1,6168,33589150,-765111783,-1,999,-1,5445121773,2018-05-31 00:01:46,66
0,31-MAY-18,-1,15045,34305967,-764753267,-1,999,-1,5445121775,2018-05-31 00:01:46,774
0,31-MAY-18,516090,34,34092983,-765177500,555,2121,2178,5445121767,2018-05-31 00:01:46,844
0,31-MAY-18,516090,34,34092983,-765177500,555,2121,2178,5445121768,2018-05-31 00:01:46,844
0,31-MAY-18,-1,22523,33591233,-765114167,-1,999,-1,5445121770,2018-05-31 00:01:46,991
0,31-MAY-18,-1,564,33602767,-765119750,-1,999,-1,5445121778,2018-05-31 00:01:47,1002
0,31-MAY-18,-1,-1,34953767,-765053483,-1,-1,-1,5445121780,2018-05-31 00:01:47,1032
0,31-MAY-18,-1,-1,34978017,-765018867,-1,-1,-1,5445121777,2018-05-31 00:01:47,155
0,31-MAY-18,-1,-1,33600500,-765122067,-1,-1,-1,5445121781,2018-05-31 00:01:47,23
0,31-MAY-18,-1,499,34034600,-764761933,707,142,9964,5445121782,2018-05-31 00:01:47,616
0,31-MAY-18,-1,-1,33603517,-765122367,-1,-1,-1,5445121779,2018-05-31 00:01:47,835
0,31-MAY-18,-1,110,34294183,-764750067,-1,999,-1,5445121783,2018-05-31 00:01:48,1112
0,31-MAY-18,-1,5462,33586933,-765110783,-1,999,-1,5445121790,2018-05-31 00:01:48,1154
0,31-MAY-18,513167,63,34792483,-764926167,79,336,441,5445121788,2018-05-31 00:01:48,1211
0,31-MAY-18,500058,-1,34423683,-765253050,62,376,9998,5445121786,2018-05-31 00:01:48,1262
0,31-MAY-18,-1,-1,33601850,-765122067,-1,-1,-1,5445121791,2018-05-31 00:01:48,780
0,31-MAY-18,-1,-1,34955150,-765050650,-1,999,-1,5445121789,2018-05-31 00:01:48,817
0,31-MAY-18,511204,-1,33867833,-765447700,611,3191,9892,5445121785,2018-05-31 00:01:48,900
0,31-MAY-18,514379,32,34190200,-764862117,618,2841,302,5445121787,2018-05-31 00:01:48,968
0,31-MAY-18,-1,168,34293300,-764749217,-1,999,-1,5445121784,2018-05-31 00:01:48,977
0,31-MAY-18,511441,-1,33592917,-765117883,657,3124,9881,5445121801,2018-05-31 00:01:49,103
0,31-MAY-18,-1,-1,34300450,-764748400,-1,-1,-1,5445121802,2018-05-31 00:01:49,1095
0,31-MAY-18,504006,471,34895183,-764925617,649,334,233,5445121796,2018-05-31 00:01:49,1212
0,31-MAY-18,514346,-1,34523583,-764869817,1087,3452,179,5445121800,2018-05-31 00:01:49,1263
0,31-MAY-18,511059,8638,33798717,-765326683,580,3192,9996,5445121795,2018-05-31 00:01:49,281
0,31-MAY-18,502302,4,33664667,-765281200,154,3141,9984,5445121798,2018-05-31 00:01:49,32
0,31-MAY-18,-1,-1,-1,-1,-1,999,-1,5445121792,2018-05-31 00:01:49,725
0,31-MAY-18,514379,136,34201117,-764861683,148,2842,865,5445121797,2018-05-31 00:01:49,739
0,31-MAY-18,513316,-1,34907083,-764917050,215,553,615,5445121793,2018-05-31 00:01:49,899
0,31-MAY-18,-1,1336,34041267,-764758900,-1,999,-1,5445121799,2018-05-31 00:01:49,932
0,31-MAY-18,-1,5814,34034900,-764758983,-1,999,-1,5445121794,2018-05-31 00:01:49,936
0,31-MAY-18,500165,3521,34293083,-764749383,-1,999,-1,5445121806,2018-05-31 00:01:50,1045
0,31-MAY-18,502651,21,34219900,-764911217,861,2842,433,5445121804,2018-05-31 00:01:50,1096
0,31-MAY-18,-1,12267,33591717,-765120900,-1,999,-1,5445121807,2018-05-31 00:01:50,1138
0,31-MAY-18,-1,-1,34970950,-765035350,-1,-1,-1,5445121803,2018-05-31 00:01:50,137
0,31-MAY-18,514195,16,34340017,-764722533,455,347,743,5445121805,2018-05-31 00:01:50,226
0,31-MAY-18,514415,-1,34202700,-764861717,148,2842,865,5445121808,2018-05-31 00:01:50,739
0,31-MAY-18,-1,-1,34047583,-764759733,-1,-1,-1,5445121810,2018-05-31 00:01:50,935
0,31-MAY-18,511483,1,33542567,-765233633,590,3133,589,5445121809,2018-05-31 00:01:50,98
0,31-MAY-18,-1,1667,34962067,-765052950,-1,999,-1,5445121812,2018-05-31 00:01:51,1192
0,31-MAY-18,513167,63,34794133,-764926033,79,336,441,5445121815,2018-05-31 00:01:51,1211
0,31-MAY-18,513187,38,34757900,-765001567,625,332,308,5445121811,2018-05-31 00:01:51,193
0,31-MAY-18,-1,1601,34039300,-764764733,-1,999,-1,5445121817,2018-05-31 00:01:51,258
0,31-MAY-18,-1,12518,34289083,-764738550,-1,999,-1,5445121814,2018-05-31 00:01:51,847
0,31-MAY-18,-1,-1,34035283,-764761900,-1,999,-1,5445121813,2018-05-31 00:01:51,924
0,31-MAY-18,502313,-1,33668167,-765283467,598,3172,192,5445121816,2018-05-31 00:01:51,94
0,31-MAY-18,513041,269,35014667,-764928900,110,321,9893,5445121820,2018-05-31 00:01:52,1067
0,31-MAY-18,-1,6937,34970650,-765044583,-1,999,-1,5445121819,2018-05-31 00:01:52,1076
0,31-MAY-18,500166,58,34441817,-764837367,53,3442,9964,5445121821,2018-05-31 00:01:52,274
0,31-MAY-18,-1,-1,34038217,-764753700,-1,-1,-1,5445121818,2018-05-31 00:01:52,288
0,31-MAY-18,515190,1426,34159683,-764751450,105,353,9904,5445121822,2018-05-31 00:01:52,949
0,31-MAY-18,-1,209,34985900,-765039533,-1,999,-1,5445121828,2018-05-31 00:01:53,1073
0,31-MAY-18,-1,507,34300500,-764748700,-1,999,-1,5445121829,2018-05-31 00:01:53,1113
0,31-MAY-18,511052,-1,33716850,-765641767,116,3192,227,5445121834,2018-05-31 00:01:53,119
0,31-MAY-18,511351,-1,33785667,-765613333,160,3122,334,5445121831,2018-05-31 00:01:53,124
0,31-MAY-18,-1,1112,33004317,-765214133,-1,999,-1,5445121823,2018-05-31 00:01:53,199
0,31-MAY-18,-1,58,34297817,-764753433,-1,999,-1,5445121827,2018-05-31 00:01:53,717
0,31-MAY-18,514415,35,34205817,-764861733,148,2842,865,5445121832,2018-05-31 00:01:53,739
0,31-MAY-18,-1,-1,34293450,-764740533,-1,-1,-1,5445121830,2018-05-31 00:01:53,740
0,31-MAY-18,-1,613,34297833,-764744950,-1,999,-1,5445121826,2018-05-31 00:01:53,743
0,31-MAY-18,502304,14239,34289133,-764747533,-1,999,-1,5445121824,2018-05-31 00:01:53,746
0,31-MAY-18,-1,-1,33593050,-765118400,-1,999,-1,5445121825,2018-05-31 00:01:53,866
0,31-MAY-18,-1,5815,33594567,-765119683,-1,999,-1,5445121833,2018-05-31 00:01:53,88
0,31-MAY-18,502651,21,34219883,-764911250,861,2842,433,5445121841,2018-05-31 00:01:54,1096
0,31-MAY-18,-1,216,34292400,-764748500,-1,999,-1,5445121838,2018-05-31 00:01:54,1111
0,31-MAY-18,-1,8313,34953433,-765053900,-1,999,-1,5445121845,2018-05-31 00:01:54,1190
0,31-MAY-18,-1,-1,34976933,-765034633,-1,-1,-1,5445121836,2018-05-31 00:01:54,1205
0,31-MAY-18,-1,-1,33586350,-765112383,-1,-1,-1,5445121843,2018-05-31 00:01:54,30
0,31-MAY-18,-1,323,33589100,-765111817,-1,999,-1,5445121837,2018-05-31 00:01:54,51
0,31-MAY-18,514487,148,34290117,-764667567,733,355,222,5445121844,2018-05-31 00:01:54,700
0,31-MAY-18,-1,1298,34295267,-764750967,-1,999,-1,5445121842,2018-05-31 00:01:54,771
0,31-MAY-18,-1,-1,33587083,-765115450,-1,-1,-1,5445121839,2018-05-31 00:01:54,81
0,31-MAY-18,500104,8480,34273967,-764768667,63,421,9712,5445121840,2018-05-31 00:01:54,960
0,31-MAY-18,-1,-1,34300100,-764748133,-1,-1,-1,5445121835,2018-05-31 00:01:54,984
0,31-MAY-18,-1,330,33593750,-765115183,-1,999,-1,5445121850,2018-05-31 00:01:55,1007
0,31-MAY-18,-1,4146,34039867,-764760467,-1,999,-1,5445121851,2018-05-31 00:01:55,11
0,31-MAY-18,511099,111,33835033,-765202883,373,2211,552,5445121857,2018-05-31 00:01:55,1139
0,31-MAY-18,-1,-1,33584750,-765113233,-1,-1,-1,5445121855,2018-05-31 00:01:55,1159
0,31-MAY-18,502100,-1,34965050,-765075333,851,2274,9909,5445121846,2018-05-31 00:01:55,180
0,31-MAY-18,-1,167,34520617,-765481383,729,302,9982,5445121858,2018-05-31 00:01:55,210
0,31-MAY-18,-1,8908,33591500,-765114783,-1,999,-1,5445121848,2018-05-31 00:01:55,299
0,31-MAY-18,-1,-1,34971783,-765027950,-1,-1,-1,5445121854,2018-05-31 00:01:55,5
0,31-MAY-18,515054,6990,34302250,-764749150,999,2524,728,5445121852,2018-05-31 00:01:55,792
0,31-MAY-18,-1,-1,33604550,-765119433,-1,-1,-1,5445121849,2018-05-31 00:01:55,832
0,31-MAY-18,504016,7438,34382383,-765199000,497,131,9921,5445121847,2018-05-31 00:01:55,837
0,31-MAY-18,-1,4134,33583050,-765114417,-1,999,-1,5445121856,2018-05-31 00:01:55,856
0,31-MAY-18,-1,612,34304150,-764750050,-1,999,-1,5445121853,2018-05-31 00:01:55,983
0,31-MAY-18,511020,1348,33479050,-765239633,986,3171,261,5445121859,2018-05-31 00:01:56,1006
0,31-MAY-18,502651,21,34219883,-764911267,861,2842,433,5445121864,2018-05-31 00:01:56,1096
0,31-MAY-18,511265,-1,33644350,-765315583,1045,3141,586,5445121861,2018-05-31 00:01:56,1145
0,31-MAY-18,511352,7803,33446000,-765242750,276,3122,9931,5445121869,2018-05-31 00:01:56,121
0,31-MAY-18,-1,-1,33592500,-765118117,-1,999,-1,5445121868,2018-05-31 00:01:56,1233
0,31-MAY-18,-1,-1,34963217,-765040267,-1,-1,-1,5445121863,2018-05-31 00:01:56,192
0,31-MAY-18,514195,157,34336600,-764719617,455,347,743,5445121866,2018-05-31 00:01:56,226
0,31-MAY-18,511417,-1,33724133,-765165517,1091,3131,618,5445121862,2018-05-31 00:01:56,29
0,31-MAY-18,-1,177,33580233,-765120550,-1,999,-1,5445121860,2018-05-31 00:01:56,54
0,31-MAY-18,-1,10127,34970567,-765036000,-1,999,-1,5445121867,2018-05-31 00:01:56,889
0,31-MAY-18,-1,-1,34183800,-765482550,-1,-1,-1,5445121865,2018-05-31 00:01:56,951
0,31-MAY-18,500154,1642,34275400,-764768783,770,2473,9851,5445121874,2018-05-31 00:01:57,1103
0,31-MAY-18,-1,506,34303333,-764749567,-1,999,-1,5445121880,2018-05-31 00:01:57,1115
0,31-MAY-18,-1,5762,33593600,-765119050,-1,999,-1,5445121870,2018-05-31 00:01:57,1129
0,31-MAY-18,511265,35,33648400,-765312783,1045,3141,586,5445121873,2018-05-31 00:01:57,1145
0,31-MAY-18,501401,5105,34907867,-765098317,917,2301,9934,5445121875,2018-05-31 00:01:57,1179
0,31-MAY-18,-1,263,34956850,-765047600,-1,999,-1,5445121883,2018-05-31 00:01:57,1185
0,31-MAY-18,-1,-1,33587400,-765113233,314,3133,9886,5445121879,2018-05-31 00:01:57,123
0,31-MAY-18,-1,40,33594467,-765116717,-1,999,-1,5445121881,2018-05-31 00:01:57,24
0,31-MAY-18,-1,-1,34303783,-764748217,-1,-1,-1,5445121878,2018-05-31 00:01:57,757
0,31-MAY-18,-1,-1,34968633,-765039200,-1,-1,-1,5445121877,2018-05-31 00:01:57,819
0,31-MAY-18,-1,638,33591867,-765112083,-1,999,-1,5445121871,2018-05-31 00:01:57,829
0,31-MAY-18,-1,-1,34973433,-765025417,-1,-1,-1,5445121872,2018-05-31 00:01:57,895
0,31-MAY-18,514405,728,34035050,-764766883,-1,999,-1,5445121882,2018-05-31 00:01:57,937
0,31-MAY-18,502100,13199,34272300,-764769600,832,2274,9927,5445121876,2018-05-31 00:01:57,975
0,31-MAY-18,-1,503,34954850,-765054050,-1,999,-1,5445121887,2018-05-31 00:01:58,1025
0,31-MAY-18,-1,1684,34952683,-765082950,-1,999,-1,5445121885,2018-05-31 00:01:58,1068
0,31-MAY-18,-1,102,34297500,-764753717,-1,999,-1,5445121888,2018-05-31 00:01:58,1107
0,31-MAY-18,502311,724,33658833,-765247600,228,3131,305,5445121896,2018-05-31 00:01:58,1130
0,31-MAY-18,513316,-1,34905883,-764918317,471,553,9998,5445121884,2018-05-31 00:01:58,1213
0,31-MAY-18,500113,-1,34896700,-765088450,337,552,1526,5445121892,2018-05-31 00:01:58,181
0,31-MAY-18,512092,359,34947867,-765013200,754,322,153,5445121893,2018-05-31 00:01:58,200
0,31-MAY-18,-1,-1,33586883,-765111433,-1,999,-1,5445121886,2018-05-31 00:01:58,26
0,31-MAY-18,-1,2758,33592750,-765114767,-1,999,-1,5445121895,2018-05-31 00:01:58,42
0,31-MAY-18,-1,-1,34041000,-764759983,-1,-1,-1,5445121891,2018-05-31 00:01:58,564
0,31-MAY-18,-1,-1,34302900,-764749367,-1,999,-1,5445121894,2018-05-31 00:01:58,744
0,31-MAY-18,-1,-1,33767917,-765427767,-1,999,-1,5445121890,2018-05-31 00:01:58,873
0,31-MAY-18,514379,112,34200950,-764862017,618,2841,302,5445121889,2018-05-31 00:01:58,968
0,31-MAY-18,-1,-1,34969667,-765037500,-1,-1,-1,5445121901,2018-05-31 00:01:59,1026
0,31-MAY-18,-1,5116,34973933,-765008167,-1,999,-1,5445121902,2018-05-31 00:01:59,1063
0,31-MAY-18,-1,1192,34973883,-765007900,-1,999,-1,5445121908,2018-05-31 00:01:59,1173
0,31-MAY-18,-1,-1,34972867,-765005683,-1,999,-1,5445121906,2018-05-31 00:01:59,1197
0,31-MAY-18,519192,-1,34510700,-765373333,937,306,9982,5445121898,2018-05-31 00:01:59,198
0,31-MAY-18,500058,-1,34190983,-764797150,446,376,9988,5445121897,2018-05-31 00:01:59,269
0,31-MAY-18,500162,3,34437433,-764837433,53,3442,9964,5445121903,2018-05-31 00:01:59,274
0,31-MAY-18,-1,398,33595317,-765117967,-1,999,-1,5445121900,2018-05-31 00:01:59,382
0,31-MAY-18,-1,5002,33595633,-765118450,-1,999,-1,5445121909,2018-05-31 00:01:59,439
0,31-MAY-18,517076,10185,34220267,-764913200,561,373,9986,5445121907,2018-05-31 00:01:59,764
0,31-MAY-18,-1,65,34294667,-764752833,-1,999,-1,5445121899,2018-05-31 00:01:59,767
0,31-MAY-18,-1,-1,33593717,-765116767,-1,-1,-1,5445121905,2018-05-31 00:01:59,836
0,31-MAY-18,514415,6,34202150,-764862033,618,2841,302,5445121904,2018-05-31 00:01:59,968
0,31-MAY-18,-1,3926,34290500,-764749000,-1,999,-1,5445121912,2018-05-31 00:02:00,1093
0,31-MAY-18,-1,11863,34269533,-764769300,-1,999,-1,5445121910,2018-05-31 00:02:00,1094
0,31-MAY-18,-1,-1,33582067,-765106633,-1,-1,-1,5445121915,2018-05-31 00:02:00,1223
0,31-MAY-18,-1,3492,33594350,-765114733,-1,999,-1,5445121911,2018-05-31 00:02:00,128
0,31-MAY-18,-1,-1,33587483,-765120133,-1,-1,-1,5445121914,2018-05-31 00:02:00,18
0,31-MAY-18,-1,-1,33590567,-765112233,-1,-1,-1,5445121913,2018-05-31 00:02:00,44
0,31-MAY-18,-1,-1,33606617,-765123267,-1,-1,-1,5445121916,2018-05-31 00:02:00,56
0,31-MAY-18,-1,-1,34293933,-764750067,-1,999,-1,5445121917,2018-05-31 00:02:01,1108
0,31-MAY-18,511052,-1,33721967,-765642950,116,3192,227,5445121930,2018-05-31 00:02:01,119
0,31-MAY-18,-1,163,34954750,-765054150,-1,999,-1,5445121920,2018-05-31 00:02:01,1195
0,31-MAY-18,-1,233,34960833,-765053700,-1,999,-1,5445121927,2018-05-31 00:02:01,166
0,31-MAY-18,517076,4476,34355917,-765402983,614,373,9980,5445121928,2018-05-31 00:02:01,186
0,31-MAY-18,-1,5534,34960083,-765043517,-1,999,-1,5445121929,2018-05-31 00:02:01,213
0,31-MAY-18,-1,-1,34045883,-764758233,-1,-1,-1,5445121925,2018-05-31 00:02:01,238
0,31-MAY-18,514086,355,34260217,-764769350,96,3442,327,5445121932,2018-05-31 00:02:01,263
0,31-MAY-18,-1,-1,34289483,-764738600,-1,999,-1,5445121922,2018-05-31 00:02:01,34
0,31-MAY-18,-1,-1,33599433,-765118883,-1,-1,-1,5445121926,2018-05-31 00:02:01,413
0,31-MAY-18,501850,14066,34293033,-764750400,-1,999,-1,5445121931,2018-05-31 00:02:01,45
0,31-MAY-18,-1,-1,33599133,-765118700,-1,-1,-1,5445121924,2018-05-31 00:02:01,50
0,31-MAY-18,-1,-1,34045850,-764760950,-1,999,-1,5445121921,2018-05-31 00:02:01,618
0,31-MAY-18,-1,1671,34301233,-764754967,-1,999,-1,5445121923,2018-05-31 00:02:01,761
0,31-MAY-18,-1,-1,34035183,-764758767,-1,-1,-1,5445121919,2018-05-31 00:02:01,929
0,31-MAY-18,502300,12239,34183850,-764789167,178,421,9740,5445121918,2018-05-31 00:02:01,959
0,31-MAY-18,-1,6136,33574883,-765123117,-1,999,-1,5445121934,2018-05-31 00:02:02,1046
0,31-MAY-18,504008,295,34877133,-764944317,511,2121,1884,5445121935,2018-05-31 00:02:02,1078
0,31-MAY-18,-1,897,34290133,-764748233,-1,999,-1,5445121933,2018-05-31 00:02:02,1110
0,31-MAY-18,-1,-1,33593950,-765120183,-1,999,-1,5445121936,2018-05-31 00:02:02,1161
0,31-MAY-18,511352,-1,33795467,-765613600,160,3122,334,5445121939,2018-05-31 00:02:02,124
0,31-MAY-18,-1,-1,34974867,-765022300,-1,-1,-1,5445121943,2018-05-31 00:02:02,177
0,31-MAY-18,-1,126,34034700,-764763800,423,1571,9885,5445121938,2018-05-31 00:02:02,216
0,31-MAY-18,-1,-1,34970783,-765029983,-1,-1,-1,5445121942,2018-05-31 00:02:02,293
0,31-MAY-18,-1,3282,34960600,-765041350,-1,999,-1,5445121937,2018-05-31 00:02:02,307
0,31-MAY-18,514212,5,34296433,-764672250,733,355,222,5445121941,2018-05-31 00:02:02,700
0,31-MAY-18,-1,-1,33609300,-765121350,-1,-1,-1,5445121940,2018-05-31 00:02:02,848
0,31-MAY-18,-1,-1,33616667,-765097317,-1,-1,-1,5445121945,2018-05-31 00:02:03,19
0,31-MAY-18,513187,129,34768933,-765004600,625,332,308,5445121947,2018-05-31 00:02:03,193
0,31-MAY-18,512029,2,34949250,-765014700,754,322,153,5445121950,2018-05-31 00:02:03,200
0,31-MAY-18,511417,32,33718383,-765165517,1091,3131,618,5445121946,2018-05-31 00:02:03,29
0,31-MAY-18,511417,32,33719217,-765165533,1091,3131,618,5445121944,2018-05-31 00:02:03,29
0,31-MAY-18,-1,253,33594733,-765115417,-1,999,-1,5445121948,2018-05-31 00:02:03,37
0,31-MAY-18,-1,6088,33593450,-765121550,-1,999,-1,5445121949,2018-05-31 00:02:03,850
0,31-MAY-18,-1,-1,34974683,-765022933,-1,-1,-1,5445121956,2018-05-31 00:02:04,1176
0,31-MAY-18,514196,4,34330300,-764714417,455,347,743,5445121960,2018-05-31 00:02:04,226
0,31-MAY-18,514271,658,34068783,-764704300,869,3411,725,5445121954,2018-05-31 00:02:04,253
0,31-MAY-18,514161,2,34260317,-764767467,96,3442,327,5445121963,2018-05-31 00:02:04,263
0,31-MAY-18,-1,220,33591167,-765121117,-1,999,-1,5445121952,2018-05-31 00:02:04,27
0,31-MAY-18,514305,138,34333933,-764840700,606,353,495,5445121958,2018-05-31 00:02:04,272
0,31-MAY-18,-1,9659,34032667,-764765133,-1,999,-1,5445121953,2018-05-31 00:02:04,285
0,31-MAY-18,-1,-1,33599867,-765117567,-1,-1,-1,5445121962,2018-05-31 00:02:04,68
0,31-MAY-18,514212,31,34297967,-764673417,733,355,222,5445121961,2018-05-31 00:02:04,700
0,31-MAY-18,-1,-1,33587367,-765120650,-1,999,-1,5445121951,2018-05-31 00:02:04,71
0,31-MAY-18,-1,616,34300083,-764747033,-1,999,-1,5445121957,2018-05-31 00:02:04,745
0,31-MAY-18,500050,-1,34335033,-764790417,721,557,2381,5445121955,2018-05-31 00:02:04,765
0,31-MAY-18,-1,-1,34302050,-764746883,-1,-1,-1,5445121959,2018-05-31 00:02:04,772
0,31-MAY-18,-1,113,33590350,-765114450,-1,999,-1,5445121967,2018-05-31 00:02:05,1049
0,31-MAY-18,-1,1415,34963400,-765037150,-1,999,-1,5445121970,2018-05-31 00:02:05,1071
0,31-MAY-18,-1,-1,-1,-1,-1,-1,-1,5445121977,2018-05-31 00:02:05,151
0,31-MAY-18,519281,10287,34959400,-765044883,-1,999,-1,5445121964,2018-05-31 00:02:05,188
0,31-MAY-18,514196,41,34329333,-764713667,455,347,743,5445121974,2018-05-31 00:02:05,226
0,31-MAY-18,514196,64,34328367,-764712900,455,347,743,5445121975,2018-05-31 00:02:05,226
0,31-MAY-18,500162,-1,34436200,-764834367,53,3442,645,5445121972,2018-05-31 00:02:05,274
0,31-MAY-18,-1,15687,33590033,-765116917,-1,-1,-1,5445121978,2018-05-31 00:02:05,314
0,31-MAY-18,514212,31,34298733,-764674017,733,355,222,5445121976,2018-05-31 00:02:05,700
0,31-MAY-18,-1,-1,34970683,-765035617,-1,-1,-1,5445121971,2018-05-31 00:02:05,805
0,31-MAY-18,-1,-1,34970233,-765036617,-1,-1,-1,5445121966,2018-05-31 00:02:05,813
0,31-MAY-18,-1,7757,33590200,-765111867,-1,999,-1,5445121979,2018-05-31 00:02:05,863
0,31-MAY-18,-1,17824,34964717,-765059767,-1,999,-1,5445121969,2018-05-31 00:02:05,888
0,31-MAY-18,-1,-1,34970083,-765037050,-1,-1,-1,5445121968,2018-05-31 00:02:05,893
0,31-MAY-18,511407,100,33684067,-765165050,641,3133,591,5445121965,2018-05-31 00:02:05,95
0,31-MAY-18,514415,32,34205783,-764862033,618,2841,302,5445121973,2018-05-31 00:02:05,968
0,31-MAY-18,-1,-1,33591833,-765113300,-1,-1,-1,5445121981,2018-05-31 00:02:06,1124
0,31-MAY-18,504007,626,34902333,-764920933,896,3351,529,5445121985,2018-05-31 00:02:06,202
0,31-MAY-18,-1,-1,34969150,-765038550,-1,-1,-1,5445121986,2018-05-31 00:02:06,815
0,31-MAY-18,511408,-1,33684183,-765184067,641,3133,591,5445121982,2018-05-31 00:02:06,95
0,31-MAY-18,511408,33,33684067,-765189950,641,3133,591,5445121983,2018-05-31 00:02:06,95
0,31-MAY-18,-1,-1,34300683,-764749783,-1,-1,-1,5445121980,2018-05-31 00:02:06,962
0,31-MAY-18,514415,32,34209467,-764861983,618,2841,302,5445121984,2018-05-31 00:02:06,968
0,31-MAY-18,-1,1043,34974033,-765008267,-1,999,-1,5445121990,2018-05-31 00:02:07,1077
0,31-MAY-18,-1,367,34959217,-765043517,-1,999,-1,5445121989,2018-05-31 00:02:07,1172
0,31-MAY-18,-1,-1,34953617,-765051933,-1,999,-1,5445121987,2018-05-31 00:02:07,1203
0,31-MAY-18,-1,-1,33592417,-765117717,-1,-1,-1,5445121996,2018-05-31 00:02:07,1217
0,31-MAY-18,514460,-1,34525533,-764884550,1087,3452,179,5445121997,2018-05-31 00:02:07,1263
0,31-MAY-18,500164,285,34439467,-764820517,904,3411,356,5445121993,2018-05-31 00:02:07,250
0,31-MAY-18,-1,-1,34282583,-765002500,-1,-1,-1,5445121992,2018-05-31 00:02:07,251
0,31-MAY-18,-1,-1,33601483,-765122050,-1,-1,-1,5445121988,2018-05-31 00:02:07,626
0,31-MAY-18,-1,19094,34293967,-764746317,-1,999,-1,5445121995,2018-05-31 00:02:07,749
0,31-MAY-18,514271,3,34117200,-764696800,790,2841,300,5445121994,2018-05-31 00:02:07,789
0,31-MAY-18,-1,-1,34034250,-764762283,-1,999,-1,5445121991,2018-05-31 00:02:07,940
0,31-MAY-18,-1,-1,34963717,-765037817,-1,-1,-1,5445122005,2018-05-31 00:02:08,1061
0,31-MAY-18,-1,335,33594233,-765118967,-1,999,-1,5445122004,2018-05-31 00:02:08,125
0,31-MAY-18,-1,3404,34964533,-765056767,-1,999,-1,5445122001,2018-05-31 00:02:08,145
0,31-MAY-18,-1,1208,34963300,-765054100,-1,999,-1,5445121999,2018-05-31 00:02:08,190
0,31-MAY-18,-1,13343,34964117,-765055500,-1,999,-1,5445122006,2018-05-31 00:02:08,203
0,31-MAY-18,-1,1907,34059533,-764748133,-1,999,-1,5445122002,2018-05-31 00:02:08,227
0,31-MAY-18,-1,67,34300667,-764755367,-1,999,-1,5445122010,2018-05-31 00:02:08,302
0,31-MAY-18,-1,-1,33605867,-765121917,-1,-1,-1,5445122000,2018-05-31 00:02:08,632
0,31-MAY-18,-1,1964,34614900,-764828550,176,1571,9949,5445122009,2018-05-31 00:02:08,653
0,31-MAY-18,-1,-1,34304600,-764750367,-1,999,-1,5445121998,2018-05-31 00:02:08,709
0,31-MAY-18,-1,446,34291300,-764739000,-1,999,-1,5445122008,2018-05-31 00:02:08,747
0,31-MAY-18,-1,-1,34302417,-764747133,-1,-1,-1,5445122011,2018-05-31 00:02:08,759
0,31-MAY-18,-1,15089,34303350,-764754583,-1,999,-1,5445122012,2018-05-31 00:02:08,774
0,31-MAY-18,-1,2247,34301067,-764747800,-1,999,-1,5445122013,2018-05-31 00:02:08,788
0,31-MAY-18,-1,-1,34968517,-765038367,-1,-1,-1,5445122007,2018-05-31 00:02:08,8
0,31-MAY-18,-1,101,34047767,-764757417,-1,999,-1,5445122003,2018-05-31 00:02:08,926
0,31-MAY-18,-1,-1,34037333,-764754233,-1,-1,-1,5445122020,2018-05-31 00:02:09,289
0,31-MAY-18,-1,83,34299100,-764755383,-1,999,-1,5445122019,2018-05-31 00:02:09,302
0,31-MAY-18,514212,31,34301033,-764675750,733,355,222,5445122015,2018-05-31 00:02:09,700
0,31-MAY-18,514271,31,34119117,-764695600,790,2841,300,5445122016,2018-05-31 00:02:09,789
0,31-MAY-18,514271,31,34119567,-764695333,790,2841,300,5445122017,2018-05-31 00:02:09,789
0,31-MAY-18,-1,631,33588733,-765111433,-1,999,-1,5445122018,2018-05-31 00:02:09,828
0,31-MAY-18,-1,-1,34042517,-764760167,-1,-1,-1,5445122014,2018-05-31 00:02:09,919
0,31-MAY-18,-1,-1,33591200,-765113200,-1,-1,-1,5445122026,2018-05-31 00:02:10,1048
0,31-MAY-18,-1,2792,34959683,-765053617,-1,999,-1,5445122029,2018-05-31 00:02:10,1075
0,31-MAY-18,-1,236,33587767,-765114800,-1,999,-1,5445122022,2018-05-31 00:02:10,1135
0,31-MAY-18,-1,261,34307683,-764752250,-1,999,-1,5445122030,2018-05-31 00:02:10,1155
0,31-MAY-18,-1,5,33586050,-765109667,-1,-1,-1,5445122021,2018-05-31 00:02:10,116
0,31-MAY-18,-1,-1,34978383,-765020483,-1,-1,-1,5445122023,2018-05-31 00:02:10,183
0,31-MAY-18,-1,594,34299533,-764746333,-1,999,-1,5445122025,2018-05-31 00:02:10,797
0,31-MAY-18,-1,-1,33591267,-765112100,-1,-1,-1,5445122024,2018-05-31 00:02:10,823
0,31-MAY-18,-1,-1,33586667,-765120067,-1,-1,-1,5445122027,2018-05-31 00:02:10,83
0,31-MAY-18,-1,4138,33584200,-765115117,-1,999,-1,5445122028,2018-05-31 00:02:10,856
0,31-MAY-18,-1,-1,33591050,-765112400,-1,-1,-1,5445122032,2018-05-31 00:02:11,1144
0,31-MAY-18,-1,3150,34953217,-765054167,-1,999,-1,5445122035,2018-05-31 00:02:11,1184
0,31-MAY-18,512144,110,34851133,-765103817,799,323,228,5445122033,2018-05-31 00:02:11,1214
0,31-MAY-18,514161,32,34260250,-764764767,96,3442,327,5445122037,2018-05-31 00:02:11,263
0,31-MAY-18,501703,12675,-1,-1,-1,-1,-1,5445122034,2018-05-31 00:02:11,706
0,31-MAY-18,-1,-1,34301283,-764749033,-1,-1,-1,5445122036,2018-05-31 00:02:11,802
0,31-MAY-18,-1,-1,34044083,-764761783,-1,999,-1,5445122031,2018-05-31 00:02:11,910
0,31-MAY-18,500101,12510,34294400,-764750567,-1,999,-1,5445122044,2018-05-31 00:02:12,1005
0,31-MAY-18,519041,4446,34782650,-765175533,259,305,9992,5445122046,2018-05-31 00:02:12,1189
0,31-MAY-18,513068,6,34894900,-764911500,649,334,233,5445122050,2018-05-31 00:02:12,1212
0,31-MAY-18,514460,-1,34527717,-764884367,1087,3452,362,5445122054,2018-05-31 00:02:12,1263
0,31-MAY-18,-1,-1,33584533,-765110500,-1,-1,-1,5445122040,2018-05-31 00:02:12,130
0,31-MAY-18,512029,31,34951283,-765016617,754,322,153,5445122052,2018-05-31 00:02:12,200
0,31-MAY-18,-1,-1,34035767,-764763217,-1,-1,-1,5445122042,2018-05-31 00:02:12,218
0,31-MAY-18,-1,-1,34035550,-764761633,-1,-1,-1,5445122048,2018-05-31 00:02:12,221
0,31-MAY-18,514196,265,34322483,-764707200,455,347,743,5445122051,2018-05-31 00:02:12,226
0,31-MAY-18,511274,1967,33678467,-765218433,702,2211,9874,5445122039,2018-05-31 00:02:12,312
0,31-MAY-18,504008,742,34841800,-764963100,545,2121,1882,5445122043,2018-05-31 00:02:12,53
0,31-MAY-18,-1,-1,34040700,-764756417,-1,-1,-1,5445122047,2018-05-31 00:02:12,624
0,31-MAY-18,514415,311,34234317,-764855733,148,2842,865,5445122053,2018-05-31 00:02:12,739
0,31-MAY-18,-1,1182,34300533,-764747317,-1,999,-1,5445122055,2018-05-31 00:02:12,785
0,31-MAY-18,-1,-1,34046817,-764757267,874,3411,9990,5445122038,2018-05-31 00:02:12,928
0,31-MAY-18,511100,-1,33684033,-765196300,641,3133,591,5445122041,2018-05-31 00:02:12,95
0,31-MAY-18,-1,206,34290533,-764747533,-1,999,-1,5445122045,2018-05-31 00:02:12,953
0,31-MAY-18,-1,-1,33587433,-765115050,-1,-1,-1,5445122049,2018-05-31 00:02:12,994
0,31-MAY-18,-1,3745,33587767,-765111583,-1,999,-1,5445122059,2018-05-31 00:02:13,1008
0,31-MAY-18,-1,6284,34289467,-764746917,-1,999,-1,5445122064,2018-05-31 00:02:13,1011
0,31-MAY-18,-1,-1,34956967,-765048300,-1,-1,-1,5445122065,2018-05-31 00:02:13,1074
0,31-MAY-18,513199,146,34743917,-764934567,436,3372,254,5445122056,2018-05-31 00:02:13,1193
0,31-MAY-18,513167,186,34802233,-764922867,79,336,441,5445122062,2018-05-31 00:02:13,1211
0,31-MAY-18,514196,265,34321600,-764706067,455,347,743,5445122060,2018-05-31 00:02:13,226
0,31-MAY-18,-1,-1,34970533,-765030917,-1,-1,-1,5445122067,2018-05-31 00:02:13,297
0,31-MAY-18,-1,307,34960117,-765043033,-1,999,-1,5445122058,2018-05-31 00:02:13,300
0,31-MAY-18,-1,598,-1,-1,-1,999,-1,5445122068,2018-05-31 00:02:13,304
0,31-MAY-18,-1,9248,33592283,-765121300,-1,999,-1,5445122061,2018-05-31 00:02:13,414
0,31-MAY-18,-1,403,33586400,-765111000,-1,999,-1,5445122057,2018-05-31 00:02:13,65
0,31-MAY-18,-1,-1,33590050,-765113017,-1,-1,-1,5445122066,2018-05-31 00:02:13,67
0,31-MAY-18,-1,-1,34295500,-764747817,-1,999,-1,5445122069,2018-05-31 00:02:13,966
0,31-MAY-18,-1,202,33594367,-765113750,-1,999,-1,5445122063,2018-05-31 00:02:13,992
0,31-MAY-18,502302,1792,33521067,-765234967,842,3141,290,5445122083,2018-05-31 00:02:14,1009
0,31-MAY-18,-1,719,33589367,-765114033,-1,999,-1,5445122078,2018-05-31 00:02:14,1033
0,31-MAY-18,-1,-1,33585450,-765110617,401,3121,9831,5445122081,2018-05-31 00:02:14,104
0,31-MAY-18,-1,-1,34974517,-765023583,-1,-1,-1,5445122074,2018-05-31 00:02:14,1070
0,31-MAY-18,500153,7852,34294250,-764745267,-1,999,-1,5445122084,2018-05-31 00:02:14,1109
0,31-MAY-18,-1,1963,33586617,-765113500,-1,999,-1,5445122077,2018-05-31 00:02:14,1220
0,31-MAY-18,514405,156,34044433,-764761150,560,347,9998,5445122070,2018-05-31 00:02:14,240
0,31-MAY-18,-1,-1,34035300,-764758733,-1,-1,-1,5445122076,2018-05-31 00:02:14,241
0,31-MAY-18,-1,-1,34034917,-764761967,-1,-1,-1,5445122071,2018-05-31 00:02:14,259
0,31-MAY-18,-1,6324,33603283,-765118950,-1,999,-1,5445122075,2018-05-31 00:02:14,389
0,31-MAY-18,-1,-1,33599083,-765121833,-1,-1,-1,5445122082,2018-05-31 00:02:14,402
0,31-MAY-18,504008,828,34839333,-764964600,545,2121,1882,5445122073,2018-05-31 00:02:14,53
0,31-MAY-18,-1,-1,34969433,-765038133,-1,-1,-1,5445122072,2018-05-31 00:02:14,894
0,31-MAY-18,500162,230,34438250,-764819600,622,3441,501,5445122079,2018-05-31 00:02:14,970
0,31-MAY-18,-1,22523,33591233,-765114167,-1,999,-1,5445122080,2018-05-31 00:02:14,991
0,31-MAY-18,511265,178,33660283,-765304600,1045,3141,586,5445122087,2018-05-31 00:02:15,1145
0,31-MAY-18,-1,5293,34495667,-765374467,-1,999,-1,5445122090,2018-05-31 00:02:15,1202
0,31-MAY-18,-1,-1,33600833,-765117700,-1,-1,-1,5445122085,2018-05-31 00:02:15,437
0,31-MAY-18,514212,87,34306367,-764680400,733,355,222,5445122089,2018-05-31 00:02:15,700
0,31-MAY-18,-1,62,34300317,-764754617,-1,999,-1,5445122086,2018-05-31 00:02:15,775
0,31-MAY-18,516090,56,34094800,-765179350,555,2121,2178,5445122088,2018-05-31 00:02:15,844
0,31-MAY-18,-1,-1,34294167,-764746850,-1,-1,-1,5445122091,2018-05-31 00:02:15,974
0,31-MAY-18,-1,578,33602917,-765118817,-1,999,-1,5445122094,2018-05-31 00:02:16,1002
0,31-MAY-18,-1,133,34964583,-765062750,-1,999,-1,5445122092,2018-05-31 00:02:16,1178
0,31-MAY-18,513311,2,34803417,-764922900,79,336,441,5445122096,2018-05-31 00:02:16,1211
0,31-MAY-18,-1,5,34035483,-764763283,115,150,9948,5445122095,2018-05-31 00:02:16,551
0,31-MAY-18,-1,-1,34971200,-765034850,-1,-1,-1,5445122097,2018-05-31 00:02:16,809
0,31-MAY-18,-1,168,34293317,-764749233,-1,999,-1,5445122093,2018-05-31 00:02:16,977
0,31-MAY-18,-1,110,34294200,-764750133,-1,999,-1,5445122099,2018-05-31 00:02:17,1112
0,31-MAY-18,-1,5462,33586950,-765110767,-1,999,-1,5445122108,2018-05-31 00:02:17,1154
0,31-MAY-18,513068,33,34891067,-764909400,649,334,233,5445122107,2018-05-31 00:02:17,1212
0,31-MAY-18,514460,32,34530733,-764884017,1087,3452,362,5445122110,2018-05-31 00:02:17,1263
0,31-MAY-18,-1,-1,33600500,-765122050,-1,-1,-1,5445122106,2018-05-31 00:02:17,23
0,31-MAY-18,-1,-1,34040967,-764756550,-1,-1,-1,5445122100,2018-05-31 00:02:17,239
0,31-MAY-18,502302,4,33664650,-765281233,154,3141,9984,5445122109,2018-05-31 00:02:17,32
0,31-MAY-18,-1,-1,-1,-1,-1,999,-1,5445122101,2018-05-31 00:02:17,725
0,31-MAY-18,-1,-1,34978567,-765017883,-1,-1,-1,5445122098,2018-05-31 00:02:17,810
0,31-MAY-18,-1,-1,34955167,-765050617,-1,999,-1,5445122105,2018-05-31 00:02:17,817
0,31-MAY-18,504016,7678,34360017,-765201250,497,131,9921,5445122104,2018-05-31 00:02:17,837
0,31-MAY-18,511437,-1,33669350,-765520400,12,3124,239,5445122102,2018-05-31 00:02:17,876
0,31-MAY-18,-1,5814,34034900,-764759000,-1,999,-1,5445122103,2018-05-31 00:02:17,936
0,31-MAY-18,511441,-1,33592883,-765117867,657,3124,9881,5445122122,2018-05-31 00:02:18,103
0,31-MAY-18,513311,32,34804433,-764923483,79,336,441,5445122117,2018-05-31 00:02:18,1211
0,31-MAY-18,514460,32,34531383,-764883933,1087,3452,362,5445122120,2018-05-31 00:02:18,1263
0,31-MAY-18,514269,21,34055533,-764712167,869,3411,725,5445122114,2018-05-31 00:02:18,253
0,31-MAY-18,514269,41,34054417,-764712867,869,3411,725,5445122116,2018-05-31 00:02:18,253
0,31-MAY-18,514269,41,34055533,-764712167,869,3411,725,5445122115,2018-05-31 00:02:18,253
0,31-MAY-18,511059,9006,33795983,-765290683,580,3192,9996,5445122113,2018-05-31 00:02:18,281
0,31-MAY-18,-1,499,34034600,-764761917,707,142,9964,5445122123,2018-05-31 00:02:18,616
0,31-MAY-18,-1,15089,34303333,-764754617,-1,999,-1,5445122124,2018-05-31 00:02:18,774
0,31-MAY-18,-1,-1,33601867,-765122067,-1,-1,-1,5445122121,2018-05-31 00:02:18,780
0,31-MAY-18,-1,-1,33603533,-765122383,-1,-1,-1,5445122112,2018-05-31 00:02:18,835
0,31-MAY-18,513316,-1,34907100,-764917050,215,553,615,5445122111,2018-05-31 00:02:18,899
0,31-MAY-18,-1,1336,34041250,-764758867,-1,999,-1,5445122119,2018-05-31 00:02:18,932
0,31-MAY-18,511483,1,33582833,-765238067,590,3133,589,5445122118,2018-05-31 00:02:18,98
0,31-MAY-18,-1,-1,34953767,-765053483,-1,-1,-1,5445122129,2018-05-31 00:02:19,1032
0,31-MAY-18,500165,3533,34292233,-764748650,-1,999,-1,5445122131,2018-05-31 00:02:19,1045
0,31-MAY-18,-1,12267,33591700,-765120900,-1,999,-1,5445122134,2018-05-31 00:02:19,1138
0,31-MAY-18,504005,968,34913867,-764894167,393,333,317,5445122135,2018-05-31 00:02:19,1210
0,31-MAY-18,500058,-1,34399633,-765231717,62,376,9998,5445122125,2018-05-31 00:02:19,1262
5,31-MAY-18,512029,42,34951783,-765017500,754,322,153,5445122133,2018-05-31 00:02:19,200
0,31-MAY-18,514271,23,34122283,-764693750,790,2841,300,5445122132,2018-05-31 00:02:19,789
0,31-MAY-18,511437,-1,33671867,-765529767,12,3124,239,5445122126,2018-05-31 00:02:19,876
0,31-MAY-18,502313,-1,33667983,-765283150,598,3172,192,5445122130,2018-05-31 00:02:19,94
0,31-MAY-18,511100,31,33683950,-765203267,641,3133,591,5445122127,2018-05-31 00:02:19,95
0,31-MAY-18,511100,31,33683950,-765203267,641,3133,591,5445122128,2018-05-31 00:02:19,95
0,31-MAY-18,511020,1651,33510167,-765234333,986,3171,261,5445122136,2018-05-31 00:02:20,1006
0,31-MAY-18,511034,-1,33674883,-765237267,228,3131,305,5445122143,2018-05-31 00:02:20,1130
0,31-MAY-18,-1,1620,34036817,-764766350,-1,999,-1,5445122142,2018-05-31 00:02:20,258
0,31-MAY-18,500168,-1,34276350,-764672217,1167,3441,9949,5445122137,2018-05-31 00:02:20,260
0,31-MAY-18,-1,12518,34289100,-764738517,-1,999,-1,5445122139,2018-05-31 00:02:20,847
0,31-MAY-18,-1,-1,34035267,-764761867,-1,999,-1,5445122138,2018-05-31 00:02:20,924
0,31-MAY-18,515190,1749,34146083,-764728083,105,353,9904,5445122141,2018-05-31 00:02:20,949
0,31-MAY-18,514076,7,34229233,-764858567,618,2841,302,5445122140,2018-05-31 00:02:20,968
0,31-MAY-18,513041,506,35010033,-764946650,110,321,9893,5445122146,2018-05-31 00:02:21,1067
0,31-MAY-18,-1,6937,34970767,-765044250,-1,999,-1,5445122147,2018-05-31 00:02:21,1076
0,31-MAY-18,-1,-1,34300467,-764748400,-1,-1,-1,5445122144,2018-05-31 00:02:21,1095
0,31-MAY-18,501401,5659,34955350,-765082217,917,2301,9934,5445122150,2018-05-31 00:02:21,1179
0,31-MAY-18,-1,1667,34962067,-765052950,-1,999,-1,5445122152,2018-05-31 00:02:21,1192
0,31-MAY-18,-1,-1,34978050,-765018867,-1,-1,-1,5445122145,2018-05-31 00:02:21,155
0,31-MAY-18,514269,41,34052300,-764714183,869,3411,725,5445122151,2018-05-31 00:02:21,253
0,31-MAY-18,514269,41,34053333,-764713533,869,3411,725,5445122149,2018-05-31 00:02:21,253
0,31-MAY-18,514161,43,34260167,-764763267,96,3442,327,5445122153,2018-05-31 00:02:21,263
0,31-MAY-18,-1,110,34293950,-764750567,-1,999,-1,5445122148,2018-05-31 00:02:21,717
0,31-MAY-18,-1,209,34985983,-765039500,-1,999,-1,5445122163,2018-05-31 00:02:22,1073
0,31-MAY-18,511265,231,33663183,-765301817,1045,3141,586,5445122156,2018-05-31 00:02:22,1145
0,31-MAY-18,-1,-1,34970933,-765035350,-1,-1,-1,5445122161,2018-05-31 00:02:22,137
0,31-MAY-18,-1,1583,33045917,-765213117,-1,999,-1,5445122160,2018-05-31 00:02:22,199
0,31-MAY-18,-1,323,33589117,-765111833,-1,999,-1,5445122159,2018-05-31 00:02:22,51
0,31-MAY-18,-1,-1,34970217,-765031167,-1,-1,-1,5445122154,2018-05-31 00:02:22,636
0,31-MAY-18,-1,613,34297900,-764745000,-1,999,-1,5445122155,2018-05-31 00:02:22,743
0,31-MAY-18,502304,14239,34289133,-764747533,-1,999,-1,5445122162,2018-05-31 00:02:22,746
0,31-MAY-18,-1,-1,33593050,-765118417,-1,999,-1,5445122157,2018-05-31 00:02:22,866
0,31-MAY-18,-1,5827,33594400,-765120850,-1,999,-1,5445122164,2018-05-31 00:02:22,88
0,31-MAY-18,511204,-1,-1,-1,611,3191,9892,5445122158,2018-05-31 00:02:22,900
0,31-MAY-18,-1,216,34292400,-764748500,-1,999,-1,5445122166,2018-05-31 00:02:23,1111
0,31-MAY-18,-1,507,34300500,-764748733,-1,999,-1,5445122170,2018-05-31 00:02:23,1113
0,31-MAY-18,511099,111,33834750,-765202783,373,2211,552,5445122169,2018-05-31 00:02:23,1139
0,31-MAY-18,-1,8313,34953417,-765053900,-1,999,-1,5445122171,2018-05-31 00:02:23,1190
0,31-MAY-18,-1,-1,34038217,-764753700,-1,-1,-1,5445122165,2018-05-31 00:02:23,288
0,31-MAY-18,-1,1298,34295317,-764750933,-1,999,-1,5445122168,2018-05-31 00:02:23,771
0,31-MAY-18,500104,8667,34290767,-764773150,63,421,9712,5445122167,2018-05-31 00:02:23,960
0,31-MAY-18,-1,330,33593750,-765115200,-1,999,-1,5445122172,2018-05-31 00:02:24,1007
0,31-MAY-18,-1,4146,34039867,-764760467,-1,999,-1,5445122174,2018-05-31 00:02:24,11
0,31-MAY-18,513311,42,34806000,-764925283,79,336,441,5445122177,2018-05-31 00:02:24,1211
0,31-MAY-18,502100,-1,34964917,-765068783,851,2274,9909,5445122175,2018-05-31 00:02:24,180
0,31-MAY-18,-1,469,34541100,-765475200,729,302,9982,5445122183,2018-05-31 00:02:24,210
0,31-MAY-18,514196,716,34312583,-764691517,455,347,743,5445122180,2018-05-31 00:02:24,226
0,31-MAY-18,514196,716,34313300,-764692717,455,347,743,5445122179,2018-05-31 00:02:24,226
0,31-MAY-18,514196,716,34314033,-764693917,455,347,743,5445122178,2018-05-31 00:02:24,226
0,31-MAY-18,-1,8908,33591517,-765114783,-1,999,-1,5445122173,2018-05-31 00:02:24,299
0,31-MAY-18,-1,-1,34293467,-764740550,-1,-1,-1,5445122181,2018-05-31 00:02:24,740
0,31-MAY-18,515054,6990,34302250,-764749133,999,2524,728,5445122176,2018-05-31 00:02:24,792
0,31-MAY-18,-1,612,34304183,-764750050,-1,999,-1,5445122182,2018-05-31 00:02:24,983
0,31-MAY-18,502651,21,34219950,-764911233,861,2842,433,5445122191,2018-05-31 00:02:25,1096
0,31-MAY-18,-1,-1,33584733,-765113183,-1,-1,-1,5445122199,2018-05-31 00:02:25,1159
0,31-MAY-18,-1,263,34956800,-765047633,-1,999,-1,5445122200,2018-05-31 00:02:25,1185
0,31-MAY-18,511352,8081,33473050,-765241050,276,3122,9931,5445122197,2018-05-31 00:02:25,121
0,31-MAY-18,513185,3,34784400,-765014417,625,332,308,5445122190,2018-05-31 00:02:25,193
0,31-MAY-18,512029,42,34952000,-765017917,754,322,153,5445122201,2018-05-31 00:02:25,200
25,31-MAY-18,512029,42,34951783,-765017500,754,322,153,5445122196,2018-05-31 00:02:25,200
0,31-MAY-18,514196,716,34311850,-764690333,455,347,743,5445122193,2018-05-31 00:02:25,226
0,31-MAY-18,-1,40,33594467,-765116717,-1,999,-1,5445122198,2018-05-31 00:02:25,24
0,31-MAY-18,-1,-1,33586350,-765112350,-1,-1,-1,5445122194,2018-05-31 00:02:25,30
0,31-MAY-18,-1,177,33580250,-765120583,-1,999,-1,5445122188,2018-05-31 00:02:25,54
0,31-MAY-18,-1,-1,33587133,-765115467,-1,-1,-1,5445122187,2018-05-31 00:02:25,81
0,31-MAY-18,-1,638,33591867,-765112067,-1,999,-1,5445122189,2018-05-31 00:02:25,829
0,31-MAY-18,-1,-1,33604517,-765119450,-1,-1,-1,5445122185,2018-05-31 00:02:25,832
0,31-MAY-18,-1,10127,34970583,-765035983,-1,999,-1,5445122195,2018-05-31 00:02:25,889
0,31-MAY-18,-1,-1,34045433,-764761900,-1,-1,-1,5445122184,2018-05-31 00:02:25,935
0,31-MAY-18,514076,35,34233717,-764856633,618,2841,302,5445122192,2018-05-31 00:02:25,968
0,31-MAY-18,-1,-1,34300100,-764748133,-1,-1,-1,5445122186,2018-05-31 00:02:25,984
0,31-MAY-18,500154,1832,34293017,-764773917,770,2473,9851,5445122204,2018-05-31 00:02:26,1103
0,31-MAY-18,-1,506,34303350,-764749550,-1,999,-1,5445122213,2018-05-31 00:02:26,1115
0,31-MAY-18,-1,5762,33593600,-765119033,-1,999,-1,5445122203,2018-05-31 00:02:26,1129
0,31-MAY-18,502311,1030,33676283,-765232617,228,3131,305,5445122215,2018-05-31 00:02:26,1130
0,31-MAY-18,511034,33,33676783,-765230850,228,3131,305,5445122216,2018-05-31 00:02:26,1130
0,31-MAY-18,-1,-1,34976250,-765034217,-1,-1,-1,5445122202,2018-05-31 00:02:26,1205
0,31-MAY-18,-1,-1,33587400,-765113217,314,3133,9886,5445122211,2018-05-31 00:02:26,123
0,31-MAY-18,-1,-1,33592533,-765118117,-1,999,-1,5445122212,2018-05-31 00:02:26,1233
0,31-MAY-18,-1,-1,34963217,-765040267,-1,-1,-1,5445122207,2018-05-31 00:02:26,192
0,31-MAY-18,514161,18,34260317,-764760550,96,3442,327,5445122217,2018-05-31 00:02:26,263
0,31-MAY-18,511484,5,33699783,-765165750,1091,3131,618,5445122206,2018-05-31 00:02:26,29
0,31-MAY-18,-1,2758,33592750,-765114767,-1,999,-1,5445122214,2018-05-31 00:02:26,42
0,31-MAY-18,-1,4139,33584400,-765115083,-1,999,-1,5445122210,2018-05-31 00:02:26,856
0,31-MAY-18,-1,-1,33763733,-765426750,-1,999,-1,5445122209,2018-05-31 00:02:26,873
0,31-MAY-18,514405,769,34036800,-764765650,-1,999,-1,5445122208,2018-05-31 00:02:26,937
0,31-MAY-18,502100,13416,34289333,-764772617,832,2274,9927,5445122205,2018-05-31 00:02:26,975
0,31-MAY-18,501401,5724,34961817,-765079583,917,2301,9934,5445122219,2018-05-31 00:02:27,1179
0,31-MAY-18,513311,10,34807067,-764926333,79,336,441,5445122224,2018-05-31 00:02:27,1211
0,31-MAY-18,513066,-1,34878483,-764902400,649,334,233,5445122222,2018-05-31 00:02:27,1212
0,31-MAY-18,500163,207,34042300,-764762933,188,1472,9759,5445122218,2018-05-31 00:02:27,219
0,31-MAY-18,-1,-1,33586917,-765111433,-1,999,-1,5445122220,2018-05-31 00:02:27,26
0,31-MAY-18,-1,-1,33602117,-765122133,-1,-1,-1,5445122221,2018-05-31 00:02:27,628
0,31-MAY-18,-1,-1,34302917,-764749333,-1,999,-1,5445122225,2018-05-31 00:02:27,744
0,31-MAY-18,517076,10470,34204467,-764895183,561,373,9986,5445122226,2018-05-31 00:02:27,764
0,31-MAY-18,-1,-1,34183783,-765482500,-1,-1,-1,5445122223,2018-05-31 00:02:27,951
0,31-MAY-18,-1,-1,34972867,-765005700,-1,999,-1,5445122231,2018-05-31 00:02:28,1197
0,31-MAY-18,500113,-1,34896550,-765088333,337,552,1526,5445122232,2018-05-31 00:02:28,181
0,31-MAY-18,514161,18,34260517,-764759600,96,3442,327,5445122234,2018-05-31 00:02:28,263
0,31-MAY-18,500058,-1,34177917,-764783483,446,376,9988,5445122227,2018-05-31 00:02:28,269
0,31-MAY-18,-1,398,33595317,-765117967,-1,999,-1,5445122229,2018-05-31 00:02:28,382
0,31-MAY-18,-1,5036,33598117,-765119350,-1,999,-1,5445122233,2018-05-31 00:02:28,439
0,31-MAY-18,-1,-1,34303800,-764748200,-1,-1,-1,5445122230,2018-05-31 00:02:28,757
0,31-MAY-18,-1,-1,34968650,-765039200,-1,-1,-1,5445122228,2018-05-31 00:02:28,819
0,31-MAY-18,-1,3926,34290500,-764749000,-1,999,-1,5445122235,2018-05-31 00:02:29,1093
0,31-MAY-18,-1,12073,34288167,-764772050,-1,999,-1,5445122240,2018-05-31 00:02:29,1094
0,31-MAY-18,-1,-1,34293133,-764749400,-1,999,-1,5445122237,2018-05-31 00:02:29,1108
0,31-MAY-18,-1,1192,34973867,-765007900,-1,999,-1,5445122245,2018-05-31 00:02:29,1173
0,31-MAY-18,513316,-1,34881533,-764943333,471,553,9998,5445122238,2018-05-31 00:02:29,1213
0,31-MAY-18,-1,233,34960900,-765053667,-1,999,-1,5445122246,2018-05-31 00:02:29,166
0,31-MAY-18,512029,25,34952617,-765019867,754,322,153,5445122244,2018-05-31 00:02:29,200
0,31-MAY-18,500162,31,34435833,-764832567,53,3442,645,5445122241,2018-05-31 00:02:29,274
0,31-MAY-18,-1,110,34297100,-764754667,-1,999,-1,5445122243,2018-05-31 00:02:29,302
0,31-MAY-18,501850,14066,34292967,-764750417,-1,999,-1,5445122247,2018-05-31 00:02:29,45
0,31-MAY-18,-1,-1,34973450,-765025433,-1,-1,-1,5445122236,2018-05-31 00:02:29,895
0,31-MAY-18,502300,12298,34181950,-764786300,178,421,9740,5445122239,2018-05-31 00:02:29,959
0,31-MAY-18,514076,46,34237583,-764855050,618,2841,302,5445122242,2018-05-31 00:02:29,968
0,31-MAY-18,-1,-1,34969683,-765037483,-1,-1,-1,5445122252,2018-05-31 00:02:30,1026
0,31-MAY-18,-1,6154,33573550,-765122750,-1,999,-1,5445122253,2018-05-31 00:02:30,1046
0,31-MAY-18,511052,-1,33744450,-765643433,116,3192,227,5445122260,2018-05-31 00:02:30,119
0,31-MAY-18,-1,-1,34962633,-765038550,-1,-1,-1,5445122257,2018-05-31 00:02:30,1201
0,31-MAY-18,513066,22,34874583,-764900133,649,334,233,5445122256,2018-05-31 00:02:30,1212
0,31-MAY-18,-1,3492,33594350,-765114750,-1,999,-1,5445122251,2018-05-31 00:02:30,128
0,31-MAY-18,517076,4913,34385333,-765378050,614,373,9980,5445122259,2018-05-31 00:02:30,186
0,31-MAY-18,-1,5534,34960167,-765043617,-1,999,-1,5445122261,2018-05-31 00:02:30,213
0,31-MAY-18,500163,207,34042283,-764762950,188,1472,9759,5445122250,2018-05-31 00:02:30,219
0,31-MAY-18,514381,3,34310667,-764840650,606,353,495,5445122248,2018-05-31 00:02:30,272
0,31-MAY-18,500162,31,34435650,-764831983,53,3442,645,5445122255,2018-05-31 00:02:30,274
0,31-MAY-18,-1,-1,34041050,-764759883,-1,-1,-1,5445122258,2018-05-31 00:02:30,564
0,31-MAY-18,-1,-1,34045833,-764760950,-1,999,-1,5445122254,2018-05-31 00:02:30,618
0,31-MAY-18,511487,-1,33674000,-765535117,12,3124,239,5445122249,2018-05-31 00:02:30,876
0,31-MAY-18,504008,566,34856367,-764954767,511,2121,1884,5445122265,2018-05-31 00:02:31,1078
0,31-MAY-18,-1,897,34290117,-764748233,-1,999,-1,5445122262,2018-05-31 00:02:31,1110
0,31-MAY-18,-1,-1,33593933,-765120183,-1,999,-1,5445122266,2018-05-31 00:02:31,1161
0,31-MAY-18,-1,163,34954700,-765054150,-1,999,-1,5445122264,2018-05-31 00:02:31,1195
0,31-MAY-18,513311,55,34808033,-764927417,79,336,441,5445122269,2018-05-31 00:02:31,1211
0,31-MAY-18,513066,22,34874583,-764900133,649,334,233,5445122268,2018-05-31 00:02:31,1212
0,31-MAY-18,-1,-1,33582000,-765106600,-1,-1,-1,5445122274,2018-05-31 00:02:31,1223
0,31-MAY-18,-1,-1,33586150,-765119700,-1,-1,-1,5445122276,2018-05-31 00:02:31,18
0,31-MAY-18,514197,17,34307500,-764682983,455,347,743,5445122270,2018-05-31 00:02:31,226
0,31-MAY-18,514381,34,34307167,-764840283,606,353,495,5445122267,2018-05-31 00:02:31,272
0,31-MAY-18,-1,-1,34289483,-764738617,-1,999,-1,5445122263,2018-05-31 00:02:31,34
0,31-MAY-18,-1,253,33594750,-765115417,-1,999,-1,5445122272,2018-05-31 00:02:31,37
0,31-MAY-18,-1,-1,33590567,-765112233,-1,-1,-1,5445122277,2018-05-31 00:02:31,44
0,31-MAY-18,514236,-1,34127083,-764691067,790,2841,300,5445122271,2018-05-31 00:02:31,789
0,31-MAY-18,-1,-1,33593717,-765116783,-1,-1,-1,5445122273,2018-05-31 00:02:31,836
0,31-MAY-18,-1,-1,33609300,-765121367,-1,-1,-1,5445122275,2018-05-31 00:02:31,848
0,31-MAY-18,-1,503,34954883,-765054050,-1,999,-1,5445122281,2018-05-31 00:02:32,1025
0,31-MAY-18,519192,-1,-1,-1,937,306,9982,5445122282,2018-05-31 00:02:32,198
0,31-MAY-18,514197,41,34307500,-764682983,455,347,743,5445122285,2018-05-31 00:02:32,226
0,31-MAY-18,-1,-1,34045833,-764758217,-1,-1,-1,5445122284,2018-05-31 00:02:32,238
0,31-MAY-18,511417,317,33694567,-765165767,1091,3131,618,5445122278,2018-05-31 00:02:32,29
0,31-MAY-18,511484,33,33694567,-765165767,1091,3131,618,5445122283,2018-05-31 00:02:32,29
0,31-MAY-18,-1,3352,34963150,-765037250,-1,999,-1,5445122280,2018-05-31 00:02:32,307
0,31-MAY-18,-1,-1,33599450,-765118900,-1,-1,-1,5445122288,2018-05-31 00:02:32,413
0,31-MAY-18,-1,-1,34971833,-765027967,-1,-1,-1,5445122287,2018-05-31 00:02:32,5
0,31-MAY-18,-1,65,34295717,-764753250,-1,999,-1,5445122279,2018-05-31 00:02:32,767
0,31-MAY-18,-1,6088,33593450,-765121550,-1,999,-1,5445122286,2018-05-31 00:02:32,850
0,31-MAY-18,-1,5116,34974650,-765009333,-1,999,-1,5445122294,2018-05-31 00:02:33,1063
0,31-MAY-18,512029,25,34954333,-765021550,754,322,153,5445122296,2018-05-31 00:02:33,200
0,31-MAY-18,-1,220,33591183,-765121100,-1,999,-1,5445122292,2018-05-31 00:02:33,27
0,31-MAY-18,-1,9659,34032667,-764765117,-1,999,-1,5445122291,2018-05-31 00:02:33,285
0,31-MAY-18,500202,1,34820367,-764977817,545,2121,1882,5445122289,2018-05-31 00:02:33,53
0,31-MAY-18,-1,-1,33587350,-765120567,-1,999,-1,5445122295,2018-05-31 00:02:33,71
0,31-MAY-18,-1,616,34300100,-764747033,-1,999,-1,5445122290,2018-05-31 00:02:33,745
0,31-MAY-18,500050,-1,34301383,-764778350,721,557,2381,5445122293,2018-05-31 00:02:33,765
0,31-MAY-18,-1,113,33590367,-765114467,-1,999,-1,5445122300,2018-05-31 00:02:34,1049
0,31-MAY-18,-1,1415,34963417,-765037150,-1,999,-1,5445122303,2018-05-31 00:02:34,1071
0,31-MAY-18,-1,-1,34974867,-765022300,-1,-1,-1,5445122297,2018-05-31 00:02:34,177
0,31-MAY-18,519281,10306,34959333,-765045133,-1,999,-1,5445122298,2018-05-31 00:02:34,188
0,31-MAY-18,-1,-1,33616667,-765097367,-1,-1,-1,5445122299,2018-05-31 00:02:34,19
0,31-MAY-18,-1,-1,34970783,-765029967,-1,-1,-1,5445122305,2018-05-31 00:02:34,293
0,31-MAY-18,-1,15687,33590067,-765116983,-1,-1,-1,5445122306,2018-05-31 00:02:34,314
0,31-MAY-18,-1,-1,33599150,-765118683,-1,-1,-1,5445122304,2018-05-31 00:02:34,50
0,31-MAY-18,-1,-1,34302050,-764746883,-1,-1,-1,5445122302,2018-05-31 00:02:34,772
0,31-MAY-18,-1,7757,33590217,-765111867,-1,999,-1,5445122307,2018-05-31 00:02:34,863
0,31-MAY-18,-1,17847,34964650,-765057567,-1,999,-1,5445122301,2018-05-31 00:02:34,888
0,31-MAY-18,-1,1929,34965183,-765068150,-1,999,-1,5445122309,2018-05-31 00:02:35,1068
0,31-MAY-18,-1,102,34297650,-764753650,-1,999,-1,5445122311,2018-05-31 00:02:35,1107
0,31-MAY-18,504007,626,34902467,-764921067,896,3351,529,5445122316,2018-05-31 00:02:35,202
0,31-MAY-18,514197,107,34304833,-764679467,455,347,743,5445122314,2018-05-31 00:02:35,226
0,31-MAY-18,514381,42,34307167,-764840283,606,353,495,5445122310,2018-05-31 00:02:35,272
0,31-MAY-18,500162,14,34435717,-764829817,53,3442,645,5445122313,2018-05-31 00:02:35,274
0,31-MAY-18,-1,-1,33599650,-765117250,-1,-1,-1,5445122317,2018-05-31 00:02:35,68
0,31-MAY-18,514213,-1,34315600,-764695350,733,355,222,5445122315,2018-05-31 00:02:35,700
0,31-MAY-18,-1,-1,34971817,-765032683,-1,-1,-1,5445122308,2018-05-31 00:02:35,810
0,31-MAY-18,-1,-1,34035183,-764758783,-1,-1,-1,5445122312,2018-05-31 00:02:35,929
0,31-MAY-18,-1,-1,-1,-1,-1,-1,-1,5445122318,2018-05-31 00:02:36,151
0,31-MAY-18,512029,13,34956700,-765022617,754,322,153,5445122327,2018-05-31 00:02:36,200
0,31-MAY-18,500164,285,34439367,-764820417,904,3411,356,5445122326,2018-05-31 00:02:36,250
0,31-MAY-18,500202,1,34820200,-764977950,545,2121,1882,5445122323,2018-05-31 00:02:36,53
0,31-MAY-18,-1,-1,33606617,-765123283,-1,-1,-1,5445122328,2018-05-31 00:02:36,56
0,31-MAY-18,-1,2135,34630533,-764833400,176,1571,9949,5445122325,2018-05-31 00:02:36,653
0,31-MAY-18,-1,19094,34294033,-764746250,-1,999,-1,5445122329,2018-05-31 00:02:36,749
0,31-MAY-18,-1,-1,34970683,-765035617,-1,-1,-1,5445122320,2018-05-31 00:02:36,805
0,31-MAY-18,-1,-1,34970217,-765036583,-1,-1,-1,5445122324,2018-05-31 00:02:36,813
0,31-MAY-18,-1,-1,34970100,-765037067,-1,-1,-1,5445122319,2018-05-31 00:02:36,893
0,31-MAY-18,-1,-1,34034250,-764762300,-1,999,-1,5445122321,2018-05-31 00:02:36,940
0,31-MAY-18,511100,16,33681483,-765208733,641,3133,591,5445122322,2018-05-31 00:02:36,95
0,31-MAY-18,-1,-1,33591833,-765113317,-1,-1,-1,5445122335,2018-05-31 00:02:37,1124
0,31-MAY-18,511034,104,33678450,-765224017,228,3131,305,5445122330,2018-05-31 00:02:37,1130
0,31-MAY-18,-1,367,34959183,-765043867,-1,999,-1,5445122337,2018-05-31 00:02:37,1172
0,31-MAY-18,-1,-1,34959200,-765045667,-1,999,-1,5445122334,2018-05-31 00:02:37,1203
0,31-MAY-18,513311,20,34809983,-764929500,79,336,441,5445122338,2018-05-31 00:02:37,1211
0,31-MAY-18,514198,39,34302583,-764677500,455,347,743,5445122340,2018-05-31 00:02:37,226
0,31-MAY-18,514198,7,34303750,-764678467,455,347,743,5445122339,2018-05-31 00:02:37,226
0,31-MAY-18,-1,1907,34058233,-764748267,-1,999,-1,5445122333,2018-05-31 00:02:37,227
0,31-MAY-18,-1,-1,34304600,-764750367,-1,999,-1,5445122336,2018-05-31 00:02:37,709
0,31-MAY-18,-1,584,34301500,-764747350,-1,999,-1,5445122341,2018-05-31 00:02:37,747
0,31-MAY-18,-1,-1,34969133,-765038550,-1,-1,-1,5445122343,2018-05-31 00:02:37,815
0,31-MAY-18,-1,631,33588717,-765111433,-1,999,-1,5445122342,2018-05-31 00:02:37,828
0,31-MAY-18,-1,101,34047750,-764757433,-1,999,-1,5445122332,2018-05-31 00:02:37,926
0,31-MAY-18,-1,-1,34300767,-764749900,-1,-1,-1,5445122331,2018-05-31 00:02:37,962
0,31-MAY-18,-1,2792,34959583,-765053733,-1,999,-1,5445122347,2018-05-31 00:02:38,1075
0,31-MAY-18,-1,-1,34974700,-765022917,-1,-1,-1,5445122346,2018-05-31 00:02:38,1176
0,31-MAY-18,-1,13353,34963933,-765054817,-1,999,-1,5445122345,2018-05-31 00:02:38,203
0,31-MAY-18,514213,32,34316750,-764697300,733,355,222,5445122348,2018-05-31 00:02:38,700
0,31-MAY-18,514213,32,34317333,-764698267,733,355,222,5445122349,2018-05-31 00:02:38,700
0,31-MAY-18,-1,2247,34301083,-764747833,-1,999,-1,5445122344,2018-05-31 00:02:38,788
0,31-MAY-18,-1,-1,34963717,-765037800,-1,-1,-1,5445122354,2018-05-31 00:02:39,1061
0,31-MAY-18,-1,236,33587783,-765114800,-1,999,-1,5445122353,2018-05-31 00:02:39,1135
0,31-MAY-18,-1,5,33586067,-765109667,-1,-1,-1,5445122351,2018-05-31 00:02:39,116
0,31-MAY-18,-1,-1,33592417,-765117733,-1,-1,-1,5445122364,2018-05-31 00:02:39,1217
0,31-MAY-18,-1,335,33594233,-765118950,-1,999,-1,5445122350,2018-05-31 00:02:39,125
0,31-MAY-18,-1,-1,33615483,-765098050,-1,-1,-1,5445122363,2018-05-31 00:02:39,126
0,31-MAY-18,-1,3411,34964433,-765056050,-1,999,-1,5445122355,2018-05-31 00:02:39,145
0,31-MAY-18,-1,1208,34963317,-765054100,-1,999,-1,5445122357,2018-05-31 00:02:39,190
0,31-MAY-18,514197,13,34298933,-764674683,455,347,743,5445122361,2018-05-31 00:02:39,226
0,31-MAY-18,-1,-1,34281433,-765001917,-1,-1,-1,5445122359,2018-05-31 00:02:39,251
0,31-MAY-18,-1,-1,33605883,-765121900,-1,-1,-1,5445122352,2018-05-31 00:02:39,632
0,31-MAY-18,501703,12675,-1,-1,-1,-1,-1,5445122356,2018-05-31 00:02:39,706
0,31-MAY-18,514236,31,34131900,-764688217,790,2841,300,5445122362,2018-05-31 00:02:39,789
0,31-MAY-18,-1,594,34299550,-764746333,-1,999,-1,5445122360,2018-05-31 00:02:39,797
0,31-MAY-18,-1,-1,34968550,-765038433,-1,-1,-1,5445122358,2018-05-31 00:02:39,8
0,31-MAY-18,513200,-1,34742583,-764932417,436,3372,254,5445122372,2018-05-31 00:02:40,1193
0,31-MAY-18,513066,124,34862617,-764893150,649,334,233,5445122373,2018-05-31 00:02:40,1212
0,31-MAY-18,513067,7,34861400,-764892467,649,334,233,5445122374,2018-05-31 00:02:40,1212
0,31-MAY-18,512144,171,34853033,-765099133,799,323,228,5445122369,2018-05-31 00:02:40,1214
0,31-MAY-18,-1,-1,33615317,-765097833,-1,-1,-1,5445122377,2018-05-31 00:02:40,126
0,31-MAY-18,-1,-1,33615467,-765098033,-1,-1,-1,5445122376,2018-05-31 00:02:40,126
0,31-MAY-18,514161,25,34260133,-764756383,96,3442,327,5445122366,2018-05-31 00:02:40,263
0,31-MAY-18,-1,-1,33601483,-765122067,-1,-1,-1,5445122368,2018-05-31 00:02:40,626
0,31-MAY-18,-1,-1,34302433,-764747133,-1,-1,-1,5445122365,2018-05-31 00:02:40,759
0,31-MAY-18,514236,31,34132517,-764687767,790,2841,300,5445122375,2018-05-31 00:02:40,789
0,31-MAY-18,-1,-1,34044083,-764761800,-1,999,-1,5445122371,2018-05-31 00:02:40,910
0,31-MAY-18,-1,-1,34042750,-764760433,-1,-1,-1,5445122370,2018-05-31 00:02:40,919
0,31-MAY-18,511100,16,33681483,-765208733,641,3133,591,5445122367,2018-05-31 00:02:40,95
0,31-MAY-18,500101,12510,34294383,-764750533,-1,999,-1,5445122383,2018-05-31 00:02:41,1005
0,31-MAY-18,511020,14,33536033,-765232933,986,3171,261,5445122379,2018-05-31 00:02:41,1006
0,31-MAY-18,-1,-1,33591200,-765113217,-1,-1,-1,5445122391,2018-05-31 00:02:41,1048
0,31-MAY-18,-1,1043,34974033,-765008300,-1,999,-1,5445122380,2018-05-31 00:02:41,1077
0,31-MAY-18,-1,3150,34953233,-765054150,-1,999,-1,5445122393,2018-05-31 00:02:41,1184
0,31-MAY-18,519041,4446,34782633,-765175567,259,305,9992,5445122386,2018-05-31 00:02:41,1189
0,31-MAY-18,514197,5,34296483,-764672833,455,347,743,5445122388,2018-05-31 00:02:41,226
0,31-MAY-18,514197,5,34297700,-764673750,455,347,743,5445122387,2018-05-31 00:02:41,226
0,31-MAY-18,-1,-1,34037350,-764754267,-1,-1,-1,5445122378,2018-05-31 00:02:41,289
0,31-MAY-18,-1,632,-1,-1,-1,999,-1,5445122389,2018-05-31 00:02:41,304
0,31-MAY-18,511274,2110,33677233,-765230233,702,2211,9874,5445122384,2018-05-31 00:02:41,312
0,31-MAY-18,-1,403,33586417,-765110983,-1,999,-1,5445122381,2018-05-31 00:02:41,65
0,31-MAY-18,514213,6,34319067,-764701150,733,355,222,5445122392,2018-05-31 00:02:41,700
0,31-MAY-18,514415,528,34238483,-764847183,148,2842,865,5445122394,2018-05-31 00:02:41,739
0,31-MAY-18,-1,-1,33591267,-765112100,-1,-1,-1,5445122382,2018-05-31 00:02:41,823
0,31-MAY-18,-1,-1,33586650,-765120050,-1,-1,-1,5445122390,2018-05-31 00:02:41,83
0,31-MAY-18,-1,206,34290533,-764747533,-1,999,-1,5445122385,2018-05-31 00:02:41,953
0,31-MAY-18,-1,3745,33587767,-765111567,-1,999,-1,5445122399,2018-05-31 00:02:42,1008
0,31-MAY-18,-1,6284,34289500,-764746933,-1,999,-1,5445122407,2018-05-31 00:02:42,1011
0,31-MAY-18,-1,-1,33591067,-765112383,-1,-1,-1,5445122400,2018-05-31 00:02:42,1144
0,31-MAY-18,504005,1178,34919250,-764889033,393,333,317,5445122405,2018-05-31 00:02:42,1210
0,31-MAY-18,-1,-1,34978400,-765020467,-1,-1,-1,5445122396,2018-05-31 00:02:42,183
0,31-MAY-18,-1,126,34034717,-764763800,423,1571,9885,5445122403,2018-05-31 00:02:42,216
0,31-MAY-18,514269,168,34047383,-764718133,869,3411,725,5445122398,2018-05-31 00:02:42,253
0,31-MAY-18,-1,307,34960083,-765043050,-1,999,-1,5445122397,2018-05-31 00:02:42,300
0,31-MAY-18,-1,9248,33592283,-765121300,-1,999,-1,5445122402,2018-05-31 00:02:42,414
0,31-MAY-18,514213,6,34319617,-764702067,733,355,222,5445122406,2018-05-31 00:02:42,700
0,31-MAY-18,-1,1182,34300550,-764747333,-1,999,-1,5445122395,2018-05-31 00:02:42,785
0,31-MAY-18,-1,-1,34304667,-764749217,-1,-1,-1,5445122404,2018-05-31 00:02:42,802
0,31-MAY-18,-1,202,33594367,-765113733,-1,999,-1,5445122401,2018-05-31 00:02:42,992
0,31-MAY-18,-1,-1,34035767,-764763233,-1,-1,-1,5445122411,2018-05-31 00:02:43,218
0,31-MAY-18,514270,11,34046933,-764718383,869,3411,725,5445122412,2018-05-31 00:02:43,253
0,31-MAY-18,511484,114,33687017,-765165767,1091,3131,618,5445122413,2018-05-31 00:02:43,29
0,31-MAY-18,-1,-1,34040700,-764756400,-1,-1,-1,5445122409,2018-05-31 00:02:43,624
0,31-MAY-18,515142,35,34087700,-765193283,555,2121,2178,5445122416,2018-05-31 00:02:43,844
0,31-MAY-18,515142,35,34088583,-765192350,555,2121,2178,5445122415,2018-05-31 00:02:43,844
0,31-MAY-18,-1,-1,34046833,-764757267,874,3411,9990,5445122410,2018-05-31 00:02:43,928
0,31-MAY-18,-1,-1,34295483,-764747750,-1,999,-1,5445122408,2018-05-31 00:02:43,966
0,31-MAY-18,-1,-1,33588600,-765118817,-1,-1,-1,5445122414,2018-05-31 00:02:43,994
0,31-MAY-18,502302,2171,33487100,-765239717,842,3141,290,5445122422,2018-05-31 00:02:44,1009
0,31-MAY-18,-1,719,33589367,-765114033,-1,999,-1,5445122417,2018-05-31 00:02:44,1033
0,31-MAY-18,500153,7852,34294117,-764745100,-1,999,-1,5445122423,2018-05-31 00:02:44,1109
0,31-MAY-18,-1,311,34304117,-764754783,-1,999,-1,5445122419,2018-05-31 00:02:44,1155
0,31-MAY-18,-1,-1,34962817,-765038333,-1,-1,-1,5445122429,2018-05-31 00:02:44,1201
0,31-MAY-18,-1,1963,33586617,-765113483,-1,999,-1,5445122420,2018-05-31 00:02:44,1220
0,31-MAY-18,-1,-1,33584567,-765110417,-1,-1,-1,5445122425,2018-05-31 00:02:44,130
0,31-MAY-18,-1,-1,34035567,-764761633,-1,-1,-1,5445122426,2018-05-31 00:02:44,221
0,31-MAY-18,514197,5,34292850,-764670117,455,347,743,5445122428,2018-05-31 00:02:44,226
0,31-MAY-18,514405,156,34044450,-764761167,560,347,9998,5445122424,2018-05-31 00:02:44,240
0,31-MAY-18,514270,35,34046367,-764718683,869,3411,725,5445122427,2018-05-31 00:02:44,253
0,31-MAY-18,500162,246,34436417,-764818867,622,3441,501,5445122421,2018-05-31 00:02:44,970
0,31-MAY-18,-1,22523,33591217,-765114150,-1,999,-1,5445122418,2018-05-31 00:02:44,991
0,31-MAY-18,511021,21,33537150,-765232933,986,3171,261,5445122433,2018-05-31 00:02:45,1006
0,31-MAY-18,-1,-1,33585750,-765110267,401,3121,9831,5445122430,2018-05-31 00:02:45,104
0,31-MAY-18,-1,-1,34974517,-765023583,-1,-1,-1,5445122438,2018-05-31 00:02:45,1070
0,31-MAY-18,502651,33,34220233,-764911650,861,2842,433,5445122439,2018-05-31 00:02:45,1096
0,31-MAY-18,511265,270,33667700,-765301067,1045,3141,586,5445122435,2018-05-31 00:02:45,1145
0,31-MAY-18,-1,5583,-1,-1,-1,999,-1,5445122432,2018-05-31 00:02:45,1202
0,31-MAY-18,513311,42,34810950,-764931517,79,336,441,5445122440,2018-05-31 00:02:45,1211
0,31-MAY-18,514198,14,34291683,-764669217,455,347,743,5445122441,2018-05-31 00:02:45,226
0,31-MAY-18,-1,-1,34034917,-764761967,-1,-1,-1,5445122436,2018-05-31 00:02:45,259
0,31-MAY-18,-1,-1,33590050,-765113017,-1,-1,-1,5445122431,2018-05-31 00:02:45,67
0,31-MAY-18,-1,-1,34969433,-765038117,-1,-1,-1,5445122437,2018-05-31 00:02:45,894
0,31-MAY-18,-1,168,34293333,-764749267,-1,999,-1,5445122434,2018-05-31 00:02:45,977
0,31-MAY-18,511021,31,33540350,-765233133,986,3171,261,5445122451,2018-05-31 00:02:46,1006
0,31-MAY-18,-1,110,34294233,-764750150,-1,999,-1,5445122448,2018-05-31 00:02:46,1112
0,31-MAY-18,-1,-1,33587517,-765103783,-1,-1,-1,5445122452,2018-05-31 00:02:46,1120
0,31-MAY-18,513200,31,34737967,-764930800,436,3372,254,5445122446,2018-05-31 00:02:46,1193
0,31-MAY-18,514198,42,34290533,-764668333,455,347,743,5445122457,2018-05-31 00:02:46,226
0,31-MAY-18,514198,42,34291683,-764669217,455,347,743,5445122455,2018-05-31 00:02:46,226
0,31-MAY-18,-1,-1,34035300,-764758733,-1,-1,-1,5445122453,2018-05-31 00:02:46,241
0,31-MAY-18,514270,49,34045050,-764719433,869,3411,725,5445122444,2018-05-31 00:02:46,253
0,31-MAY-18,-1,-1,33599083,-765121850,-1,-1,-1,5445122443,2018-05-31 00:02:46,402
0,31-MAY-18,-1,-1,33600817,-765117683,-1,-1,-1,5445122447,2018-05-31 00:02:46,437
0,31-MAY-18,514213,23,34321367,-764704600,733,355,222,5445122442,2018-05-31 00:02:46,700
0,31-MAY-18,-1,-1,-1,-1,-1,999,-1,5445122449,2018-05-31 00:02:46,725
0,31-MAY-18,-1,-1,34955183,-765050600,-1,999,-1,5445122456,2018-05-31 00:02:46,817
0,31-MAY-18,504016,7710,34357433,-765202417,497,131,9921,5445122445,2018-05-31 00:02:46,837
0,31-MAY-18,515142,3,34084983,-765196017,555,2121,2178,5445122454,2018-05-31 00:02:46,844
0,31-MAY-18,-1,5814,34034900,-764759000,-1,999,-1,5445122450,2018-05-31 00:02:46,936
0,31-MAY-18,-1,580,33602933,-765118700,-1,999,-1,5445122465,2018-05-31 00:02:47,1002
0,31-MAY-18,-1,5462,33586967,-765110750,-1,999,-1,5445122460,2018-05-31 00:02:47,1154
0,31-MAY-18,-1,163,34964383,-765059567,-1,999,-1,5445122468,2018-05-31 00:02:47,1178
0,31-MAY-18,513067,31,34856833,-764889983,649,334,233,5445122471,2018-05-31 00:02:47,1212
0,31-MAY-18,514461,-1,34548333,-764881983,1087,3452,362,5445122463,2018-05-31 00:02:47,1263
0,31-MAY-18,512093,5,34960683,-765025333,754,322,153,5445122458,2018-05-31 00:02:47,200
0,31-MAY-18,511059,9006,33795983,-765290967,580,3192,9996,5445122470,2018-05-31 00:02:47,281
0,31-MAY-18,502302,4,33664650,-765281250,154,3141,9984,5445122464,2018-05-31 00:02:47,32
0,31-MAY-18,-1,5,34035483,-764763283,115,150,9948,5445122472,2018-05-31 00:02:47,551
0,31-MAY-18,514213,23,34322033,-764705383,733,355,222,5445122461,2018-05-31 00:02:47,700
0,31-MAY-18,-1,62,34300317,-764754633,-1,999,-1,5445122467,2018-05-31 00:02:47,775
0,31-MAY-18,513316,-1,34907117,-764917050,215,553,615,5445122466,2018-05-31 00:02:47,899
0,31-MAY-18,-1,1336,34041267,-764758850,-1,999,-1,5445122462,2018-05-31 00:02:47,932
0,31-MAY-18,511226,-1,33678200,-765219633,641,3133,591,5445122469,2018-05-31 00:02:47,95
0,31-MAY-18,-1,-1,-1,-1,-1,-1,-1,5445122459,2018-05-31 00:02:47,974
0,31-MAY-18,511441,-1,33592883,-765117867,657,3124,9881,5445122474,2018-05-31 00:02:48,103
0,31-MAY-18,500165,3533,34292267,-764748667,-1,999,-1,5445122481,2018-05-31 00:02:48,1045
0,31-MAY-18,-1,-1,34956950,-765048517,-1,-1,-1,5445122473,2018-05-31 00:02:48,1074
0,31-MAY-18,511053,-1,33756767,-765647700,116,3192,227,5445122475,2018-05-31 00:02:48,119
0,31-MAY-18,513311,2,34810483,-764932717,79,336,441,5445122479,2018-05-31 00:02:48,1211
0,31-MAY-18,-1,-1,34040983,-764756533,-1,-1,-1,5445122477,2018-05-31 00:02:48,239
0,31-MAY-18,-1,-1,34971183,-765034850,-1,-1,-1,5445122476,2018-05-31 00:02:48,809
0,31-MAY-18,513318,-1,34907117,-764917050,215,553,615,5445122478,2018-05-31 00:02:48,899
0,31-MAY-18,502313,-1,33667917,-765283017,598,3172,192,5445122480,2018-05-31 00:02:48,94
0,31-MAY-18,-1,12267,33591683,-765120933,-1,999,-1,5445122483,2018-05-31 00:02:49,1138
0,31-MAY-18,514460,251,34549633,-764881933,1087,3452,362,5445122484,2018-05-31 00:02:49,1263
0,31-MAY-18,-1,-1,33600500,-765122050,-1,-1,-1,5445122488,2018-05-31 00:02:49,23
0,31-MAY-18,-1,-1,33603550,-765122383,-1,-1,-1,5445122485,2018-05-31 00:02:49,835
0,31-MAY-18,-1,12518,34289100,-764738500,-1,999,-1,5445122486,2018-05-31 00:02:49,847
0,31-MAY-18,-1,-1,34035317,-764761933,-1,999,-1,5445122487,2018-05-31 00:02:49,924
0,31-MAY-18,511483,1,33589667,-765221000,590,3133,589,5445122482,2018-05-31 00:02:49,98
0,31-MAY-18,-1,-1,34953750,-765053417,-1,-1,-1,5445122499,2018-05-31 00:02:50,1032
0,31-MAY-18,513041,772,34989050,-764961717,110,321,9893,5445122493,2018-05-31 00:02:50,1067
0,31-MAY-18,-1,6937,34970917,-765044450,-1,999,-1,5445122492,2018-05-31 00:02:50,1076
0,31-MAY-18,-1,1667,34962067,-765052917,-1,999,-1,5445122498,2018-05-31 00:02:50,1192
0,31-MAY-18,-1,2138,33095017,-765224150,-1,999,-1,5445122494,2018-05-31 00:02:50,199
0,31-MAY-18,-1,1620,34036850,-764766367,-1,999,-1,5445122490,2018-05-31 00:02:50,258
0,31-MAY-18,500202,34,34819083,-764979383,545,2121,1882,5445122496,2018-05-31 00:02:50,53
0,31-MAY-18,-1,499,34034583,-764761883,707,142,9964,5445122491,2018-05-31 00:02:50,616
0,31-MAY-18,-1,110,34293917,-764750583,-1,999,-1,5445122495,2018-05-31 00:02:50,717
0,31-MAY-18,514081,5,34233333,-764841717,148,2842,865,5445122489,2018-05-31 00:02:50,739
0,31-MAY-18,515143,7,34077867,-765203550,555,2121,2178,5445122500,2018-05-31 00:02:50,844
0,31-MAY-18,511204,-1,33944967,-765459483,611,3191,9892,5445122497,2018-05-31 00:02:50,900
0,31-MAY-18,515190,1958,34133517,-764712017,105,353,9904,5445122501,2018-05-31 00:02:50,949
0,31-MAY-18,-1,323,33589133,-765111833,-1,999,-1,5445122502,2018-05-31 00:02:51,51
0,31-MAY-18,-1,613,34297833,-764744917,-1,999,-1,5445122505,2018-05-31 00:02:51,743
0,31-MAY-18,502304,14239,34289133,-764747533,-1,999,-1,5445122503,2018-05-31 00:02:51,746
0,31-MAY-18,-1,-1,33593050,-765118417,-1,999,-1,5445122504,2018-05-31 00:02:51,866
0,31-MAY-18,-1,209,34986000,-765039467,-1,999,-1,5445122512,2018-05-31 00:02:52,1073
0,31-MAY-18,-1,-1,34300483,-764748383,-1,-1,-1,5445122509,2018-05-31 00:02:52,1095
0,31-MAY-18,-1,4146,34039883,-764760467,-1,999,-1,5445122510,2018-05-31 00:02:52,11
0,31-MAY-18,512093,31,34959567,-765027433,754,322,153,5445122506,2018-05-31 00:02:52,200
0,31-MAY-18,-1,15089,34303283,-764754567,-1,999,-1,5445122508,2018-05-31 00:02:52,774
0,31-MAY-18,-1,5827,33594400,-765120850,-1,999,-1,5445122507,2018-05-31 00:02:52,88
0,31-MAY-18,500104,8833,34300200,-764765050,63,421,9712,5445122511,2018-05-31 00:02:52,960
0,31-MAY-18,-1,330,33593750,-765115200,-1,999,-1,5445122524,2018-05-31 00:02:53,1007
0,31-MAY-18,-1,1968,34965050,-765064400,-1,999,-1,5445122523,2018-05-31 00:02:53,1068
0,31-MAY-18,-1,216,34292400,-764748483,-1,999,-1,5445122521,2018-05-31 00:02:53,1111
0,31-MAY-18,511099,111,33834583,-765202750,373,2211,552,5445122514,2018-05-31 00:02:53,1139
0,31-MAY-18,-1,328,34302383,-764754933,-1,999,-1,5445122515,2018-05-31 00:02:53,1155
0,31-MAY-18,-1,8313,34953383,-765053917,-1,999,-1,5445122516,2018-05-31 00:02:53,1190
0,31-MAY-18,-1,-1,34970933,-765035350,-1,-1,-1,5445122522,2018-05-31 00:02:53,137
0,31-MAY-18,502100,-1,34964600,-765061750,851,2274,9909,5445122518,2018-05-31 00:02:53,180
0,31-MAY-18,-1,8908,33591517,-765114783,-1,999,-1,5445122517,2018-05-31 00:02:53,299
0,31-MAY-18,500202,34,34818017,-764980283,545,2121,1882,5445122520,2018-05-31 00:02:53,53
0,31-MAY-18,-1,1298,34295283,-764750933,-1,999,-1,5445122513,2018-05-31 00:02:53,771
0,31-MAY-18,515054,6990,34302283,-764749300,999,2524,728,5445122525,2018-05-31 00:02:53,792
0,31-MAY-18,511226,31,33678533,-765225800,641,3133,591,5445122519,2018-05-31 00:02:53,95
0,31-MAY-18,-1,507,34300517,-764748717,-1,999,-1,5445122527,2018-05-31 00:02:54,1113
0,31-MAY-18,513200,59,34734950,-764930267,436,3372,254,5445122535,2018-05-31 00:02:54,1193
0,31-MAY-18,-1,860,34511950,-765461083,729,302,9982,5445122530,2018-05-31 00:02:54,210
0,31-MAY-18,-1,-1,34038233,-764753700,-1,-1,-1,5445122533,2018-05-31 00:02:54,288
0,31-MAY-18,-1,177,33580217,-765120483,-1,999,-1,5445122532,2018-05-31 00:02:54,54
0,31-MAY-18,-1,-1,34301867,-764746950,-1,-1,-1,5445122529,2018-05-31 00:02:54,760
0,31-MAY-18,-1,-1,33601867,-765122083,-1,-1,-1,5445122526,2018-05-31 00:02:54,780
0,31-MAY-18,-1,638,33591867,-765112067,-1,999,-1,5445122534,2018-05-31 00:02:54,829
0,31-MAY-18,-1,-1,34045167,-764760650,-1,-1,-1,5445122531,2018-05-31 00:02:54,935
0,31-MAY-18,-1,612,34304183,-764750100,-1,999,-1,5445122528,2018-05-31 00:02:54,983
0,31-MAY-18,504008,797,34835117,-764966817,511,2121,1884,5445122542,2018-05-31 00:02:55,1078
0,31-MAY-18,500154,2028,34303650,-764760850,770,2473,9851,5445122544,2018-05-31 00:02:55,1103
0,31-MAY-18,-1,5762,33593683,-765119133,-1,999,-1,5445122541,2018-05-31 00:02:55,1129
0,31-MAY-18,-1,263,34956767,-765047667,-1,999,-1,5445122538,2018-05-31 00:02:55,1185
0,31-MAY-18,511352,8681,33522983,-765233483,276,3122,9931,5445122539,2018-05-31 00:02:55,121
0,31-MAY-18,512153,-1,34856583,-765097000,799,323,228,5445122546,2018-05-31 00:02:55,1214
0,31-MAY-18,-1,-1,33592550,-765118117,-1,999,-1,5445122536,2018-05-31 00:02:55,1233
0,31-MAY-18,500058,-1,34388467,-765203950,62,376,9998,5445122543,2018-05-31 00:02:55,1262
0,31-MAY-18,-1,-1,34978050,-765018817,-1,-1,-1,5445122540,2018-05-31 00:02:55,155
0,31-MAY-18,514199,9,34284117,-764663417,455,347,743,5445122547,2018-05-31 00:02:55,226
0,31-MAY-18,-1,40,33594467,-765116700,-1,999,-1,5445122537,2018-05-31 00:02:55,24
0,31-MAY-18,515143,33,34073350,-765208417,555,2121,2178,5445122548,2018-05-31 00:02:55,844
0,31-MAY-18,502100,13547,34299350,-764766200,832,2274,9927,5445122545,2018-05-31 00:02:55,975
0,31-MAY-18,-1,506,34303333,-764749533,-1,999,-1,5445122552,2018-05-31 00:02:56,1115
0,31-MAY-18,501401,5899,34964933,-765065683,917,2301,9934,5445122557,2018-05-31 00:02:56,1179
0,31-MAY-18,-1,-1,33587400,-765113217,314,3133,9886,5445122554,2018-05-31 00:02:56,123
0,31-MAY-18,-1,-1,33615350,-765097867,-1,-1,-1,5445122549,2018-05-31 00:02:56,126
0,31-MAY-18,513185,124,34798700,-764998200,625,332,308,5445122567,2018-05-31 00:02:56,193
0,31-MAY-18,519192,-1,-1,-1,937,306,9982,5445122564,2018-05-31 00:02:56,198
0,31-MAY-18,514199,33,34283567,-764662967,455,347,743,5445122568,2018-05-31 00:02:56,226
0,31-MAY-18,514270,219,34037633,-764723150,869,3411,725,5445122559,2018-05-31 00:02:56,253
0,31-MAY-18,514270,356,34036950,-764723483,869,3411,725,5445122566,2018-05-31 00:02:56,253
0,31-MAY-18,-1,-1,33586950,-765111433,-1,999,-1,5445122563,2018-05-31 00:02:56,26
0,31-MAY-18,-1,398,33595333,-765117950,-1,999,-1,5445122561,2018-05-31 00:02:56,382
0,31-MAY-18,-1,2758,33592750,-765114783,-1,999,-1,5445122556,2018-05-31 00:02:56,42
0,31-MAY-18,500202,8,34816133,-764982000,545,2121,1882,5445122558,2018-05-31 00:02:56,53
0,31-MAY-18,514081,37,34228600,-764836950,148,2842,865,5445122550,2018-05-31 00:02:56,739
0,31-MAY-18,-1,-1,34293500,-764740567,-1,-1,-1,5445122555,2018-05-31 00:02:56,740
0,31-MAY-18,-1,-1,33587150,-765115467,-1,-1,-1,5445122562,2018-05-31 00:02:56,81
0,31-MAY-18,-1,-1,33604533,-765119450,-1,-1,-1,5445122560,2018-05-31 00:02:56,832
0,31-MAY-18,-1,-1,33746950,-765422750,-1,999,-1,5445122553,2018-05-31 00:02:56,873
0,31-MAY-18,514405,769,34036800,-764765650,-1,999,-1,5445122551,2018-05-31 00:02:56,937
0,31-MAY-18,-1,-1,34300083,-764748133,-1,-1,-1,5445122565,2018-05-31 00:02:56,984
0,31-MAY-18,-1,-1,33584733,-765113217,-1,-1,-1,5445122570,2018-05-31 00:02:57,1159
0,31-MAY-18,-1,-1,34963200,-765040283,-1,-1,-1,5445122575,2018-05-31 00:02:57,192
0,31-MAY-18,512093,31,34958700,-765029200,754,322,153,5445122572,2018-05-31 00:02:57,200
0,31-MAY-18,514198,12,34282383,-764662050,455,347,743,5445122577,2018-05-31 00:02:57,226
0,31-MAY-18,500058,-1,34164350,-764759950,446,376,9988,5445122574,2018-05-31 00:02:57,269
0,31-MAY-18,-1,5036,33598100,-765119317,-1,999,-1,5445122573,2018-05-31 00:02:57,439
0,31-MAY-18,-1,-1,34296867,-764754567,-1,-1,-1,5445122576,2018-05-31 00:02:57,705
0,31-MAY-18,-1,-1,34303083,-764748817,-1,999,-1,5445122569,2018-05-31 00:02:57,744
0,31-MAY-18,-1,10127,34970600,-765036000,-1,999,-1,5445122571,2018-05-31 00:02:57,889
0,31-MAY-18,-1,3926,34290483,-764749000,-1,999,-1,5445122586,2018-05-31 00:02:58,1093
0,31-MAY-18,-1,12237,34298000,-764767300,-1,999,-1,5445122588,2018-05-31 00:02:58,1094
0,31-MAY-18,513201,32,34724350,-764927800,436,3372,254,5445122585,2018-05-31 00:02:58,1193
0,31-MAY-18,-1,-1,34972883,-765005717,-1,999,-1,5445122580,2018-05-31 00:02:58,1197
0,31-MAY-18,-1,-1,34976233,-765034150,-1,-1,-1,5445122587,2018-05-31 00:02:58,1205
0,31-MAY-18,500113,-1,34897067,-765088500,337,552,1526,5445122579,2018-05-31 00:02:58,181
0,31-MAY-18,514198,37,34281733,-764661567,455,347,743,5445122590,2018-05-31 00:02:58,226
0,31-MAY-18,-1,-1,33586333,-765112333,-1,-1,-1,5445122578,2018-05-31 00:02:58,30
0,31-MAY-18,514081,37,34226950,-764835183,148,2842,865,5445122581,2018-05-31 00:02:58,739
0,31-MAY-18,517076,10831,34183450,-764866767,561,373,9986,5445122582,2018-05-31 00:02:58,764
0,31-MAY-18,-1,4192,33588783,-765114517,-1,999,-1,5445122583,2018-05-31 00:02:58,856
0,31-MAY-18,-1,-1,34183800,-765482483,-1,-1,-1,5445122589,2018-05-31 00:02:58,951
0,31-MAY-18,502300,12538,34207733,-764781183,178,421,9740,5445122584,2018-05-31 00:02:58,959
0,31-MAY-18,-1,-1,34293117,-764749400,-1,999,-1,5445122598,2018-05-31 00:02:59,1108
0,31-MAY-18,513311,161,34806500,-764940333,79,336,441,5445122602,2018-05-31 00:02:59,1211
0,31-MAY-18,513312,-1,34806050,-764941250,79,336,441,5445122606,2018-05-31 00:02:59,1211
0,31-MAY-18,514461,32,34553667,-764881700,1087,3452,362,5445122593,2018-05-31 00:02:59,1263
0,31-MAY-18,-1,233,34960900,-765053650,-1,999,-1,5445122592,2018-05-31 00:02:59,166
0,31-MAY-18,514198,37,34281067,-764661067,455,347,743,5445122604,2018-05-31 00:02:59,226
0,31-MAY-18,514162,-1,34260167,-764750283,96,3442,327,5445122595,2018-05-31 00:02:59,263
0,31-MAY-18,514381,344,34278767,-764841067,606,353,495,5445122600,2018-05-31 00:02:59,272
0,31-MAY-18,514381,344,34278767,-764841067,606,353,495,5445122601,2018-05-31 00:02:59,272
0,31-MAY-18,-1,128,34295633,-764752817,-1,999,-1,5445122591,2018-05-31 00:02:59,302
0,31-MAY-18,501850,14066,34292967,-764750400,-1,999,-1,5445122594,2018-05-31 00:02:59,45
0,31-MAY-18,-1,-1,34045817,-764760950,-1,999,-1,5445122599,2018-05-31 00:02:59,618
0,31-MAY-18,-1,-1,34970233,-765031150,-1,-1,-1,5445122596,2018-05-31 00:02:59,636
0,31-MAY-18,-1,-1,34303817,-764748183,-1,-1,-1,5445122605,2018-05-31 00:02:59,757
0,31-MAY-18,-1,-1,34968650,-765039200,-1,-1,-1,5445122597,2018-05-31 00:02:59,819
0,31-MAY-18,514076,195,34236067,-764844483,618,2841,302,5445122603,2018-05-31 00:02:59,968
0,31-MAY-18,-1,-1,34975600,-765020633,-1,-1,-1,5445122618,2018-05-31 00:03:00,1029
0,31-MAY-18,-1,6160,33573233,-765122817,-1,999,-1,5445122614,2018-05-31 00:03:00,1046
0,31-MAY-18,-1,897,34290133,-764748250,-1,999,-1,5445122617,2018-05-31 00:03:00,1110
0,31-MAY-18,-1,-1,33593050,-765121100,-1,999,-1,5445122612,2018-05-31 00:03:00,1161
0,31-MAY-18,511053,-1,33763450,-765652250,116,3192,227,5445122609,2018-05-31 00:03:00,119
0,31-MAY-18,513316,-1,34868700,-764975317,471,553,9998,5445122615,2018-05-31 00:03:00,1213
0,31-MAY-18,-1,3492,33594350,-765114767,-1,999,-1,5445122611,2018-05-31 00:03:00,128
0,31-MAY-18,-1,5534,34960200,-765043733,-1,999,-1,5445122610,2018-05-31 00:03:00,213
0,31-MAY-18,500163,207,34042283,-764762967,188,1472,9759,5445122616,2018-05-31 00:03:00,219
0,31-MAY-18,514198,18,34280367,-764660533,455,347,743,5445122619,2018-05-31 00:03:00,226
0,31-MAY-18,514214,-1,34332100,-764713483,733,355,222,5445122607,2018-05-31 00:03:00,700
0,31-MAY-18,514081,37,34225400,-764833483,148,2842,865,5445122608,2018-05-31 00:03:00,739
0,31-MAY-18,-1,65,34296333,-764753483,-1,999,-1,5445122613,2018-05-31 00:03:00,767
0,31-MAY-18,-1,-1,34969683,-765037483,-1,-1,-1,5445122624,2018-05-31 00:03:01,1026
0,31-MAY-18,-1,-1,34972950,-765024400,-1,-1,-1,5445122625,2018-05-31 00:03:01,163
0,31-MAY-18,517076,5271,34412583,-765363400,614,373,9980,5445122622,2018-05-31 00:03:01,186
0,31-MAY-18,514198,18,34279650,-764660000,455,347,743,5445122626,2018-05-31 00:03:01,226
0,31-MAY-18,-1,-1,34289467,-764738600,-1,999,-1,5445122623,2018-05-31 00:03:01,34
0,31-MAY-18,-1,253,33594733,-765115417,-1,999,-1,5445122620,2018-05-31 00:03:01,37
0,31-MAY-18,-1,-1,33609300,-765121400,-1,-1,-1,5445122621,2018-05-31 00:03:01,848
0,31-MAY-18,-1,113,33590367,-765114467,-1,999,-1,5445122632,2018-05-31 00:03:02,1049
0,31-MAY-18,-1,-1,33598233,-765116200,-1,-1,-1,5445122638,2018-05-31 00:03:02,1120
0,31-MAY-18,-1,1192,34973867,-765007900,-1,999,-1,5445122630,2018-05-31 00:03:02,1173
0,31-MAY-18,513312,31,34804617,-764943983,79,336,441,5445122641,2018-05-31 00:03:02,1211
0,31-MAY-18,513312,31,34804617,-764943983,79,336,441,5445122642,2018-05-31 00:03:02,1211
0,31-MAY-18,514461,52,34555983,-764881450,1087,3452,362,5445122629,2018-05-31 00:03:02,1263
0,31-MAY-18,514198,18,34279650,-764660000,455,347,743,5445122640,2018-05-31 00:03:02,226
0,31-MAY-18,-1,220,33591183,-765121100,-1,999,-1,5445122634,2018-05-31 00:03:02,27
0,31-MAY-18,-1,9664,34032767,-764764900,-1,999,-1,5445122636,2018-05-31 00:03:02,285
0,31-MAY-18,-1,3352,34963150,-765037200,-1,999,-1,5445122635,2018-05-31 00:03:02,307
0,31-MAY-18,-1,-1,-1,-1,-1,-1,-1,5445122639,2018-05-31 00:03:02,637
0,31-MAY-18,-1,-1,33587283,-765120417,-1,999,-1,5445122633,2018-05-31 00:03:02,71
0,31-MAY-18,514081,54,34223917,-764831950,148,2842,865,5445122628,2018-05-31 00:03:02,739
0,31-MAY-18,-1,616,34300117,-764747050,-1,999,-1,5445122631,2018-05-31 00:03:02,745
0,31-MAY-18,500050,-1,34267200,-764771533,721,557,2381,5445122637,2018-05-31 00:03:02,765
0,31-MAY-18,-1,6088,33593467,-765121533,-1,999,-1,5445122627,2018-05-31 00:03:02,850
0,31-MAY-18,-1,503,34954833,-765054033,-1,999,-1,5445122651,2018-05-31 00:03:03,1025
0,31-MAY-18,-1,1415,34963417,-765037150,-1,999,-1,5445122652,2018-05-31 00:03:03,1071
0,31-MAY-18,511107,-1,33682817,-765204517,228,3131,305,5445122649,2018-05-31 00:03:03,1130
0,31-MAY-18,-1,163,34954717,-765054100,-1,999,-1,5445122653,2018-05-31 00:03:03,1195
0,31-MAY-18,-1,-1,33582000,-765106583,-1,-1,-1,5445122647,2018-05-31 00:03:03,1223
0,31-MAY-18,-1,-1,33586133,-765119733,-1,-1,-1,5445122646,2018-05-31 00:03:03,18
0,31-MAY-18,519281,10306,34959417,-765045017,-1,999,-1,5445122650,2018-05-31 00:03:03,188
0,31-MAY-18,-1,-1,34045767,-764758250,-1,-1,-1,5445122654,2018-05-31 00:03:03,238
0,31-MAY-18,-1,-1,33590600,-765112217,-1,-1,-1,5445122644,2018-05-31 00:03:03,44
0,31-MAY-18,-1,-1,34040900,-764759967,-1,-1,-1,5445122643,2018-05-31 00:03:03,564
0,31-MAY-18,514236,123,34141500,-764682867,790,2841,300,5445122648,2018-05-31 00:03:03,789
0,31-MAY-18,-1,-1,33593717,-765116800,-1,-1,-1,5445122645,2018-05-31 00:03:03,836
0,31-MAY-18,-1,102,34297667,-764753567,-1,999,-1,5445122658,2018-05-31 00:03:04,1107
0,31-MAY-18,504007,626,34901967,-764921000,896,3351,529,5445122655,2018-05-31 00:03:04,202
0,31-MAY-18,514198,18,34277500,-764658117,455,347,743,5445122661,2018-05-31 00:03:04,226
0,31-MAY-18,500162,163,34440150,-764825900,53,3442,645,5445122659,2018-05-31 00:03:04,274
0,31-MAY-18,-1,15687,33591283,-765118850,-1,-1,-1,5445122657,2018-05-31 00:03:04,314
0,31-MAY-18,-1,1677,34301167,-764755017,-1,999,-1,5445122660,2018-05-31 00:03:04,761
0,31-MAY-18,-1,7757,33590217,-765111833,-1,999,-1,5445122656,2018-05-31 00:03:04,863
0,31-MAY-18,-1,367,34959167,-765043950,-1,999,-1,5445122670,2018-05-31 00:03:05,1172
0,31-MAY-18,-1,-1,34959167,-765045517,-1,999,-1,5445122668,2018-05-31 00:03:05,1203
0,31-MAY-18,513275,3,34925483,-764896533,393,333,317,5445122663,2018-05-31 00:03:05,1210
0,31-MAY-18,-1,-1,34974883,-765022300,-1,-1,-1,5445122667,2018-05-31 00:03:05,177
0,31-MAY-18,-1,-1,33616550,-765097417,-1,-1,-1,5445122669,2018-05-31 00:03:05,19
0,31-MAY-18,514198,18,34277500,-764658117,455,347,743,5445122674,2018-05-31 00:03:05,226
0,31-MAY-18,-1,-1,34970783,-765029950,-1,-1,-1,5445122666,2018-05-31 00:03:05,293
0,31-MAY-18,-1,-1,33599450,-765118933,-1,-1,-1,5445122662,2018-05-31 00:03:05,413
0,31-MAY-18,-1,-1,34971867,-765027983,-1,-1,-1,5445122665,2018-05-31 00:03:05,5
0,31-MAY-18,-1,-1,33599150,-765118683,-1,-1,-1,5445122672,2018-05-31 00:03:05,50
0,31-MAY-18,-1,19094,34294100,-764746200,-1,999,-1,5445122664,2018-05-31 00:03:05,749
0,31-MAY-18,-1,-1,34302050,-764746883,-1,-1,-1,5445122671,2018-05-31 00:03:05,772
0,31-MAY-18,514081,5,34231583,-764839883,618,2841,302,5445122673,2018-05-31 00:03:05,968
0,31-MAY-18,-1,1986,34964917,-765063050,-1,999,-1,5445122682,2018-05-31 00:03:06,1068
0,31-MAY-18,513067,17,34855350,-764891200,649,334,233,5445122685,2018-05-31 00:03:06,1212
0,31-MAY-18,-1,335,33594217,-765118917,-1,999,-1,5445122683,2018-05-31 00:03:06,125
0,31-MAY-18,-1,1907,34058933,-764748350,-1,999,-1,5445122681,2018-05-31 00:03:06,227
0,31-MAY-18,500164,285,34439283,-764820317,904,3411,356,5445122675,2018-05-31 00:03:06,250
0,31-MAY-18,-1,2380,34650750,-764839650,176,1571,9949,5445122676,2018-05-31 00:03:06,653
0,31-MAY-18,-1,-1,34304600,-764750367,-1,999,-1,5445122678,2018-05-31 00:03:06,709
0,31-MAY-18,-1,2247,34301050,-764747817,-1,999,-1,5445122677,2018-05-31 00:03:06,788
0,31-MAY-18,-1,101,34047733,-764757450,-1,999,-1,5445122680,2018-05-31 00:03:06,926
0,31-MAY-18,-1,-1,34035183,-764758800,-1,-1,-1,5445122679,2018-05-31 00:03:06,929
0,31-MAY-18,-1,-1,34034217,-764762233,-1,999,-1,5445122684,2018-05-31 00:03:06,940
0,31-MAY-18,511034,390,33682350,-765200233,228,3131,305,5445122688,2018-05-31 00:03:07,1130
0,31-MAY-18,511107,34,33682300,-765198333,228,3131,305,5445122690,2018-05-31 00:03:07,1130
0,31-MAY-18,-1,236,33587783,-765114783,-1,999,-1,5445122694,2018-05-31 00:03:07,1135
0,31-MAY-18,513312,26,34801983,-764948800,79,336,441,5445122698,2018-05-31 00:03:07,1211
0,31-MAY-18,513312,26,34802533,-764947767,79,336,441,5445122695,2018-05-31 00:03:07,1211
0,31-MAY-18,513067,17,34854900,-764891800,649,334,233,5445122696,2018-05-31 00:03:07,1212
0,31-MAY-18,-1,-1,-1,-1,-1,-1,-1,5445122689,2018-05-31 00:03:07,151
0,31-MAY-18,514162,31,34260950,-764748533,96,3442,327,5445122691,2018-05-31 00:03:07,263
0,31-MAY-18,-1,-1,33599767,-765117400,-1,-1,-1,5445122686,2018-05-31 00:03:07,68
0,31-MAY-18,514214,31,34336150,-764716683,733,355,222,5445122687,2018-05-31 00:03:07,700
0,31-MAY-18,-1,594,34299550,-764746333,-1,999,-1,5445122697,2018-05-31 00:03:07,797
0,31-MAY-18,-1,-1,34970683,-765035633,-1,-1,-1,5445122693,2018-05-31 00:03:07,805
0,31-MAY-18,-1,-1,34970100,-765037083,-1,-1,-1,5445122692,2018-05-31 00:03:07,893
0,31-MAY-18,-1,2805,34958567,-765054100,-1,999,-1,5445122701,2018-05-31 00:03:08,1075
0,31-MAY-18,-1,-1,33591833,-765113333,-1,-1,-1,5445122704,2018-05-31 00:03:08,1124
0,31-MAY-18,-1,5,33586083,-765109667,-1,-1,-1,5445122706,2018-05-31 00:03:08,116
0,31-MAY-18,512144,281,34859567,-765095300,799,323,228,5445122710,2018-05-31 00:03:08,1214
0,31-MAY-18,-1,3416,34964283,-765055167,-1,999,-1,5445122705,2018-05-31 00:03:08,145
0,31-MAY-18,-1,13355,34963833,-765054517,-1,999,-1,5445122707,2018-05-31 00:03:08,203
0,31-MAY-18,500168,-1,34310100,-764684850,1167,3441,9949,5445122703,2018-05-31 00:03:08,260
0,31-MAY-18,501703,12675,-1,-1,-1,-1,-1,5445122708,2018-05-31 00:03:08,706
0,31-MAY-18,-1,598,34301200,-764746117,-1,999,-1,5445122700,2018-05-31 00:03:08,747
0,31-MAY-18,-1,-1,34970217,-765036533,-1,-1,-1,5445122709,2018-05-31 00:03:08,813
0,31-MAY-18,-1,631,33588717,-765111433,-1,999,-1,5445122699,2018-05-31 00:03:08,828
0,31-MAY-18,-1,-1,34300800,-764749933,-1,-1,-1,5445122702,2018-05-31 00:03:08,962
0,31-MAY-18,502651,263,34234217,-764928683,861,2842,433,5445122716,2018-05-31 00:03:09,1096
0,31-MAY-18,-1,1214,34963117,-765053850,-1,999,-1,5445122715,2018-05-31 00:03:09,190
0,31-MAY-18,512093,27,34958700,-765029200,754,322,153,5445122711,2018-05-31 00:03:09,200
0,31-MAY-18,-1,-1,34279417,-765001300,-1,-1,-1,5445122717,2018-05-31 00:03:09,251
0,31-MAY-18,514162,39,34261467,-764747733,96,3442,327,5445122712,2018-05-31 00:03:09,263
0,31-MAY-18,-1,17859,34964567,-765056533,-1,999,-1,5445122714,2018-05-31 00:03:09,888
0,31-MAY-18,-1,-1,34044083,-764761800,-1,999,-1,5445122713,2018-05-31 00:03:09,910
0,31-MAY-18,500101,12510,34294367,-764750550,-1,999,-1,5445122723,2018-05-31 00:03:10,1005
0,31-MAY-18,-1,-1,34963717,-765037833,-1,-1,-1,5445122728,2018-05-31 00:03:10,1061
0,31-MAY-18,519041,4446,34782617,-765175583,259,305,9992,5445122722,2018-05-31 00:03:10,1189
0,31-MAY-18,513312,26,34800317,-764951933,79,336,441,5445122732,2018-05-31 00:03:10,1211
0,31-MAY-18,513312,26,34800317,-764951933,79,336,441,5445122733,2018-05-31 00:03:10,1211
0,31-MAY-18,512093,27,34956133,-765035433,754,322,153,5445122718,2018-05-31 00:03:10,200
0,31-MAY-18,511274,2358,33682683,-765247000,702,2211,9874,5445122725,2018-05-31 00:03:10,312
0,31-MAY-18,-1,-1,33606617,-765123267,-1,-1,-1,5445122720,2018-05-31 00:03:10,56
0,31-MAY-18,-1,-1,33602117,-765122150,-1,-1,-1,5445122729,2018-05-31 00:03:10,628
0,31-MAY-18,-1,-1,33605883,-765121900,-1,-1,-1,5445122724,2018-05-31 00:03:10,632
0,31-MAY-18,-1,403,33586450,-765110983,-1,999,-1,5445122726,2018-05-31 00:03:10,65
0,31-MAY-18,-1,1182,34300550,-764747350,-1,999,-1,5445122721,2018-05-31 00:03:10,785
0,31-MAY-18,-1,-1,34968567,-765038450,-1,-1,-1,5445122730,2018-05-31 00:03:10,8
0,31-MAY-18,-1,-1,34969117,-765038533,-1,-1,-1,5445122719,2018-05-31 00:03:10,815
0,31-MAY-18,-1,206,34290567,-764747550,-1,999,-1,5445122727,2018-05-31 00:03:10,953
0,31-MAY-18,-1,202,33594367,-765113717,-1,999,-1,5445122731,2018-05-31 00:03:10,992
0,31-MAY-18,-1,3745,33587767,-765111567,-1,999,-1,5445122741,2018-05-31 00:03:11,1008
0,31-MAY-18,-1,-1,33592417,-765117733,-1,-1,-1,5445122736,2018-05-31 00:03:11,1217
0,31-MAY-18,-1,694,-1,-1,-1,999,-1,5445122735,2018-05-31 00:03:11,304
0,31-MAY-18,-1,9248,33592283,-765121150,-1,999,-1,5445122742,2018-05-31 00:03:11,414
0,31-MAY-18,-1,-1,33601483,-765122067,-1,-1,-1,5445122740,2018-05-31 00:03:11,626
0,31-MAY-18,-1,-1,34302433,-764747117,-1,-1,-1,5445122737,2018-05-31 00:03:11,759
0,31-MAY-18,514236,184,34144650,-764680733,790,2841,300,5445122734,2018-05-31 00:03:11,789
0,31-MAY-18,-1,-1,34043117,-764761217,-1,-1,-1,5445122739,2018-05-31 00:03:11,919
0,31-MAY-18,-1,-1,34295500,-764747683,-1,999,-1,5445122738,2018-05-31 00:03:11,966
0,31-MAY-18,-1,6284,34289517,-764746933,-1,999,-1,5445122745,2018-05-31 00:03:12,1011
0,31-MAY-18,-1,-1,33591200,-765113233,-1,-1,-1,5445122743,2018-05-31 00:03:12,1048
0,31-MAY-18,-1,-1,34974717,-765022917,-1,-1,-1,5445122752,2018-05-31 00:03:12,1176
0,31-MAY-18,513275,33,34930083,-764897417,393,333,317,5445122744,2018-05-31 00:03:12,1210
0,31-MAY-18,514198,70,34271600,-764653650,455,347,743,5445122754,2018-05-31 00:03:12,226
0,31-MAY-18,514405,156,34044467,-764761200,560,347,9998,5445122749,2018-05-31 00:03:12,240
0,31-MAY-18,-1,-1,34037367,-764754300,-1,-1,-1,5445122746,2018-05-31 00:03:12,289
0,31-MAY-18,511408,5,33684500,-765183267,1091,3131,618,5445122747,2018-05-31 00:03:12,29
0,31-MAY-18,511484,367,33684500,-765183267,1091,3131,618,5445122750,2018-05-31 00:03:12,29
0,31-MAY-18,-1,307,34960050,-765043083,-1,999,-1,5445122751,2018-05-31 00:03:12,300
0,31-MAY-18,-1,-1,33591250,-765112100,-1,-1,-1,5445122748,2018-05-31 00:03:12,823
0,31-MAY-18,514081,36,34224917,-764832850,618,2841,302,5445122755,2018-05-31 00:03:12,968
0,31-MAY-18,514081,36,34225767,-764833733,618,2841,302,5445122753,2018-05-31 00:03:12,968
0,31-MAY-18,502302,2549,33452400,-765243000,842,3141,290,5445122761,2018-05-31 00:03:13,1009
0,31-MAY-18,-1,719,33589350,-765114017,-1,999,-1,5445122756,2018-05-31 00:03:13,1033
0,31-MAY-18,500153,7852,34293800,-764745017,-1,999,-1,5445122760,2018-05-31 00:03:13,1109
0,31-MAY-18,513201,85,34712917,-764924967,436,3372,254,5445122764,2018-05-31 00:03:13,1193
0,31-MAY-18,-1,1963,33586633,-765113467,-1,999,-1,5445122757,2018-05-31 00:03:13,1220
0,31-MAY-18,-1,-1,34978417,-765020467,-1,-1,-1,5445122762,2018-05-31 00:03:13,183
0,31-MAY-18,-1,-1,34035767,-764763217,-1,-1,-1,5445122763,2018-05-31 00:03:13,218
0,31-MAY-18,514199,33,34269800,-764652683,455,347,743,5445122766,2018-05-31 00:03:13,226
0,31-MAY-18,514199,6,34270700,-764653133,455,347,743,5445122765,2018-05-31 00:03:13,226
0,31-MAY-18,500162,473,34419083,-764812167,622,3441,501,5445122759,2018-05-31 00:03:13,970
0,31-MAY-18,-1,22523,33591217,-765114150,-1,999,-1,5445122758,2018-05-31 00:03:13,991
0,31-MAY-18,511265,270,33667517,-765300217,1045,3141,586,5445122772,2018-05-31 00:03:14,1145
0,31-MAY-18,-1,-1,34040667,-764756367,-1,-1,-1,5445122771,2018-05-31 00:03:14,624
0,31-MAY-18,514195,4,34340267,-764719850,733,355,222,5445122769,2018-05-31 00:03:14,700
0,31-MAY-18,514195,4,34340267,-764719850,733,355,222,5445122770,2018-05-31 00:03:14,700
0,31-MAY-18,-1,-1,-1,-1,-1,999,-1,5445122774,2018-05-31 00:03:14,725
0,31-MAY-18,-1,-1,34302750,-764748033,-1,-1,-1,5445122768,2018-05-31 00:03:14,802
0,31-MAY-18,-1,-1,33586567,-765120033,-1,-1,-1,5445122767,2018-05-31 00:03:14,83
0,31-MAY-18,-1,-1,34046867,-764757283,874,3411,9990,5445122773,2018-05-31 00:03:14,928
0,31-MAY-18,514081,34,34223217,-764831100,618,2841,302,5445122776,2018-05-31 00:03:14,968
0,31-MAY-18,-1,168,34293317,-764749283,-1,999,-1,5445122775,2018-05-31 00:03:14,977
0,31-MAY-18,511021,190,33543617,-765219933,986,3171,261,5445122782,2018-05-31 00:03:15,1006
0,31-MAY-18,-1,1043,34974033,-765008317,-1,999,-1,5445122781,2018-05-31 00:03:15,1077
0,31-MAY-18,-1,110,34294267,-764750133,-1,999,-1,5445122783,2018-05-31 00:03:15,1112
0,31-MAY-18,-1,5862,-1,-1,-1,999,-1,5445122777,2018-05-31 00:03:15,1202
0,31-MAY-18,-1,-1,34035533,-764761583,-1,-1,-1,5445122779,2018-05-31 00:03:15,221
0,31-MAY-18,-1,-1,34969233,-765038283,-1,-1,-1,5445122778,2018-05-31 00:03:15,810
0,31-MAY-18,504016,7932,34353617,-765223267,497,131,9921,5445122780,2018-05-31 00:03:15,837
0,31-MAY-18,-1,-1,33588767,-765119167,-1,-1,-1,5445122784,2018-05-31 00:03:15,994
0,31-MAY-18,-1,5462,33586983,-765110733,-1,999,-1,5445122788,2018-05-31 00:03:16,1154
0,31-MAY-18,-1,3150,34953250,-765054150,-1,999,-1,5445122789,2018-05-31 00:03:16,1184
0,31-MAY-18,-1,-1,34962700,-765037900,-1,-1,-1,5445122785,2018-05-31 00:03:16,1201
0,31-MAY-18,-1,-1,33584400,-765110583,-1,-1,-1,5445122797,2018-05-31 00:03:16,130
0,31-MAY-18,-1,-1,34034917,-764761967,-1,-1,-1,5445122792,2018-05-31 00:03:16,259
0,31-MAY-18,511059,9006,33795967,-765291050,580,3192,9996,5445122795,2018-05-31 00:03:16,281
0,31-MAY-18,502302,48,33663050,-765278300,154,3141,9984,5445122787,2018-05-31 00:03:16,32
0,31-MAY-18,-1,-1,33590050,-765113017,-1,-1,-1,5445122790,2018-05-31 00:03:16,67
0,31-MAY-18,-1,-1,34955200,-765050600,-1,999,-1,5445122786,2018-05-31 00:03:16,817
0,31-MAY-18,-1,-1,34969433,-765038117,-1,-1,-1,5445122794,2018-05-31 00:03:16,894
0,31-MAY-18,513318,-1,34907133,-764917050,215,553,615,5445122793,2018-05-31 00:03:16,899
0,31-MAY-18,-1,1336,34041267,-764758850,-1,999,-1,5445122791,2018-05-31 00:03:16,932
0,31-MAY-18,-1,5814,34034917,-764759017,-1,999,-1,5445122796,2018-05-31 00:03:16,936
0,31-MAY-18,511441,-1,33592867,-765117883,657,3124,9881,5445122800,2018-05-31 00:03:17,103
0,31-MAY-18,-1,-1,33585433,-765110483,401,3121,9831,5445122802,2018-05-31 00:03:17,104
0,31-MAY-18,500165,3533,34292267,-764748667,-1,999,-1,5445122798,2018-05-31 00:03:17,1045
0,31-MAY-18,-1,-1,34974500,-765023700,-1,-1,-1,5445122806,2018-05-31 00:03:17,1070
0,31-MAY-18,-1,370,34298650,-764755300,-1,999,-1,5445122799,2018-05-31 00:03:17,1155
0,31-MAY-18,-1,176,34965200,-765059033,-1,999,-1,5445122807,2018-05-31 00:03:17,1178
0,31-MAY-18,511077,-1,33767800,-765667500,116,3192,227,5445122804,2018-05-31 00:03:17,119
0,31-MAY-18,-1,-1,34973783,-765024383,-1,-1,-1,5445122809,2018-05-31 00:03:17,163
0,31-MAY-18,-1,-1,34035283,-764758717,-1,-1,-1,5445122808,2018-05-31 00:03:17,241
0,31-MAY-18,-1,-1,33599083,-765121850,-1,-1,-1,5445122803,2018-05-31 00:03:17,402
0,31-MAY-18,-1,-1,33600817,-765117683,-1,-1,-1,5445122805,2018-05-31 00:03:17,437
0,31-MAY-18,511483,1,33587750,-765193567,590,3133,589,5445122801,2018-05-31 00:03:17,98
0,31-MAY-18,500202,5,34820100,-764978283,511,2121,1884,5445122816,2018-05-31 00:03:18,1078
0,31-MAY-18,-1,12267,33591683,-765120950,-1,999,-1,5445122812,2018-05-31 00:03:18,1138
0,31-MAY-18,-1,126,34034717,-764763800,423,1571,9885,5445122811,2018-05-31 00:03:18,216
0,31-MAY-18,-1,1620,34036867,-764766383,-1,999,-1,5445122814,2018-05-31 00:03:18,258
0,31-MAY-18,-1,-1,34956150,-764993500,-1,-1,-1,5445122818,2018-05-31 00:03:18,637
0,31-MAY-18,514083,6,34212100,-764819483,148,2842,865,5445122815,2018-05-31 00:03:18,739
0,31-MAY-18,-1,-1,34035383,-764761967,-1,999,-1,5445122817,2018-05-31 00:03:18,924
0,31-MAY-18,502313,-1,33667933,-765283050,598,3172,192,5445122810,2018-05-31 00:03:18,94
0,31-MAY-18,-1,-1,34293667,-764746167,-1,-1,-1,5445122813,2018-05-31 00:03:18,974
0,31-MAY-18,-1,581,33602950,-765118467,-1,999,-1,5445122827,2018-05-31 00:03:19,1002
0,31-MAY-18,513041,1007,34968567,-764972533,110,321,9893,5445122824,2018-05-31 00:03:19,1067
0,31-MAY-18,-1,6976,34967233,-765045550,-1,999,-1,5445122825,2018-05-31 00:03:19,1076
0,31-MAY-18,511107,25,33682333,-765190100,228,3131,305,5445122821,2018-05-31 00:03:19,1130
0,31-MAY-18,-1,1680,34960883,-765053267,-1,999,-1,5445122830,2018-05-31 00:03:19,1192
0,31-MAY-18,-1,-1,34040983,-764756533,-1,-1,-1,5445122828,2018-05-31 00:03:19,239
0,31-MAY-18,511408,35,33684483,-765189750,1091,3131,618,5445122829,2018-05-31 00:03:19,29
0,31-MAY-18,-1,5,34035483,-764763283,115,150,9948,5445122819,2018-05-31 00:03:19,551
0,31-MAY-18,-1,110,34293900,-764750567,-1,999,-1,5445122826,2018-05-31 00:03:19,717
0,31-MAY-18,514041,2,34147483,-764679100,790,2841,300,5445122820,2018-05-31 00:03:19,789
0,31-MAY-18,-1,-1,34971183,-765034850,-1,-1,-1,5445122822,2018-05-31 00:03:19,809
0,31-MAY-18,511226,168,33674633,-765246250,641,3133,591,5445122823,2018-05-31 00:03:19,95
0,31-MAY-18,512153,31,34861333,-765094650,799,323,228,5445122840,2018-05-31 00:03:20,1214
0,31-MAY-18,511352,-1,33784750,-765613217,160,3122,9943,5445122833,2018-05-31 00:03:20,124
0,31-MAY-18,511352,-1,33798733,-765612167,160,3122,9943,5445122832,2018-05-31 00:03:20,124
0,31-MAY-18,511352,-1,33799183,-765611683,160,3122,334,5445122831,2018-05-31 00:03:20,124
0,31-MAY-18,-1,2478,33125617,-765226883,-1,999,-1,5445122836,2018-05-31 00:03:20,199
0,31-MAY-18,-1,613,34297850,-764744967,-1,999,-1,5445122835,2018-05-31 00:03:20,743
0,31-MAY-18,502304,14239,34289150,-764747533,-1,999,-1,5445122838,2018-05-31 00:03:20,746
0,31-MAY-18,-1,75,34297917,-764754500,-1,999,-1,5445122837,2018-05-31 00:03:20,775
0,31-MAY-18,-1,-1,33603567,-765122333,-1,-1,-1,5445122839,2018-05-31 00:03:20,835
0,31-MAY-18,-1,-1,33593067,-765118400,-1,999,-1,5445122834,2018-05-31 00:03:20,866
0,31-MAY-18,-1,-1,34953767,-765053400,-1,-1,-1,5445122850,2018-05-31 00:03:21,1032
0,31-MAY-18,-1,-1,34956967,-765048483,-1,-1,-1,5445122843,2018-05-31 00:03:21,1074
0,31-MAY-18,500202,31,34818400,-764979667,511,2121,1884,5445122846,2018-05-31 00:03:21,1078
0,31-MAY-18,-1,4146,34039867,-764760417,-1,999,-1,5445122847,2018-05-31 00:03:21,11
0,31-MAY-18,500058,-1,34368417,-765169000,62,376,9998,5445122848,2018-05-31 00:03:21,1262
0,31-MAY-18,-1,-1,33600500,-765122050,-1,-1,-1,5445122841,2018-05-31 00:03:21,23
0,31-MAY-18,-1,323,33589167,-765111817,-1,999,-1,5445122845,2018-05-31 00:03:21,51
0,31-MAY-18,-1,12518,34289117,-764738500,-1,999,-1,5445122849,2018-05-31 00:03:21,847
0,31-MAY-18,-1,5827,33594400,-765120833,-1,999,-1,5445122844,2018-05-31 00:03:21,88
0,31-MAY-18,515190,2359,34103500,-764729450,105,353,9904,5445122842,2018-05-31 00:03:21,949
0,31-MAY-18,500202,31,34817850,-764980067,511,2121,1884,5445122857,2018-05-31 00:03:22,1078
0,31-MAY-18,502701,-1,34246200,-764942117,861,2842,433,5445122861,2018-05-31 00:03:22,1096
0,31-MAY-18,-1,216,34292417,-764748483,-1,999,-1,5445122858,2018-05-31 00:03:22,1111
0,31-MAY-18,511099,203,33838383,-765212000,373,2211,552,5445122854,2018-05-31 00:03:22,1139
0,31-MAY-18,-1,8313,34953350,-765053917,-1,999,-1,5445122856,2018-05-31 00:03:22,1190
0,31-MAY-18,513214,4,34794317,-764962983,79,336,441,5445122851,2018-05-31 00:03:22,1211
0,31-MAY-18,514199,164,34262783,-764652150,455,347,743,5445122852,2018-05-31 00:03:22,226
0,31-MAY-18,-1,8908,33591517,-765114767,-1,999,-1,5445122860,2018-05-31 00:03:22,299
0,31-MAY-18,-1,499,34034583,-764761917,707,142,9964,5445122855,2018-05-31 00:03:22,616
0,31-MAY-18,-1,1298,34295317,-764751050,-1,999,-1,5445122853,2018-05-31 00:03:22,771
0,31-MAY-18,511204,-1,33986283,-765465083,611,3191,9892,5445122859,2018-05-31 00:03:22,900
0,31-MAY-18,-1,330,33593767,-765115200,-1,999,-1,5445122872,2018-05-31 00:03:23,1007
0,31-MAY-18,-1,-1,34300467,-764748367,-1,-1,-1,5445122868,2018-05-31 00:03:23,1095
0,31-MAY-18,-1,507,34300533,-764748717,-1,999,-1,5445122863,2018-05-31 00:03:23,1113
0,31-MAY-18,-1,-1,34970950,-765035350,-1,-1,-1,5445122873,2018-05-31 00:03:23,137
0,31-MAY-18,-1,1200,34508533,-765434733,729,302,9982,5445122867,2018-05-31 00:03:23,210
0,31-MAY-18,-1,177,33580233,-765120517,-1,999,-1,5445122871,2018-05-31 00:03:23,54
0,31-MAY-18,514083,34,34208733,-764815917,148,2842,865,5445122864,2018-05-31 00:03:23,739
0,31-MAY-18,-1,15091,34303200,-764754567,-1,999,-1,5445122866,2018-05-31 00:03:23,774
0,31-MAY-18,515054,6990,34302317,-764749233,999,2524,728,5445122862,2018-05-31 00:03:23,792
0,31-MAY-18,-1,638,33591867,-765112067,-1,999,-1,5445122870,2018-05-31 00:03:23,829
0,31-MAY-18,-1,231,33680100,-765246900,641,3133,591,5445122869,2018-05-31 00:03:23,95
0,31-MAY-18,-1,612,34304200,-764750133,-1,999,-1,5445122865,2018-05-31 00:03:23,983
0,31-MAY-18,502701,36,34248933,-764945133,861,2842,433,5445122882,2018-05-31 00:03:24,1096
0,31-MAY-18,-1,5762,33593633,-765119067,-1,999,-1,5445122879,2018-05-31 00:03:24,1129
0,31-MAY-18,-1,263,34956767,-765047700,-1,999,-1,5445122877,2018-05-31 00:03:24,1185
0,31-MAY-18,511352,9157,33570517,-765236567,276,3122,9931,5445122875,2018-05-31 00:03:24,121
0,31-MAY-18,519192,-1,34570133,-765309983,937,306,9982,5445122880,2018-05-31 00:03:24,198
0,31-MAY-18,-1,40,33594467,-765116683,-1,999,-1,5445122876,2018-05-31 00:03:24,24
0,31-MAY-18,-1,-1,33586950,-765111433,-1,999,-1,5445122881,2018-05-31 00:03:24,26
0,31-MAY-18,514162,33,34264317,-764743917,96,3442,327,5445122878,2018-05-31 00:03:24,263
0,31-MAY-18,514405,769,34036800,-764765667,-1,999,-1,5445122874,2018-05-31 00:03:24,937
0,31-MAY-18,511021,233,33543450,-765215467,986,3171,261,5445122895,2018-05-31 00:03:25,1006
0,31-MAY-18,-1,209,34986000,-765039467,-1,999,-1,5445122883,2018-05-31 00:03:25,1073
0,31-MAY-18,502701,11,34250617,-764946983,861,2842,433,5445122900,2018-05-31 00:03:25,1096
0,31-MAY-18,-1,506,34303333,-764749550,-1,999,-1,5445122889,2018-05-31 00:03:25,1115
0,31-MAY-18,501401,5907,34964967,-765064133,917,2301,9934,5445122898,2018-05-31 00:03:25,1179
0,31-MAY-18,512153,43,34861700,-765093117,799,323,228,5445122899,2018-05-31 00:03:25,1214
0,31-MAY-18,-1,-1,33587400,-765113233,314,3133,9886,5445122886,2018-05-31 00:03:25,123
0,31-MAY-18,-1,-1,33592467,-765118083,-1,999,-1,5445122888,2018-05-31 00:03:25,1233
0,31-MAY-18,514199,16,34259733,-764652517,455,347,743,5445122884,2018-05-31 00:03:25,226
0,31-MAY-18,-1,2758,33592750,-765114783,-1,999,-1,5445122893,2018-05-31 00:03:25,42
0,31-MAY-18,500202,92,34812633,-764988467,545,2121,1882,5445122897,2018-05-31 00:03:25,53
0,31-MAY-18,514083,34,34207350,-764814400,148,2842,865,5445122887,2018-05-31 00:03:25,739
0,31-MAY-18,-1,-1,34301917,-764746800,-1,-1,-1,5445122892,2018-05-31 00:03:25,760
0,31-MAY-18,515143,308,34051317,-765218500,555,2121,2178,5445122885,2018-05-31 00:03:25,844
0,31-MAY-18,-1,-1,33728817,-765407317,-1,999,-1,5445122891,2018-05-31 00:03:25,873
0,31-MAY-18,-1,-1,34045100,-764760633,-1,-1,-1,5445122894,2018-05-31 00:03:25,935
0,31-MAY-18,511033,-1,33685867,-765246900,641,3133,591,5445122896,2018-05-31 00:03:25,95
0,31-MAY-18,-1,1,33587100,-765186017,-1,999,-1,5445122890,2018-05-31 00:03:25,98
0,31-MAY-18,511274,6,33838317,-765215400,373,2211,552,5445122905,2018-05-31 00:03:26,1139
0,31-MAY-18,-1,-1,34972883,-765005717,-1,999,-1,5445122904,2018-05-31 00:03:26,1197
0,31-MAY-18,513214,34,34793383,-764964567,79,336,441,5445122902,2018-05-31 00:03:26,1211
0,31-MAY-18,514199,16,34258667,-764652617,455,347,743,5445122901,2018-05-31 00:03:26,226
0,31-MAY-18,514162,33,34264933,-764743000,96,3442,327,5445122908,2018-05-31 00:03:26,263
0,31-MAY-18,500058,-1,34150650,-764736717,446,376,9988,5445122909,2018-05-31 00:03:26,269
0,31-MAY-18,-1,-1,34038233,-764753700,-1,-1,-1,5445122911,2018-05-31 00:03:26,288
0,31-MAY-18,-1,398,33595333,-765117933,-1,999,-1,5445122910,2018-05-31 00:03:26,382
0,31-MAY-18,-1,5036,33598083,-765119283,-1,999,-1,5445122907,2018-05-31 00:03:26,439
0,31-MAY-18,-1,-1,34303083,-764749000,-1,999,-1,5445122903,2018-05-31 00:03:26,744
0,31-MAY-18,517076,11133,34204583,-764861733,561,373,9986,5445122906,2018-05-31 00:03:26,764
0,31-MAY-18,-1,3926,34290467,-764748983,-1,999,-1,5445122920,2018-05-31 00:03:27,1093
0,31-MAY-18,-1,-1,34307233,-764752183,-1,999,-1,5445122922,2018-05-31 00:03:27,1103
0,31-MAY-18,-1,-1,34307317,-764752183,770,2473,9851,5445122918,2018-05-31 00:03:27,1103
0,31-MAY-18,-1,-1,33615400,-765097917,-1,-1,-1,5445122916,2018-05-31 00:03:27,126
0,31-MAY-18,500113,-1,34897500,-765088733,337,552,1526,5445122914,2018-05-31 00:03:27,181
0,31-MAY-18,513185,658,34832600,-764966050,625,332,308,5445122924,2018-05-31 00:03:27,193
0,31-MAY-18,511100,4,33684383,-765195700,1091,3131,618,5445122923,2018-05-31 00:03:27,29
0,31-MAY-18,514083,34,34205867,-764812850,148,2842,865,5445122915,2018-05-31 00:03:27,739
0,31-MAY-18,-1,-1,34293517,-764740567,-1,-1,-1,5445122912,2018-05-31 00:03:27,740
0,31-MAY-18,-1,-1,33601883,-765122067,-1,-1,-1,5445122913,2018-05-31 00:03:27,780
0,31-MAY-18,-1,-1,33587150,-765115483,-1,-1,-1,5445122919,2018-05-31 00:03:27,81
0,31-MAY-18,502100,13736,34308250,-764754317,832,2274,9927,5445122921,2018-05-31 00:03:27,975
0,31-MAY-18,-1,-1,34300083,-764748117,-1,-1,-1,5445122917,2018-05-31 00:03:27,984
0,31-MAY-18,-1,6160,33573233,-765121650,-1,999,-1,5445122940,2018-05-31 00:03:28,1046
0,31-MAY-18,500202,26,34815050,-764982233,511,2121,1884,5445122933,2018-05-31 00:03:28,1078
0,31-MAY-18,-1,-1,34293117,-764749400,-1,999,-1,5445122934,2018-05-31 00:03:28,1108
0,31-MAY-18,-1,-1,34978033,-765018783,-1,-1,-1,5445122931,2018-05-31 00:03:28,155
0,31-MAY-18,-1,245,34959783,-765053933,-1,999,-1,5445122929,2018-05-31 00:03:28,166
0,31-MAY-18,-1,-1,34963200,-765040267,-1,-1,-1,5445122942,2018-05-31 00:03:28,192
0,31-MAY-18,500163,212,34041217,-764763683,188,1472,9759,5445122932,2018-05-31 00:03:28,219
0,31-MAY-18,514270,967,34036400,-764737250,869,3411,725,5445122937,2018-05-31 00:03:28,253
0,31-MAY-18,514381,656,34251483,-764852300,606,353,495,5445122936,2018-05-31 00:03:28,272
0,31-MAY-18,-1,161,34294050,-764751200,-1,999,-1,5445122927,2018-05-31 00:03:28,302
0,31-MAY-18,501850,14066,34292967,-764750383,-1,999,-1,5445122930,2018-05-31 00:03:28,45
0,31-MAY-18,-1,-1,34045800,-764760950,-1,999,-1,5445122938,2018-05-31 00:03:28,618
0,31-MAY-18,-1,-1,34284583,-764744733,-1,-1,-1,5445122943,2018-05-31 00:03:28,705
0,31-MAY-18,-1,-1,33604517,-765119483,-1,-1,-1,5445122941,2018-05-31 00:03:28,832
0,31-MAY-18,-1,4198,33589200,-765114400,-1,999,-1,5445122926,2018-05-31 00:03:28,856
0,31-MAY-18,-1,10127,34970617,-765036000,-1,999,-1,5445122928,2018-05-31 00:03:28,889
0,31-MAY-18,502300,12865,34234033,-764776583,178,421,9740,5445122935,2018-05-31 00:03:28,959
0,31-MAY-18,500104,9000,34308500,-764752667,63,421,9712,5445122939,2018-05-31 00:03:28,960
0,31-MAY-18,514083,8,34211933,-764819217,618,2841,302,5445122925,2018-05-31 00:03:28,968
0,31-MAY-18,-1,897,34290133,-764748283,-1,999,-1,5445122952,2018-05-31 00:03:29,1110
0,31-MAY-18,-1,-1,33584717,-765113200,-1,-1,-1,5445122948,2018-05-31 00:03:29,1159
0,31-MAY-18,-1,-1,33593067,-765121100,-1,999,-1,5445122954,2018-05-31 00:03:29,1161
0,31-MAY-18,511077,-1,33767267,-765675383,116,3192,227,5445122950,2018-05-31 00:03:29,119
0,31-MAY-18,513214,34,34793667,-764965500,79,336,441,5445122945,2018-05-31 00:03:29,1211
0,31-MAY-18,-1,3492,33594350,-765114750,-1,999,-1,5445122953,2018-05-31 00:03:29,128
0,31-MAY-18,-1,5534,34960150,-765043967,-1,999,-1,5445122949,2018-05-31 00:03:29,213
0,31-MAY-18,-1,-1,34040550,-764764167,188,1472,9759,5445122951,2018-05-31 00:03:29,219
0,31-MAY-18,514199,16,34255550,-764653283,455,347,743,5445122944,2018-05-31 00:03:29,226
0,31-MAY-18,-1,-1,33586333,-765112300,-1,-1,-1,5445122946,2018-05-31 00:03:29,30
0,31-MAY-18,-1,-1,33609300,-765121400,-1,-1,-1,5445122947,2018-05-31 00:03:29,848
0,31-MAY-18,-1,253,33594717,-765115417,-1,999,-1,5445122957,2018-05-31 00:03:30,37
0,31-MAY-18,-1,113,34294917,-764751050,-1,999,-1,5445122960,2018-05-31 00:03:30,767
0,31-MAY-18,514041,34,34152317,-764676467,790,2841,300,5445122956,2018-05-31 00:03:30,789
0,31-MAY-18,514041,34,34152317,-764676467,790,2841,300,5445122958,2018-05-31 00:03:30,789
0,31-MAY-18,-1,-1,34968667,-765039217,-1,-1,-1,5445122961,2018-05-31 00:03:30,819
0,31-MAY-18,-1,-1,34183800,-765482483,-1,-1,-1,5445122955,2018-05-31 00:03:30,951
0,31-MAY-18,-1,1,33586883,-765182617,-1,999,-1,5445122959,2018-05-31 00:03:30,98
0,31-MAY-18,-1,-1,34975183,-765022133,-1,-1,-1,5445122975,2018-05-31 00:03:31,1029
0,31-MAY-18,-1,113,33590367,-765114483,-1,999,-1,5445122966,2018-05-31 00:03:31,1049
0,31-MAY-18,513316,-1,34880517,-765017833,471,553,9998,5445122971,2018-05-31 00:03:31,1213
0,31-MAY-18,-1,220,33591183,-765121117,-1,999,-1,5445122969,2018-05-31 00:03:31,27
0,31-MAY-18,-1,9750,34033383,-764757533,-1,999,-1,5445122974,2018-05-31 00:03:31,285
0,31-MAY-18,-1,3352,34963150,-765037167,-1,999,-1,5445122973,2018-05-31 00:03:31,307
0,31-MAY-18,-1,-1,34289467,-764738600,-1,999,-1,5445122968,2018-05-31 00:03:31,34
0,31-MAY-18,-1,-1,34970250,-765031150,-1,-1,-1,5445122965,2018-05-31 00:03:31,636
0,31-MAY-18,-1,-1,33589683,-765117167,-1,999,-1,5445122972,2018-05-31 00:03:31,71
0,31-MAY-18,514083,38,34202667,-764809450,148,2842,865,5445122964,2018-05-31 00:03:31,739
0,31-MAY-18,-1,616,34300117,-764747067,-1,999,-1,5445122967,2018-05-31 00:03:31,745
0,31-MAY-18,-1,-1,34303817,-764748167,-1,-1,-1,5445122962,2018-05-31 00:03:31,757
0,31-MAY-18,500050,-1,34272950,-764768717,721,557,2381,5445122970,2018-05-31 00:03:31,765
0,31-MAY-18,-1,6088,33593483,-765121517,-1,999,-1,5445122963,2018-05-31 00:03:31,850
0,31-MAY-18,-1,-1,34969700,-765037483,-1,-1,-1,5445122984,2018-05-31 00:03:32,1026
0,31-MAY-18,-1,1443,34965200,-765035500,-1,999,-1,5445122985,2018-05-31 00:03:32,1071
0,31-MAY-18,511456,-1,33682533,-765177250,228,3131,305,5445122981,2018-05-31 00:03:32,1130
0,31-MAY-18,511274,-1,33838233,-765220417,373,2211,9861,5445122978,2018-05-31 00:03:32,1139
0,31-MAY-18,511274,32,33838283,-765221300,373,2211,9861,5445122979,2018-05-31 00:03:32,1139
0,31-MAY-18,519281,10306,34959433,-765044967,-1,999,-1,5445122982,2018-05-31 00:03:32,188
0,31-MAY-18,500202,191,34816850,-764994900,545,2121,1882,5445122983,2018-05-31 00:03:32,53
0,31-MAY-18,-1,7757,33590217,-765111817,-1,999,-1,5445122980,2018-05-31 00:03:32,863
0,31-MAY-18,511033,-1,33693050,-765246933,641,3133,9855,5445122986,2018-05-31 00:03:32,95
0,31-MAY-18,500104,9000,34308517,-764752967,63,421,9712,5445122987,2018-05-31 00:03:32,960
0,31-MAY-18,514083,36,34209267,-764816333,618,2841,302,5445122976,2018-05-31 00:03:32,968
0,31-MAY-18,500162,550,34412917,-764806883,622,3441,501,5445122977,2018-05-31 00:03:32,970
0,31-MAY-18,-1,102,34297600,-764753500,-1,999,-1,5445122992,2018-05-31 00:03:33,1107
0,31-MAY-18,-1,-1,33602950,-765121550,-1,-1,-1,5445122993,2018-05-31 00:03:33,1120
0,31-MAY-18,514461,237,34573317,-764881217,1087,3452,362,5445122989,2018-05-31 00:03:33,1263
0,31-MAY-18,504007,626,34901950,-764921000,896,3351,529,5445122990,2018-05-31 00:03:33,202
0,31-MAY-18,500162,305,34443900,-764838517,53,3442,645,5445122994,2018-05-31 00:03:33,274
0,31-MAY-18,-1,15687,33590350,-765119283,-1,-1,-1,5445122991,2018-05-31 00:03:33,314
0,31-MAY-18,514083,36,34207450,-764814400,618,2841,302,5445122988,2018-05-31 00:03:33,968
0,31-MAY-18,-1,503,34954800,-765054017,-1,999,-1,5445123004,2018-05-31 00:03:34,1025
0,31-MAY-18,-1,12401,34307133,-764755683,-1,999,-1,5445123002,2018-05-31 00:03:34,1094
0,31-MAY-18,513202,-1,34697817,-764919867,436,3372,254,5445123003,2018-05-31 00:03:34,1193
0,31-MAY-18,-1,163,34954700,-765054083,-1,999,-1,5445123001,2018-05-31 00:03:34,1195
0,31-MAY-18,-1,-1,33582000,-765106567,-1,-1,-1,5445122996,2018-05-31 00:03:34,1223
0,31-MAY-18,-1,-1,33586100,-765119733,-1,-1,-1,5445122995,2018-05-31 00:03:34,18
0,31-MAY-18,512122,6,34943033,-765037783,754,322,153,5445122998,2018-05-31 00:03:34,200
0,31-MAY-18,-1,-1,34045733,-764758350,-1,-1,-1,5445123005,2018-05-31 00:03:34,238
0,31-MAY-18,-1,-1,33590617,-765112217,-1,-1,-1,5445122999,2018-05-31 00:03:34,44
0,31-MAY-18,-1,19094,34294150,-764746233,-1,999,-1,5445123000,2018-05-31 00:03:34,749
0,31-MAY-18,-1,-1,33593733,-765116817,-1,-1,-1,5445122997,2018-05-31 00:03:34,836
0,31-MAY-18,-1,367,34959200,-765043950,-1,999,-1,5445123012,2018-05-31 00:03:35,1172
0,31-MAY-18,-1,-1,34959133,-765045600,-1,999,-1,5445123015,2018-05-31 00:03:35,1203
0,31-MAY-18,517076,5568,34439450,-765365917,614,373,9980,5445123008,2018-05-31 00:03:35,186
0,31-MAY-18,500164,285,34439100,-764819833,904,3411,356,5445123009,2018-05-31 00:03:35,250
0,31-MAY-18,-1,2695,34677567,-764847533,176,1571,9949,5445123007,2018-05-31 00:03:35,653
0,31-MAY-18,-1,-1,34304583,-764750350,-1,999,-1,5445123011,2018-05-31 00:03:35,709
0,31-MAY-18,-1,1691,34299900,-764755100,-1,999,-1,5445123016,2018-05-31 00:03:35,761
0,31-MAY-18,-1,2247,34301050,-764747817,-1,999,-1,5445123010,2018-05-31 00:03:35,788
0,31-MAY-18,-1,17872,34964383,-765055383,-1,999,-1,5445123014,2018-05-31 00:03:35,888
0,31-MAY-18,-1,-1,34034217,-764762183,-1,999,-1,5445123013,2018-05-31 00:03:35,940
0,31-MAY-18,514083,22,34205617,-764812483,618,2841,302,5445123006,2018-05-31 00:03:35,968
0,31-MAY-18,-1,236,33587800,-765114783,-1,999,-1,5445123021,2018-05-31 00:03:36,1135
0,31-MAY-18,513202,34,34693867,-764918617,436,3372,254,5445123019,2018-05-31 00:03:36,1193
0,31-MAY-18,513202,34,34693867,-764918617,436,3372,254,5445123024,2018-05-31 00:03:36,1193
0,31-MAY-18,-1,-1,34974900,-765022300,-1,-1,-1,5445123018,2018-05-31 00:03:36,177
0,31-MAY-18,-1,-1,33616567,-765097383,-1,-1,-1,5445123023,2018-05-31 00:03:36,19
0,31-MAY-18,-1,1907,34058467,-764748367,-1,999,-1,5445123025,2018-05-31 00:03:36,227
0,31-MAY-18,-1,-1,33599000,-765119083,-1,-1,-1,5445123027,2018-05-31 00:03:36,50
0,31-MAY-18,-1,-1,34302050,-764746900,-1,-1,-1,5445123022,2018-05-31 00:03:36,772
0,31-MAY-18,-1,631,33588733,-765111400,-1,999,-1,5445123017,2018-05-31 00:03:36,828
0,31-MAY-18,-1,115,34047267,-764758667,-1,999,-1,5445123026,2018-05-31 00:03:36,926
0,31-MAY-18,500104,-1,34308500,-764752983,63,421,9712,5445123020,2018-05-31 00:03:36,960
0,31-MAY-18,-1,2014,34964850,-765060567,-1,999,-1,5445123044,2018-05-31 00:03:37,1068
0,31-MAY-18,-1,2813,34957617,-765054400,-1,999,-1,5445123035,2018-05-31 00:03:37,1075
0,31-MAY-18,-1,5,33586100,-765109683,-1,-1,-1,5445123043,2018-05-31 00:03:37,116
0,31-MAY-18,513214,15,34796600,-764968867,79,336,441,5445123028,2018-05-31 00:03:37,1211
0,31-MAY-18,513214,15,34797117,-764969583,79,336,441,5445123031,2018-05-31 00:03:37,1211
0,31-MAY-18,513067,227,34845767,-764906850,649,334,233,5445123029,2018-05-31 00:03:37,1212
0,31-MAY-18,512153,20,34862683,-765090067,799,323,228,5445123045,2018-05-31 00:03:37,1214
0,31-MAY-18,-1,-1,-1,-1,-1,-1,-1,5445123039,2018-05-31 00:03:37,151
0,31-MAY-18,-1,-1,34970783,-765029967,-1,-1,-1,5445123037,2018-05-31 00:03:37,293
0,31-MAY-18,-1,-1,33599467,-765118933,-1,-1,-1,5445123032,2018-05-31 00:03:37,413
0,31-MAY-18,-1,-1,34971900,-765027983,-1,-1,-1,5445123038,2018-05-31 00:03:37,5
0,31-MAY-18,514195,15,34339833,-764721950,733,355,9992,5445123034,2018-05-31 00:03:37,700
0,31-MAY-18,514195,32,34339200,-764721433,733,355,9992,5445123036,2018-05-31 00:03:37,700
0,31-MAY-18,501703,12675,-1,-1,-1,-1,-1,5445123040,2018-05-31 00:03:37,706
0,31-MAY-18,-1,598,34301217,-764746117,-1,999,-1,5445123033,2018-05-31 00:03:37,747
0,31-MAY-18,-1,594,34299550,-764746333,-1,999,-1,5445123030,2018-05-31 00:03:37,797
0,31-MAY-18,-1,-1,34970683,-765035650,-1,-1,-1,5445123042,2018-05-31 00:03:37,805
0,31-MAY-18,-1,-1,34035200,-764758817,-1,-1,-1,5445123041,2018-05-31 00:03:37,929
0,31-MAY-18,511352,-1,33770517,-765598483,160,3122,9943,5445123049,2018-05-31 00:03:38,124
0,31-MAY-18,514243,3,34575300,-764881900,1087,3452,362,5445123047,2018-05-31 00:03:38,1263
0,31-MAY-18,-1,3430,34963683,-765054383,-1,999,-1,5445123054,2018-05-31 00:03:38,145
0,31-MAY-18,502100,-1,34964600,-765059133,851,2274,9909,5445123051,2018-05-31 00:03:38,180
0,31-MAY-18,512122,36,34939183,-765035750,754,322,153,5445123048,2018-05-31 00:03:38,200
0,31-MAY-18,-1,13370,34963033,-765053800,-1,999,-1,5445123052,2018-05-31 00:03:38,203
0,31-MAY-18,-1,-1,33599950,-765117683,-1,-1,-1,5445123050,2018-05-31 00:03:38,68
0,31-MAY-18,-1,-1,34970100,-765037083,-1,-1,-1,5445123053,2018-05-31 00:03:38,893
0,31-MAY-18,-1,-1,34044100,-764761817,-1,999,-1,5445123055,2018-05-31 00:03:38,910
0,31-MAY-18,514083,22,34202950,-764809683,618,2841,302,5445123046,2018-05-31 00:03:38,968
0,31-MAY-18,500101,12510,34294350,-764750567,-1,999,-1,5445123064,2018-05-31 00:03:39,1005
0,31-MAY-18,-1,-1,33591833,-765113333,-1,-1,-1,5445123068,2018-05-31 00:03:39,1124
0,31-MAY-18,511456,32,33682583,-765170333,228,3131,305,5445123057,2018-05-31 00:03:39,1130
0,31-MAY-18,511456,32,33682583,-765170333,228,3131,305,5445123059,2018-05-31 00:03:39,1130
0,31-MAY-18,502302,-1,33670833,-765293500,1045,3141,586,5445123069,2018-05-31 00:03:39,1145
0,31-MAY-18,519041,4446,34782583,-765175600,259,305,9992,5445123061,2018-05-31 00:03:39,1189
0,31-MAY-18,-1,1221,34962267,-765053283,-1,999,-1,5445123062,2018-05-31 00:03:39,190
0,31-MAY-18,-1,403,33586467,-765110983,-1,999,-1,5445123065,2018-05-31 00:03:39,65
0,31-MAY-18,514195,32,34337900,-764720417,733,355,9992,5445123056,2018-05-31 00:03:39,700
0,31-MAY-18,-1,1182,34300567,-764747350,-1,999,-1,5445123058,2018-05-31 00:03:39,785
0,31-MAY-18,-1,-1,34970000,-765036550,-1,-1,-1,5445123067,2018-05-31 00:03:39,813
0,31-MAY-18,-1,17872,34964383,-765055400,-1,999,-1,5445123060,2018-05-31 00:03:39,888
0,31-MAY-18,-1,206,34290600,-764747567,-1,999,-1,5445123066,2018-05-31 00:03:39,953
0,31-MAY-18,-1,-1,34300567,-764749667,-1,-1,-1,5445123063,2018-05-31 00:03:39,962
0,31-MAY-18,-1,3745,33587750,-765111550,-1,999,-1,5445123075,2018-05-31 00:03:40,1008
0,31-MAY-18,513214,27,34798833,-764971117,79,336,441,5445123070,2018-05-31 00:03:40,1211
0,31-MAY-18,-1,773,-1,-1,-1,999,-1,5445123074,2018-05-31 00:03:40,304
0,31-MAY-18,511274,2609,33702117,-765248467,702,2211,9874,5445123076,2018-05-31 00:03:40,312
0,31-MAY-18,-1,-1,33606617,-765123267,-1,-1,-1,5445123072,2018-05-31 00:03:40,56
0,31-MAY-18,-1,-1,34296167,-764747067,-1,999,-1,5445123073,2018-05-31 00:03:40,966
0,31-MAY-18,-1,202,33594367,-765113683,-1,999,-1,5445123071,2018-05-31 00:03:40,992
0,31-MAY-18,-1,6284,34289517,-764746917,-1,999,-1,5445123079,2018-05-31 00:03:41,1011
0,31-MAY-18,-1,-1,34963700,-765037850,-1,-1,-1,5445123088,2018-05-31 00:03:41,1061
0,31-MAY-18,511274,5,33838233,-765223117,373,2211,9861,5445123083,2018-05-31 00:03:41,1139
0,31-MAY-18,511274,5,33838283,-765225150,373,2211,9861,5445123084,2018-05-31 00:03:41,1139
0,31-MAY-18,513275,157,34942167,-764896817,393,333,317,5445123080,2018-05-31 00:03:41,1210
0,31-MAY-18,513214,27,34799400,-764971733,79,336,441,5445123077,2018-05-31 00:03:41,1211
0,31-MAY-18,512184,2,34864033,-765089350,799,323,228,5445123085,2018-05-31 00:03:41,1214
0,31-MAY-18,-1,1963,33586650,-765113450,-1,999,-1,5445123082,2018-05-31 00:03:41,1220
0,31-MAY-18,514405,156,34044467,-764761217,560,347,9998,5445123089,2018-05-31 00:03:41,240
0,31-MAY-18,-1,307,34960033,-765043117,-1,999,-1,5445123087,2018-05-31 00:03:41,300
0,31-MAY-18,-1,9248,33592250,-765121167,-1,999,-1,5445123078,2018-05-31 00:03:41,414
0,31-MAY-18,-1,-1,33605883,-765121917,-1,-1,-1,5445123086,2018-05-31 00:03:41,632
0,31-MAY-18,-1,-1,34968567,-765038467,-1,-1,-1,5445123090,2018-05-31 00:03:41,8
0,31-MAY-18,-1,-1,34969117,-765038533,-1,-1,-1,5445123081,2018-05-31 00:03:41,815
0,31-MAY-18,511385,-1,33542400,-765206000,986,3171,261,5445123097,2018-05-31 00:03:42,1006
0,31-MAY-18,-1,719,33589333,-765114017,-1,999,-1,5445123094,2018-05-31 00:03:42,1033
0,31-MAY-18,500153,7852,34293767,-764745083,-1,999,-1,5445123092,2018-05-31 00:03:42,1109
0,31-MAY-18,-1,6074,-1,-1,-1,999,-1,5445123096,2018-05-31 00:03:42,1202
0,31-MAY-18,-1,-1,34278967,-765001000,-1,-1,-1,5445123091,2018-05-31 00:03:42,251
0,31-MAY-18,-1,-1,33601500,-765122083,-1,-1,-1,5445123099,2018-05-31 00:03:42,626
0,31-MAY-18,514195,32,34335800,-764718783,733,355,9992,5445123095,2018-05-31 00:03:42,700
0,31-MAY-18,-1,-1,34042050,-764759867,-1,-1,-1,5445123098,2018-05-31 00:03:42,919
0,31-MAY-18,-1,22523,33591217,-765114150,-1,999,-1,5445123093,2018-05-31 00:03:42,991
0,31-MAY-18,502302,2796,33435000,-765250450,842,3141,290,5445123101,2018-05-31 00:03:43,1009
0,31-MAY-18,-1,110,34294250,-764750067,-1,999,-1,5445123106,2018-05-31 00:03:43,1112
0,31-MAY-18,511265,436,33669433,-765291317,1045,3141,586,5445123107,2018-05-31 00:03:43,1145
0,31-MAY-18,-1,-1,33592417,-765117733,-1,-1,-1,5445123102,2018-05-31 00:03:43,1217
0,31-MAY-18,-1,350,33594083,-765119983,-1,999,-1,5445123108,2018-05-31 00:03:43,125
0,31-MAY-18,512122,74,34934600,-765033533,754,322,153,5445123100,2018-05-31 00:03:43,200
0,31-MAY-18,-1,-1,-1,-1,-1,999,-1,5445123104,2018-05-31 00:03:43,725
0,31-MAY-18,-1,-1,34302433,-764747100,-1,-1,-1,5445123103,2018-05-31 00:03:43,759
0,31-MAY-18,-1,168,34293317,-764749283,-1,999,-1,5445123105,2018-05-31 00:03:43,977
0,31-MAY-18,-1,-1,33591183,-765113233,-1,-1,-1,5445123111,2018-05-31 00:03:44,1048
0,31-MAY-18,-1,1043,34974033,-765008317,-1,999,-1,5445123114,2018-05-31 00:03:44,1077
0,31-MAY-18,512187,2,34934133,-765033333,754,322,153,5445123109,2018-05-31 00:03:44,200
0,31-MAY-18,-1,-1,34035767,-764763217,-1,-1,-1,5445123115,2018-05-31 00:03:44,218
0,31-MAY-18,-1,-1,34037383,-764754317,-1,-1,-1,5445123110,2018-05-31 00:03:44,289
0,31-MAY-18,-1,-1,33591250,-765112100,-1,-1,-1,5445123112,2018-05-31 00:03:44,823
0,31-MAY-18,504016,8296,34337150,-765251233,497,131,9921,5445123113,2018-05-31 00:03:44,837
0,31-MAY-18,511033,31,33698117,-765248100,641,3133,9855,5445123116,2018-05-31 00:03:44,95
0,31-MAY-18,-1,5462,33586983,-765110717,-1,999,-1,5445123122,2018-05-31 00:03:45,1154
0,31-MAY-18,-1,-1,34974717,-765022900,-1,-1,-1,5445123126,2018-05-31 00:03:45,1176
0,31-MAY-18,-1,-1,34978400,-765020467,-1,-1,-1,5445123130,2018-05-31 00:03:45,183
0,31-MAY-18,511059,9224,33794900,-765271867,580,3192,9996,5445123124,2018-05-31 00:03:45,281
0,31-MAY-18,-1,-1,34040650,-764756350,-1,-1,-1,5445123129,2018-05-31 00:03:45,624
0,31-MAY-18,514084,5,34191600,-764797717,148,2842,865,5445123123,2018-05-31 00:03:45,739
0,31-MAY-18,-1,-1,34301700,-764747767,-1,-1,-1,5445123119,2018-05-31 00:03:45,802
0,31-MAY-18,-1,-1,34955200,-765050600,-1,999,-1,5445123117,2018-05-31 00:03:45,817
0,31-MAY-18,-1,-1,33586100,-765117133,-1,-1,-1,5445123121,2018-05-31 00:03:45,83
0,31-MAY-18,515143,586,34027867,-765224700,555,2121,2178,5445123118,2018-05-31 00:03:45,844
0,31-MAY-18,513318,-1,34907133,-764917033,215,553,615,5445123128,2018-05-31 00:03:45,899
0,31-MAY-18,-1,-1,34046850,-764757300,874,3411,9990,5445123127,2018-05-31 00:03:45,928
0,31-MAY-18,-1,1336,34041267,-764758867,-1,999,-1,5445123120,2018-05-31 00:03:45,932
0,31-MAY-18,-1,5814,34034917,-764759017,-1,999,-1,5445123125,2018-05-31 00:03:45,936
0,31-MAY-18,-1,-1,33588767,-765119183,-1,-1,-1,5445123131,2018-05-31 00:03:45,994
0,31-MAY-18,511441,-1,33594317,-765118283,657,3124,9881,5445123136,2018-05-31 00:03:46,103
0,31-MAY-18,500165,3533,34292250,-764748667,-1,999,-1,5445123133,2018-05-31 00:03:46,1045
0,31-MAY-18,-1,189,34964917,-765057483,-1,999,-1,5445123138,2018-05-31 00:03:46,1178
0,31-MAY-18,514243,32,34578033,-764882983,1087,3452,362,5445123135,2018-05-31 00:03:46,1263
0,31-MAY-18,514243,38,34578417,-764883133,1087,3452,362,5445123137,2018-05-31 00:03:46,1263
0,31-MAY-18,-1,-1,34035583,-764761483,-1,-1,-1,5445123139,2018-05-31 00:03:46,221
0,31-MAY-18,502302,277,33654317,-765260600,154,3141,9984,5445123134,2018-05-31 00:03:46,32
0,31-MAY-18,-1,-1,33602117,-765122167,-1,-1,-1,5445123132,2018-05-31 00:03:46,628
0,31-MAY-18,-1,-1,34035300,-764761900,-1,999,-1,5445123140,2018-05-31 00:03:46,924
0,31-MAY-18,502302,2857,33434667,-765255800,842,3141,290,5445123146,2018-05-31 00:03:47,1009
0,31-MAY-18,-1,12267,33591167,-765120950,-1,999,-1,5445123145,2018-05-31 00:03:47,1138
0,31-MAY-18,-1,392,34296767,-764754283,-1,999,-1,5445123147,2018-05-31 00:03:47,1155
0,31-MAY-18,-1,-1,34962417,-765037550,-1,-1,-1,5445123143,2018-05-31 00:03:47,1201
0,31-MAY-18,-1,-1,33584450,-765110550,-1,-1,-1,5445123151,2018-05-31 00:03:47,130
0,31-MAY-18,514199,246,34247933,-764654767,455,347,743,5445123141,2018-05-31 00:03:47,226
0,31-MAY-18,-1,1620,34036850,-764766400,-1,999,-1,5445123144,2018-05-31 00:03:47,258
0,31-MAY-18,-1,-1,34034917,-764761950,-1,-1,-1,5445123150,2018-05-31 00:03:47,259
0,31-MAY-18,-1,-1,34969017,-765038700,-1,-1,-1,5445123148,2018-05-31 00:03:47,810
0,31-MAY-18,-1,-1,34969417,-765038117,-1,-1,-1,5445123149,2018-05-31 00:03:47,894
0,31-MAY-18,502313,-1,33667900,-765283033,598,3172,192,5445123142,2018-05-31 00:03:47,94
0,31-MAY-18,513041,52,34946300,-764983567,110,321,9893,5445123157,2018-05-31 00:03:48,1067
0,31-MAY-18,-1,1694,34959617,-765053817,-1,999,-1,5445123161,2018-05-31 00:03:48,1192
0,31-MAY-18,-1,-1,34974050,-765024367,-1,-1,-1,5445123160,2018-05-31 00:03:48,163
0,31-MAY-18,-1,-1,34035283,-764758717,-1,-1,-1,5445123159,2018-05-31 00:03:48,241
0,31-MAY-18,-1,-1,33599083,-765121850,-1,-1,-1,5445123153,2018-05-31 00:03:48,402
0,31-MAY-18,-1,-1,33600817,-765117683,-1,-1,-1,5445123158,2018-05-31 00:03:48,437
0,31-MAY-18,513040,-1,34826783,-765009817,545,2121,1882,5445123155,2018-05-31 00:03:48,53
0,31-MAY-18,-1,-1,33590033,-765113033,-1,-1,-1,5445123152,2018-05-31 00:03:48,67
0,31-MAY-18,-1,110,34293900,-764750550,-1,999,-1,5445123156,2018-05-31 00:03:48,717
0,31-MAY-18,-1,613,34297867,-764744983,-1,999,-1,5445123154,2018-05-31 00:03:48,743
0,31-MAY-18,511385,31,33543150,-765203167,986,3171,261,5445123165,2018-05-31 00:03:49,1006
0,31-MAY-18,512184,31,34866183,-765088000,799,323,228,5445123168,2018-05-31 00:03:49,1214
0,31-MAY-18,-1,323,33589150,-765111833,-1,999,-1,5445123164,2018-05-31 00:03:49,51
0,31-MAY-18,-1,-1,34956283,-764993383,-1,-1,-1,5445123169,2018-05-31 00:03:49,637
0,31-MAY-18,502304,14239,34289133,-764747533,-1,999,-1,5445123167,2018-05-31 00:03:49,746
0,31-MAY-18,-1,-1,33593067,-765118367,-1,999,-1,5445123166,2018-05-31 00:03:49,866
0,31-MAY-18,515190,2666,34077033,-764744267,105,353,9904,5445123162,2018-05-31 00:03:49,949
0,31-MAY-18,-1,-1,34293667,-764746133,-1,-1,-1,5445123163,2018-05-31 00:03:49,974
0,31-MAY-18,-1,4146,34039883,-764760417,-1,999,-1,5445123175,2018-05-31 00:03:50,11
0,31-MAY-18,512184,31,34866767,-765087633,799,323,228,5445123177,2018-05-31 00:03:50,1214
0,31-MAY-18,-1,2947,33167633,-765227300,-1,999,-1,5445123176,2018-05-31 00:03:50,199
0,31-MAY-18,-1,126,34034717,-764763800,423,1571,9885,5445123171,2018-05-31 00:03:50,216
0,31-MAY-18,-1,-1,34040983,-764756517,-1,-1,-1,5445123174,2018-05-31 00:03:50,239
0,31-MAY-18,-1,5,34035483,-764763283,115,150,9948,5445123170,2018-05-31 00:03:50,551
0,31-MAY-18,-1,-1,34971183,-765034850,-1,-1,-1,5445123173,2018-05-31 00:03:50,809
0,31-MAY-18,-1,5827,33594383,-765120833,-1,999,-1,5445123172,2018-05-31 00:03:50,88
0,31-MAY-18,-1,582,33602950,-765118467,-1,999,-1,5445123187,2018-05-31 00:03:51,1002
0,31-MAY-18,-1,216,34292350,-764748583,-1,999,-1,5445123189,2018-05-31 00:03:51,1111
0,31-MAY-18,-1,8313,34953333,-765053917,-1,999,-1,5445123179,2018-05-31 00:03:51,1190
0,31-MAY-18,514243,38,34580950,-764884067,1087,3452,362,5445123183,2018-05-31 00:03:51,1263
0,31-MAY-18,-1,1643,34504667,-765398233,729,302,9982,5445123180,2018-05-31 00:03:51,210
0,31-MAY-18,-1,-1,33600500,-765122050,-1,-1,-1,5445123178,2018-05-31 00:03:51,23
0,31-MAY-18,-1,8908,33591533,-765114750,-1,999,-1,5445123192,2018-05-31 00:03:51,299
0,31-MAY-18,513040,32,34828100,-765011850,545,2121,1882,5445123190,2018-05-31 00:03:51,53
0,31-MAY-18,513040,32,34828767,-765012833,545,2121,1882,5445123193,2018-05-31 00:03:51,53
0,31-MAY-18,-1,177,33580233,-765120550,-1,999,-1,5445123186,2018-05-31 00:03:51,54
0,31-MAY-18,514084,34,34187233,-764793083,148,2842,865,5445123185,2018-05-31 00:03:51,739
0,31-MAY-18,514084,34,34187917,-764793850,148,2842,865,5445123182,2018-05-31 00:03:51,739
0,31-MAY-18,-1,1298,34295300,-764750950,-1,999,-1,5445123181,2018-05-31 00:03:51,771
0,31-MAY-18,-1,97,34297317,-764754083,-1,999,-1,5445123188,2018-05-31 00:03:51,775
0,31-MAY-18,-1,-1,33603583,-765122300,-1,-1,-1,5445123191,2018-05-31 00:03:51,835
0,31-MAY-18,-1,1,33585433,-765161783,-1,999,-1,5445123184,2018-05-31 00:03:51,98
0,31-MAY-18,-1,330,33593767,-765115183,-1,999,-1,5445123201,2018-05-31 00:03:52,1007
0,31-MAY-18,-1,-1,34953750,-765053400,-1,-1,-1,5445123203,2018-05-31 00:03:52,1032
0,31-MAY-18,-1,-1,34974483,-765023717,-1,-1,-1,5445123199,2018-05-31 00:03:52,1070
0,31-MAY-18,500058,-1,34354700,-765150467,62,376,9998,5445123202,2018-05-31 00:03:52,1262
0,31-MAY-18,-1,499,34034617,-764761917,707,142,9964,5445123197,2018-05-31 00:03:52,616
0,31-MAY-18,515054,6990,34302350,-764748983,999,2524,728,5445123194,2018-05-31 00:03:52,792
0,31-MAY-18,-1,638,33591883,-765112067,-1,999,-1,5445123198,2018-05-31 00:03:52,829
0,31-MAY-18,511204,-1,34025983,-765465967,611,3191,9892,5445123200,2018-05-31 00:03:52,900
0,31-MAY-18,514084,6,34191733,-764797633,618,2841,302,5445123195,2018-05-31 00:03:52,968
0,31-MAY-18,-1,612,34304200,-764750133,-1,999,-1,5445123196,2018-05-31 00:03:52,983
0,31-MAY-18,-1,507,34300550,-764748717,-1,999,-1,5445123207,2018-05-31 00:03:53,1113
0,31-MAY-18,-1,5762,33593633,-765119050,-1,999,-1,5445123212,2018-05-31 00:03:53,1129
0,31-MAY-18,-1,279,34957667,-765045883,-1,999,-1,5445123209,2018-05-31 00:03:53,1185
0,31-MAY-18,511352,9514,33590317,-765229817,276,3122,9931,5445123205,2018-05-31 00:03:53,121
0,31-MAY-18,513307,2,34847767,-764910800,649,334,233,5445123204,2018-05-31 00:03:53,1212
0,31-MAY-18,-1,-1,33587400,-765113233,314,3133,9886,5445123206,2018-05-31 00:03:53,123
0,31-MAY-18,519192,-1,34586733,-765307733,937,306,9982,5445123210,2018-05-31 00:03:53,198
0,31-MAY-18,-1,40,33594467,-765116650,-1,999,-1,5445123208,2018-05-31 00:03:53,24
0,31-MAY-18,502100,13751,34308317,-764752550,832,2274,9927,5445123211,2018-05-31 00:03:53,975
0,31-MAY-18,511385,44,33545300,-765202883,986,3171,261,5445123221,2018-05-31 00:03:54,1006
0,31-MAY-18,-1,-1,34957017,-765048433,-1,-1,-1,5445123218,2018-05-31 00:03:54,1074
0,31-MAY-18,-1,-1,34300483,-764748350,-1,-1,-1,5445123220,2018-05-31 00:03:54,1095
0,31-MAY-18,-1,506,34303333,-764749533,-1,999,-1,5445123216,2018-05-31 00:03:54,1115
0,31-MAY-18,501401,5935,34965000,-765061600,917,2301,9934,5445123225,2018-05-31 00:03:54,1179
0,31-MAY-18,-1,-1,33592433,-765118083,-1,999,-1,5445123215,2018-05-31 00:03:54,1233
0,31-MAY-18,-1,-1,34970950,-765035333,-1,-1,-1,5445123224,2018-05-31 00:03:54,137
0,31-MAY-18,-1,-1,33586983,-765111450,-1,999,-1,5445123222,2018-05-31 00:03:54,26
0,31-MAY-18,-1,398,33595350,-765117933,-1,999,-1,5445123223,2018-05-31 00:03:54,382
0,31-MAY-18,-1,2758,33592767,-765114800,-1,999,-1,5445123217,2018-05-31 00:03:54,42
0,31-MAY-18,514084,34,34185300,-764790933,148,2842,865,5445123219,2018-05-31 00:03:54,739
0,31-MAY-18,-1,-1,33718567,-765387883,-1,999,-1,5445123214,2018-05-31 00:03:54,873
0,31-MAY-18,514405,769,34036817,-764765667,-1,999,-1,5445123213,2018-05-31 00:03:54,937
0,31-MAY-18,-1,-1,34972883,-765005717,-1,999,-1,5445123229,2018-05-31 00:03:55,1197
0,31-MAY-18,513001,8,34807400,-764981050,79,336,441,5445123226,2018-05-31 00:03:55,1211
0,31-MAY-18,504007,727,34896383,-764926783,896,3351,529,5445123231,2018-05-31 00:03:55,202
0,31-MAY-18,514270,1400,34046150,-764745450,869,3411,725,5445123233,2018-05-31 00:03:55,253
0,31-MAY-18,500058,-1,34137950,-764714933,446,376,9988,5445123232,2018-05-31 00:03:55,269
0,31-MAY-18,-1,5053,33600200,-765120267,-1,999,-1,5445123227,2018-05-31 00:03:55,439
0,31-MAY-18,-1,-1,34303183,-764748967,-1,999,-1,5445123228,2018-05-31 00:03:55,744
0,31-MAY-18,517076,11522,34239767,-764853767,561,373,9986,5445123230,2018-05-31 00:03:55,764
0,31-MAY-18,511241,-1,33434150,-765269283,842,3141,290,5445123240,2018-05-31 00:03:56,1009
0,31-MAY-18,500202,49,34813867,-764984400,511,2121,1884,5445123245,2018-05-31 00:03:56,1078
0,31-MAY-18,-1,3926,34290467,-764748983,-1,999,-1,5445123248,2018-05-31 00:03:56,1093
0,31-MAY-18,-1,12417,34308117,-764754550,-1,999,-1,5445123247,2018-05-31 00:03:56,1094
0,31-MAY-18,502701,400,34277467,-764974467,861,2842,433,5445123234,2018-05-31 00:03:56,1096
0,31-MAY-18,513307,32,34848967,-764912850,649,334,233,5445123235,2018-05-31 00:03:56,1212
0,31-MAY-18,-1,259,34958550,-765054333,-1,999,-1,5445123239,2018-05-31 00:03:56,166
0,31-MAY-18,514200,4,34240583,-764656250,455,347,743,5445123237,2018-05-31 00:03:56,226
0,31-MAY-18,-1,-1,34038250,-764753683,-1,-1,-1,5445123246,2018-05-31 00:03:56,288
0,31-MAY-18,513040,2,34830567,-765015600,545,2121,1882,5445123244,2018-05-31 00:03:56,53
0,31-MAY-18,513040,2,34831533,-765017150,545,2121,1882,5445123249,2018-05-31 00:03:56,53
0,31-MAY-18,-1,-1,34301883,-764746633,-1,-1,-1,5445123242,2018-05-31 00:03:56,760
0,31-MAY-18,-1,15116,34300950,-764754817,-1,999,-1,5445123238,2018-05-31 00:03:56,774
0,31-MAY-18,-1,-1,34045467,-764760633,-1,-1,-1,5445123243,2018-05-31 00:03:56,935
0,31-MAY-18,514084,36,34188333,-764794083,618,2841,302,5445123236,2018-05-31 00:03:56,968
0,31-MAY-18,514219,-1,34400100,-764812317,622,3441,501,5445123241,2018-05-31 00:03:56,970
0,31-MAY-18,-1,6160,33573167,-765122850,-1,999,-1,5445123259,2018-05-31 00:03:57,1046
0,31-MAY-18,-1,-1,34293117,-764749400,-1,999,-1,5445123258,2018-05-31 00:03:57,1108
0,31-MAY-18,-1,-1,34978050,-765020983,-1,-1,-1,5445123250,2018-05-31 00:03:57,1208
0,31-MAY-18,500113,-1,34897583,-765088817,337,552,1526,5445123255,2018-05-31 00:03:57,181
0,31-MAY-18,517076,5954,34473317,-765366517,614,373,9980,5445123252,2018-05-31 00:03:57,186
0,31-MAY-18,504007,727,34895333,-764928417,896,3351,529,5445123253,2018-05-31 00:03:57,202
0,31-MAY-18,514162,133,34269583,-764735267,96,3442,327,5445123256,2018-05-31 00:03:57,263
0,31-MAY-18,514381,785,34240650,-764849967,606,353,495,5445123257,2018-05-31 00:03:57,272
0,31-MAY-18,-1,161,34294067,-764751183,-1,999,-1,5445123251,2018-05-31 00:03:57,302
0,31-MAY-18,501850,14066,34292983,-764750383,-1,999,-1,5445123254,2018-05-31 00:03:57,45
0,31-MAY-18,-1,-1,34045783,-764760950,-1,999,-1,5445123260,2018-05-31 00:03:57,618
0,31-MAY-18,502300,13206,34262950,-764771317,178,421,9740,5445123261,2018-05-31 00:03:57,959
0,31-MAY-18,511385,32,33547267,-765202750,986,3171,261,5445123272,2018-05-31 00:03:58,1006
0,31-MAY-18,-1,897,34290150,-764748300,-1,999,-1,5445123268,2018-05-31 00:03:58,1110
0,31-MAY-18,502302,84,33661867,-765274817,1045,3141,586,5445123273,2018-05-31 00:03:58,1145
0,31-MAY-18,-1,-1,33593067,-765121067,-1,999,-1,5445123271,2018-05-31 00:03:58,1161
0,31-MAY-18,511077,-1,33789833,-765682100,116,3192,227,5445123264,2018-05-31 00:03:58,119
0,31-MAY-18,513079,-1,34688083,-764906700,436,3372,254,5445123269,2018-05-31 00:03:58,1193
0,31-MAY-18,-1,3492,33594350,-765114750,-1,999,-1,5445123270,2018-05-31 00:03:58,128
0,31-MAY-18,513185,1023,34854550,-764945933,625,332,308,5445123277,2018-05-31 00:03:58,193
0,31-MAY-18,512187,31,34930533,-765031883,754,322,153,5445123265,2018-05-31 00:03:58,200
0,31-MAY-18,-1,5534,34959667,-765045017,-1,999,-1,5445123266,2018-05-31 00:03:58,213
0,31-MAY-18,514200,37,34238500,-764656383,455,347,743,5445123263,2018-05-31 00:03:58,226
0,31-MAY-18,514200,37,34239567,-764656367,455,347,743,5445123262,2018-05-31 00:03:58,226
0,31-MAY-18,-1,-1,34293517,-764740533,-1,-1,-1,5445123267,2018-05-31 00:03:58,740
0,31-MAY-18,-1,-1,33587150,-765115483,-1,-1,-1,5445123276,2018-05-31 00:03:58,81
0,31-MAY-18,-1,-1,33604517,-765119517,-1,-1,-1,5445123275,2018-05-31 00:03:58,832
0,31-MAY-18,-1,-1,34300100,-764748133,-1,-1,-1,5445123274,2018-05-31 00:03:58,984
0,31-MAY-18,511241,36,33433817,-765274417,842,3141,290,5445123281,2018-05-31 00:03:59,1009
0,31-MAY-18,-1,-1,33584700,-765113200,-1,-1,-1,5445123282,2018-05-31 00:03:59,1159
0,31-MAY-18,512184,19,34869167,-765086083,799,323,228,5445123286,2018-05-31 00:03:59,1214
0,31-MAY-18,-1,-1,33615450,-765098000,-1,-1,-1,5445123284,2018-05-31 00:03:59,126
0,31-MAY-18,-1,-1,34978117,-765018833,-1,-1,-1,5445123290,2018-05-31 00:03:59,155
0,31-MAY-18,500168,-1,34355833,-764731767,1167,3441,9949,5445123287,2018-05-31 00:03:59,260
0,31-MAY-18,-1,229,33590383,-765121067,-1,999,-1,5445123289,2018-05-31 00:03:59,27
0,31-MAY-18,-1,253,33594700,-765115417,-1,999,-1,5445123280,2018-05-31 00:03:59,37
0,31-MAY-18,-1,-1,34295500,-764742400,-1,-1,-1,5445123291,2018-05-31 00:03:59,705
0,31-MAY-18,-1,113,34294800,-764751233,-1,999,-1,5445123288,2018-05-31 00:03:59,767
0,31-MAY-18,514041,172,34163417,-764670250,790,2841,300,5445123279,2018-05-31 00:03:59,789
0,31-MAY-18,-1,-1,33609333,-765121400,-1,-1,-1,5445123285,2018-05-31 00:03:59,848
0,31-MAY-18,-1,4198,33589250,-765114350,-1,999,-1,5445123283,2018-05-31 00:03:59,856
0,31-MAY-18,514084,36,34186900,-764792683,618,2841,302,5445123278,2018-05-31 00:03:59,968
0,31-MAY-18,-1,113,33590383,-765114500,-1,999,-1,5445123296,2018-05-31 00:04:00,1049
0,31-MAY-18,-1,-1,34963200,-765040267,-1,-1,-1,5445123298,2018-05-31 00:04:00,192
0,31-MAY-18,-1,9789,34034917,-764756633,-1,999,-1,5445123297,2018-05-31 00:04:00,285
0,31-MAY-18,-1,3352,34963150,-765037150,-1,999,-1,5445123299,2018-05-31 00:04:00,307
0,31-MAY-18,-1,-1,33594767,-765117917,-1,999,-1,5445123300,2018-05-31 00:04:00,71
0,31-MAY-18,-1,616,34300117,-764747067,-1,999,-1,5445123295,2018-05-31 00:04:00,745
0,31-MAY-18,500050,-1,34292050,-764773367,721,557,2381,5445123294,2018-05-31 00:04:00,765
0,31-MAY-18,-1,6088,33593483,-765121517,-1,999,-1,5445123293,2018-05-31 00:04:00,850
0,31-MAY-18,-1,-1,34183817,-765482517,-1,-1,-1,5445123292,2018-05-31 00:04:00,951
0,31-MAY-18,513307,42,34850933,-764917317,649,334,233,5445123302,2018-05-31 00:04:01,1212
0,31-MAY-18,519281,10306,34959417,-765044950,-1,999,-1,5445123305,2018-05-31 00:04:01,188
0,31-MAY-18,-1,14,34038717,-764765217,188,1472,9759,5445123306,2018-05-31 00:04:01,219
0,31-MAY-18,-1,-1,34289467,-764738600,-1,999,-1,5445123308,2018-05-31 00:04:01,34
0,31-MAY-18,513040,10,34833567,-765018683,545,2121,1882,5445123307,2018-05-31 00:04:01,53
0,31-MAY-18,-1,-1,34968683,-765039217,-1,-1,-1,5445123309,2018-05-31 00:04:01,819
0,31-MAY-18,516230,6,34010983,-765233817,555,2121,2178,5445123301,2018-05-31 00:04:01,844
0,31-MAY-18,-1,7757,33590217,-765111817,-1,999,-1,5445123304,2018-05-31 00:04:01,863
0,31-MAY-18,-1,-1,34306250,-764752617,63,421,9712,5445123310,2018-05-31 00:04:01,960
0,31-MAY-18,500162,764,34395883,-764811283,622,3441,501,5445123303,2018-05-31 00:04:01,970
0,31-MAY-18,-1,1452,34965467,-765035050,-1,999,-1,5445123320,2018-05-31 00:04:02,1071
0,31-MAY-18,-1,102,34296867,-764753233,-1,999,-1,5445123318,2018-05-31 00:04:02,1107
0,31-MAY-18,511078,-1,33794167,-765683067,116,3192,227,5445123316,2018-05-31 00:04:02,119
0,31-MAY-18,513316,-1,34892817,-765058100,471,553,9998,5445123319,2018-05-31 00:04:02,1213
0,31-MAY-18,-1,-1,33586300,-765112350,-1,-1,-1,5445123313,2018-05-31 00:04:02,30
0,31-MAY-18,-1,15687,33590383,-765119317,-1,-1,-1,5445123315,2018-05-31 00:04:02,314
0,31-MAY-18,-1,-1,34970250,-765031133,-1,-1,-1,5445123317,2018-05-31 00:04:02,636
0,31-MAY-18,-1,-1,34303817,-764748150,-1,-1,-1,5445123312,2018-05-31 00:04:02,757
0,31-MAY-18,-1,10127,34970633,-765036000,-1,999,-1,5445123314,2018-05-31 00:04:02,889
0,31-MAY-18,514084,15,34185100,-764790683,618,2841,302,5445123311,2018-05-31 00:04:02,968
0,31-MAY-18,-1,503,34954783,-765054000,-1,999,-1,5445123325,2018-05-31 00:04:03,1025
0,31-MAY-18,-1,-1,34975150,-765022283,-1,-1,-1,5445123329,2018-05-31 00:04:03,1029
0,31-MAY-18,-1,-1,33585900,-765110200,401,3121,9831,5445123322,2018-05-31 00:04:03,104
0,31-MAY-18,-1,367,34959183,-765044000,-1,999,-1,5445123327,2018-05-31 00:04:03,1172
0,31-MAY-18,513079,32,34690200,-764900483,436,3372,254,5445123324,2018-05-31 00:04:03,1193
0,31-MAY-18,513079,32,34690200,-764900483,436,3372,254,5445123326,2018-05-31 00:04:03,1193
0,31-MAY-18,-1,-1,34959100,-765045633,-1,999,-1,5445123328,2018-05-31 00:04:03,1203
0,31-MAY-18,500162,484,34458750,-764837183,53,3442,645,5445123321,2018-05-31 00:04:03,274
0,31-MAY-18,-1,19094,34294300,-764745967,-1,999,-1,5445123323,2018-05-31 00:04:03,749
0,31-MAY-18,-1,-1,34969683,-765037467,-1,-1,-1,5445123338,2018-05-31 00:04:04,1026
0,31-MAY-18,-1,-1,33603500,-765122117,-1,-1,-1,5445123341,2018-05-31 00:04:04,1120
0,31-MAY-18,-1,163,34954700,-765054067,-1,999,-1,5445123340,2018-05-31 00:04:04,1195
0,31-MAY-18,-1,351,33594017,-765120067,-1,999,-1,5445123336,2018-05-31 00:04:04,125
0,31-MAY-18,514428,8,34232350,-764656933,455,347,743,5445123330,2018-05-31 00:04:04,226
0,31-MAY-18,500164,285,34439067,-764819733,904,3411,356,5445123333,2018-05-31 00:04:04,250
0,31-MAY-18,-1,3094,34711833,-764858367,176,1571,9949,5445123332,2018-05-31 00:04:04,653
0,31-MAY-18,-1,-1,34304600,-764750350,-1,999,-1,5445123337,2018-05-31 00:04:04,709
0,31-MAY-18,514084,87,34182883,-764785083,148,2842,865,5445123331,2018-05-31 00:04:04,739
0,31-MAY-18,-1,-1,33601900,-765122067,-1,-1,-1,5445123334,2018-05-31 00:04:04,780
0,31-MAY-18,-1,2247,34301033,-764747767,-1,999,-1,5445123335,2018-05-31 00:04:04,788
0,31-MAY-18,-1,-1,34034233,-764762200,-1,999,-1,5445123339,2018-05-31 00:04:04,940
0,31-MAY-18,-1,236,33587800,-765114767,-1,999,-1,5445123345,2018-05-31 00:04:05,1135
0,31-MAY-18,511274,331,33847867,-765243667,373,2211,9861,5445123344,2018-05-31 00:04:05,1139
0,31-MAY-18,-1,1917,34058217,-764749933,-1,999,-1,5445123347,2018-05-31 00:04:05,227
0,31-MAY-18,501703,12675,-1,-1,-1,-1,-1,5445123346,2018-05-31 00:04:05,706
0,31-MAY-18,-1,1691,34299883,-764755117,-1,999,-1,5445123342,2018-05-31 00:04:05,761
0,31-MAY-18,516230,32,34006867,-765234283,555,2121,2178,5445123343,2018-05-31 00:04:05,844
0,31-MAY-18,-1,115,34047733,-764759683,-1,999,-1,5445123348,2018-05-31 00:04:05,926
0,31-MAY-18,-1,2871,34953233,-765054333,-1,999,-1,5445123354,2018-05-31 00:04:06,1075
0,31-MAY-18,-1,5,33586117,-765109683,-1,-1,-1,5445123356,2018-05-31 00:04:06,116
0,31-MAY-18,-1,-1,33586100,-765119733,-1,-1,-1,5445123355,2018-05-31 00:04:06,18
0,31-MAY-18,-1,-1,34045733,-764758350,-1,-1,-1,5445123349,2018-05-31 00:04:06,238
0,31-MAY-18,-1,598,34301217,-764746117,-1,999,-1,5445123351,2018-05-31 00:04:06,747
0,31-MAY-18,-1,594,34299550,-764746300,-1,999,-1,5445123350,2018-05-31 00:04:06,797
0,31-MAY-18,-1,631,33588750,-765111367,-1,999,-1,5445123352,2018-05-31 00:04:06,828
0,31-MAY-18,-1,-1,33593733,-765116850,-1,-1,-1,5445123353,2018-05-31 00:04:06,836
0,31-MAY-18,500101,12510,34294333,-764750567,-1,999,-1,5445123362,2018-05-31 00:04:07,1005
0,31-MAY-18,-1,2014,34964800,-765060617,-1,999,-1,5445123364,2018-05-31 00:04:07,1068
0,31-MAY-18,519041,4446,34782550,-765175617,259,305,9992,5445123363,2018-05-31 00:04:07,1189
0,31-MAY-18,-1,-1,34978050,-765020983,-1,-1,-1,5445123358,2018-05-31 00:04:07,1208
0,31-MAY-18,-1,3443,34962750,-765053583,-1,999,-1,5445123367,2018-05-31 00:04:07,145
0,31-MAY-18,-1,-1,-1,-1,-1,-1,-1,5445123360,2018-05-31 00:04:07,151
0,31-MAY-18,-1,-1,34974933,-765022333,-1,-1,-1,5445123361,2018-05-31 00:04:07,177
0,31-MAY-18,-1,-1,33616517,-765097333,-1,-1,-1,5445123366,2018-05-31 00:04:07,19
0,31-MAY-18,514428,41,34229700,-764658883,455,347,743,5445123357,2018-05-31 00:04:07,226
0,31-MAY-18,-1,-1,33590633,-765112200,-1,-1,-1,5445123359,2018-05-31 00:04:07,44
0,31-MAY-18,-1,-1,34302067,-764746900,-1,-1,-1,5445123365,2018-05-31 00:04:07,772
0,31-MAY-18,513001,-1,34815117,-764979833,79,336,9998,5445123368,2018-05-31 00:04:08,1211
0,31-MAY-18,-1,-1,33582000,-765106567,-1,-1,-1,5445123371,2018-05-31 00:04:08,1223
0,31-MAY-18,511352,-1,33758933,-765594317,160,3122,9943,5445123369,2018-05-31 00:04:08,124
0,31-MAY-18,-1,1234,34961017,-765053333,-1,999,-1,5445123373,2018-05-31 00:04:08,190
0,31-MAY-18,-1,13385,34961867,-765053067,-1,999,-1,5445123374,2018-05-31 00:04:08,203
0,31-MAY-18,-1,-1,34970883,-765030067,-1,-1,-1,5445123370,2018-05-31 00:04:08,293
0,31-MAY-18,511274,2886,33726333,-765251167,702,2211,9874,5445123375,2018-05-31 00:04:08,312
0,31-MAY-18,-1,1182,34300617,-764747500,-1,999,-1,5445123372,2018-05-31 00:04:08,785
0,31-MAY-18,-1,-1,34040033,-764764483,-1,999,-1,5445123376,2018-05-31 00:04:08,910
0,31-MAY-18,-1,3745,33587783,-765111583,-1,999,-1,5445123383,2018-05-31 00:04:09,1008
0,31-MAY-18,513001,-1,34815733,-764979300,79,336,9998,5445123379,2018-05-31 00:04:09,1211
0,31-MAY-18,-1,-1,34971967,-765028050,-1,-1,-1,5445123381,2018-05-31 00:04:09,5
0,31-MAY-18,-1,-1,33599100,-765118967,-1,-1,-1,5445123377,2018-05-31 00:04:09,50
0,31-MAY-18,-1,-1,33599967,-765117683,-1,-1,-1,5445123382,2018-05-31 00:04:09,68
0,31-MAY-18,-1,-1,34970683,-765035650,-1,-1,-1,5445123384,2018-05-31 00:04:09,805
0,31-MAY-18,-1,-1,34035200,-764758833,-1,-1,-1,5445123385,2018-05-31 00:04:09,929
0,31-MAY-18,-1,221,34289450,-764746867,-1,999,-1,5445123386,2018-05-31 00:04:09,953
0,31-MAY-18,-1,-1,34296167,-764747067,-1,999,-1,5445123380,2018-05-31 00:04:09,966
0,31-MAY-18,-1,202,33594367,-765113667,-1,999,-1,5445123378,2018-05-31 00:04:09,992
0,31-MAY-18,-1,6393,34283400,-764740350,-1,999,-1,5445123392,2018-05-31 00:04:10,1011
0,31-MAY-18,-1,-1,33591850,-765113333,-1,-1,-1,5445123394,2018-05-31 00:04:10,1124
0,31-MAY-18,513275,294,34949783,-764888900,393,333,317,5445123393,2018-05-31 00:04:10,1210
0,31-MAY-18,-1,1963,33586650,-765113450,-1,999,-1,5445123390,2018-05-31 00:04:10,1220
0,31-MAY-18,514428,41,34227833,-764660317,455,347,743,5445123388,2018-05-31 00:04:10,226
0,31-MAY-18,-1,9248,33592233,-765121183,-1,999,-1,5445123387,2018-05-31 00:04:10,414
0,31-MAY-18,-1,403,33586483,-765110983,-1,999,-1,5445123395,2018-05-31 00:04:10,65
0,31-MAY-18,514195,260,34319750,-764703233,733,355,9992,5445123391,2018-05-31 00:04:10,700
0,31-MAY-18,-1,-1,34970200,-765036500,-1,-1,-1,5445123399,2018-05-31 00:04:10,813
0,31-MAY-18,-1,17872,34964433,-765055433,-1,999,-1,5445123396,2018-05-31 00:04:10,888
0,31-MAY-18,-1,-1,34970083,-765037067,-1,-1,-1,5445123398,2018-05-31 00:04:10,893
0,31-MAY-18,-1,-1,34300567,-764749750,-1,-1,-1,5445123397,2018-05-31 00:04:10,962
0,31-MAY-18,-1,22523,33591233,-765114167,-1,999,-1,5445123389,2018-05-31 00:04:10,991
0,31-MAY-18,-1,719,33589333,-765114017,-1,999,-1,5445123403,2018-05-31 00:04:11,1033
0,31-MAY-18,500153,7852,34294167,-764745367,-1,999,-1,5445123407,2018-05-31 00:04:11,1109
0,31-MAY-18,-1,6386,34561583,-765308800,-1,999,-1,5445123402,2018-05-31 00:04:11,1202
0,31-MAY-18,513001,-1,34817083,-764978133,79,336,9998,5445123400,2018-05-31 00:04:11,1211
0,31-MAY-18,514243,175,34594067,-764887967,1087,3452,362,5445123406,2018-05-31 00:04:11,1263
0,31-MAY-18,514428,200,34225783,-764661750,455,347,743,5445123401,2018-05-31 00:04:11,226
0,31-MAY-18,514405,156,34044467,-764761183,560,347,9998,5445123410,2018-05-31 00:04:11,240
0,31-MAY-18,-1,307,34960017,-765043133,-1,999,-1,5445123408,2018-05-31 00:04:11,300
0,31-MAY-18,-1,874,-1,-1,-1,999,-1,5445123405,2018-05-31 00:04:11,304
0,31-MAY-18,-1,-1,33606600,-765123283,-1,-1,-1,5445123404,2018-05-31 00:04:11,56
0,31-MAY-18,-1,-1,34299300,-764750517,-1,999,-1,5445123409,2018-05-31 00:04:11,725
0,31-MAY-18,-1,-1,34963700,-765037833,-1,-1,-1,5445123416,2018-05-31 00:04:12,1061
0,31-MAY-18,513293,-1,34950533,-764887600,393,333,317,5445123412,2018-05-31 00:04:12,1210
0,31-MAY-18,514462,-1,34594783,-764888083,1087,3452,362,5445123414,2018-05-31 00:04:12,1263
0,31-MAY-18,513211,-1,34841300,-765015867,545,2121,1882,5445123418,2018-05-31 00:04:12,53
0,31-MAY-18,-1,-1,33605883,-765121917,-1,-1,-1,5445123419,2018-05-31 00:04:12,632
0,31-MAY-18,514042,3,34167067,-764667917,790,2841,300,5445123411,2018-05-31 00:04:12,789
0,31-MAY-18,-1,-1,34969117,-765038517,-1,-1,-1,5445123415,2018-05-31 00:04:12,815
0,31-MAY-18,514219,31,34393067,-764810267,622,3441,501,5445123413,2018-05-31 00:04:12,970
0,31-MAY-18,-1,168,34293333,-764749300,-1,999,-1,5445123417,2018-05-31 00:04:12,977
0,31-MAY-18,-1,1043,34974033,-765008333,-1,999,-1,5445123424,2018-05-31 00:04:13,1077
0,31-MAY-18,-1,110,34294250,-764750033,-1,999,-1,5445123422,2018-05-31 00:04:13,1112
0,31-MAY-18,-1,-1,34278917,-764999967,-1,-1,-1,5445123420,2018-05-31 00:04:13,251
0,31-MAY-18,-1,-1,33601500,-765122083,-1,-1,-1,5445123425,2018-05-31 00:04:13,626
0,31-MAY-18,-1,-1,34302433,-764747083,-1,-1,-1,5445123421,2018-05-31 00:04:13,759
0,31-MAY-18,504016,8722,34315850,-765280050,497,131,9921,5445123427,2018-05-31 00:04:13,837
0,31-MAY-18,-1,-1,34042217,-764760183,-1,-1,-1,5445123423,2018-05-31 00:04:13,919
0,31-MAY-18,511033,288,33722900,-765248567,641,3133,9855,5445123426,2018-05-31 00:04:13,95
0,31-MAY-18,-1,5462,33587000,-765110700,-1,999,-1,5445123433,2018-05-31 00:04:14,1154
0,31-MAY-18,502100,-1,34964633,-765059100,851,2274,9909,5445123435,2018-05-31 00:04:14,180
0,31-MAY-18,514200,20,34223567,-764663083,455,347,743,5445123428,2018-05-31 00:04:14,226
0,31-MAY-18,514200,39,34222433,-764663733,455,347,743,5445123431,2018-05-31 00:04:14,226
0,31-MAY-18,514200,39,34223567,-764663083,455,347,743,5445123430,2018-05-31 00:04:14,226
0,31-MAY-18,511059,9411,33793600,-765254283,580,3192,9996,5445123436,2018-05-31 00:04:14,281
0,31-MAY-18,-1,-1,34955200,-765050600,-1,999,-1,5445123429,2018-05-31 00:04:14,817
0,31-MAY-18,513318,-1,34907117,-764917017,215,553,615,5445123437,2018-05-31 00:04:14,899
0,31-MAY-18,-1,1336,34041283,-764758883,-1,999,-1,5445123432,2018-05-31 00:04:14,932
0,31-MAY-18,-1,5814,34034933,-764759033,-1,999,-1,5445123434,2018-05-31 00:04:14,936
0,31-MAY-18,511441,-1,33594667,-765119600,657,3124,9881,5445123443,2018-05-31 00:04:15,103
0,31-MAY-18,500165,3548,34291183,-764747833,-1,999,-1,5445123438,2018-05-31 00:04:15,1045
0,31-MAY-18,-1,-1,33591183,-765113250,-1,-1,-1,5445123442,2018-05-31 00:04:15,1048
0,31-MAY-18,511456,259,33694900,-765162033,228,3131,305,5445123444,2018-05-31 00:04:15,1130
0,31-MAY-18,511479,33,33699600,-765162083,228,3131,305,5445123445,2018-05-31 00:04:15,1130
0,31-MAY-18,511479,33,33699600,-765162083,228,3131,305,5445123446,2018-05-31 00:04:15,1130
0,31-MAY-18,-1,-1,33592417,-765117700,-1,-1,-1,5445123440,2018-05-31 00:04:15,1217
0,31-MAY-18,-1,-1,34035750,-764763200,-1,-1,-1,5445123448,2018-05-31 00:04:15,218
0,31-MAY-18,-1,-1,34037400,-764754350,-1,-1,-1,5445123439,2018-05-31 00:04:15,289
0,31-MAY-18,-1,-1,33599450,-765118950,-1,-1,-1,5445123441,2018-05-31 00:04:15,413
0,31-MAY-18,-1,-1,33591250,-765112117,-1,-1,-1,5445123447,2018-05-31 00:04:15,823
0,31-MAY-18,-1,-1,34306283,-764752600,-1,999,-1,5445123449,2018-05-31 00:04:15,960
0,31-MAY-18,-1,12284,33590100,-765120733,-1,999,-1,5445123454,2018-05-31 00:04:16,1138
0,31-MAY-18,-1,428,34295183,-764751867,-1,999,-1,5445123458,2018-05-31 00:04:16,1155
0,31-MAY-18,-1,194,34964750,-765057150,-1,999,-1,5445123462,2018-05-31 00:04:16,1178
0,31-MAY-18,514200,39,34220133,-764665033,455,347,743,5445123453,2018-05-31 00:04:16,226
0,31-MAY-18,514200,39,34221283,-764664383,455,347,743,5445123451,2018-05-31 00:04:16,226
0,31-MAY-18,-1,1620,34036850,-764766383,-1,999,-1,5445123459,2018-05-31 00:04:16,258
0,31-MAY-18,514163,-1,34261567,-764728650,96,3442,327,5445123460,2018-05-31 00:04:16,263
0,31-MAY-18,502302,730,33620550,-765243400,154,3141,9984,5445123455,2018-05-31 00:04:16,32
0,31-MAY-18,-1,-1,34040650,-764756350,-1,-1,-1,5445123463,2018-05-31 00:04:16,624
0,31-MAY-18,-1,-1,34301450,-764747883,-1,-1,-1,5445123456,2018-05-31 00:04:16,802
0,31-MAY-18,-1,-1,33586117,-765117067,-1,-1,-1,5445123457,2018-05-31 00:04:16,83
0,31-MAY-18,-1,-1,34035267,-764761883,-1,999,-1,5445123450,2018-05-31 00:04:16,924
0,31-MAY-18,-1,-1,34046833,-764757317,874,3411,9990,5445123461,2018-05-31 00:04:16,928
0,31-MAY-18,502313,-1,33667833,-765282900,598,3172,192,5445123452,2018-05-31 00:04:16,94
0,31-MAY-18,513041,229,34932017,-764992483,110,321,9893,5445123471,2018-05-31 00:04:17,1067
0,31-MAY-18,-1,6982,34966867,-765044483,-1,999,-1,5445123473,2018-05-31 00:04:17,1076
0,31-MAY-18,-1,-1,34974733,-765022917,-1,-1,-1,5445123472,2018-05-31 00:04:17,1176
0,31-MAY-18,-1,3320,33201233,-765224833,-1,999,-1,5445123468,2018-05-31 00:04:17,199
0,31-MAY-18,-1,-1,34035550,-764761617,-1,-1,-1,5445123474,2018-05-31 00:04:17,221
0,31-MAY-18,514200,33,34220133,-764665033,455,347,743,5445123466,2018-05-31 00:04:17,226
0,31-MAY-18,-1,-1,34034933,-764761967,-1,-1,-1,5445123467,2018-05-31 00:04:17,259
0,31-MAY-18,-1,110,34293900,-764750550,-1,999,-1,5445123469,2018-05-31 00:04:17,717
0,31-MAY-18,-1,613,34297917,-764745000,-1,999,-1,5445123470,2018-05-31 00:04:17,743
0,31-MAY-18,-1,-1,34968583,-765038467,-1,-1,-1,5445123464,2018-05-31 00:04:17,8
0,31-MAY-18,515190,2997,34052167,-764754433,105,353,9904,5445123465,2018-05-31 00:04:17,949
0,31-MAY-18,-1,1701,34959350,-765053800,-1,999,-1,5445123475,2018-05-31 00:04:18,1192
0,31-MAY-18,-1,-1,34962617,-765037633,-1,-1,-1,5445123476,2018-05-31 00:04:18,1201
0,31-MAY-18,513211,31,34845433,-765014550,545,2121,1882,5445123482,2018-05-31 00:04:18,53
0,31-MAY-18,-1,-1,33590033,-765113033,-1,-1,-1,5445123477,2018-05-31 00:04:18,67
0,31-MAY-18,502304,14239,34289133,-764747517,-1,999,-1,5445123479,2018-05-31 00:04:18,746
0,31-MAY-18,-1,-1,34968983,-765038733,-1,-1,-1,5445123481,2018-05-31 00:04:18,810
0,31-MAY-18,-1,-1,33593067,-765118350,-1,999,-1,5445123478,2018-05-31 00:04:18,866
0,31-MAY-18,-1,-1,34969433,-765038150,-1,-1,-1,5445123480,2018-05-31 00:04:18,894
0,31-MAY-18,511387,-1,33560217,-765202733,986,3171,261,5445123487,2018-05-31 00:04:19,1006
0,31-MAY-18,511387,1,33562000,-765202700,986,3171,261,5445123490,2018-05-31 00:04:19,1006
0,31-MAY-18,-1,4146,34039883,-764760400,-1,999,-1,5445123488,2018-05-31 00:04:19,11
0,31-MAY-18,512185,2,34872167,-765088967,799,323,228,5445123485,2018-05-31 00:04:19,1214
0,31-MAY-18,-1,-1,33584500,-765110517,-1,-1,-1,5445123491,2018-05-31 00:04:19,130
0,31-MAY-18,-1,8908,33591533,-765114733,-1,999,-1,5445123486,2018-05-31 00:04:19,299
0,31-MAY-18,-1,-1,33599067,-765121833,-1,-1,-1,5445123484,2018-05-31 00:04:19,402
0,31-MAY-18,-1,323,33589117,-765111783,-1,999,-1,5445123489,2018-05-31 00:04:19,51
0,31-MAY-18,-1,5827,33594383,-765120833,-1,999,-1,5445123483,2018-05-31 00:04:19,88
0,31-MAY-18,-1,582,33602967,-765118467,-1,999,-1,5445123503,2018-05-31 00:04:20,1002
0,31-MAY-18,-1,330,33593783,-765115167,-1,999,-1,5445123500,2018-05-31 00:04:20,1007
0,31-MAY-18,-1,216,34292383,-764748533,-1,999,-1,5445123504,2018-05-31 00:04:20,1111
0,31-MAY-18,-1,8313,34953317,-765053917,-1,999,-1,5445123499,2018-05-31 00:04:20,1190
0,31-MAY-18,514462,31,34599617,-764888917,1087,3452,362,5445123494,2018-05-31 00:04:20,1263
0,31-MAY-18,-1,-1,34974100,-765024383,-1,-1,-1,5445123492,2018-05-31 00:04:20,163
0,31-MAY-18,-1,-1,34035283,-764758733,-1,-1,-1,5445123493,2018-05-31 00:04:20,241
0,31-MAY-18,-1,-1,33600817,-765117717,-1,-1,-1,5445123501,2018-05-31 00:04:20,437
0,31-MAY-18,514085,6,34197517,-764782517,148,2842,865,5445123497,2018-05-31 00:04:20,739
0,31-MAY-18,-1,1298,34295333,-764750933,-1,999,-1,5445123498,2018-05-31 00:04:20,771
0,31-MAY-18,-1,97,34297050,-764753750,-1,999,-1,5445123502,2018-05-31 00:04:20,775
0,31-MAY-18,-1,-1,34293883,-764746250,-1,-1,-1,5445123495,2018-05-31 00:04:20,974
0,31-MAY-18,-1,1,33583983,-765132983,-1,999,-1,5445123496,2018-05-31 00:04:20,98
0,31-MAY-18,513080,-1,34695500,-764883133,436,3372,254,5445123516,2018-05-31 00:04:21,1193
0,31-MAY-18,513307,324,34858250,-764941817,649,334,233,5445123507,2018-05-31 00:04:21,1212
0,31-MAY-18,513307,324,34858250,-764941817,649,334,233,5445123508,2018-05-31 00:04:21,1212
0,31-MAY-18,514462,31,34600550,-764889083,1087,3452,362,5445123510,2018-05-31 00:04:21,1263
0,31-MAY-18,-1,1992,-1,-1,729,302,9982,5445123512,2018-05-31 00:04:21,210
0,31-MAY-18,-1,126,34034733,-764763800,423,1571,9885,5445123509,2018-05-31 00:04:21,216
0,31-MAY-18,-1,-1,34041000,-764756517,-1,-1,-1,5445123517,2018-05-31 00:04:21,239
0,31-MAY-18,-1,177,33580267,-765120583,-1,999,-1,5445123515,2018-05-31 00:04:21,54
0,31-MAY-18,-1,-1,34967300,-765023333,-1,-1,-1,5445123506,2018-05-31 00:04:21,637
0,31-MAY-18,-1,-1,34971167,-765034850,-1,-1,-1,5445123513,2018-05-31 00:04:21,809
0,31-MAY-18,-1,638,33591883,-765112067,-1,999,-1,5445123514,2018-05-31 00:04:21,829
0,31-MAY-18,-1,612,34304183,-764750117,-1,999,-1,5445123511,2018-05-31 00:04:21,983
0,31-MAY-18,-1,-1,33588783,-765119350,-1,-1,-1,5445123505,2018-05-31 00:04:21,994
0,31-MAY-18,-1,507,34300567,-764748750,-1,999,-1,5445123529,2018-05-31 00:04:22,1113
0,31-MAY-18,-1,5762,33593650,-765119067,-1,999,-1,5445123532,2018-05-31 00:04:22,1129
0,31-MAY-18,-1,279,34957683,-765045917,-1,999,-1,5445123524,2018-05-31 00:04:22,1185
0,31-MAY-18,511352,9922,33587083,-765189233,276,3122,9931,5445123531,2018-05-31 00:04:22,121
0,31-MAY-18,513293,34,34953067,-764881500,393,333,317,5445123525,2018-05-31 00:04:22,1210
0,31-MAY-18,-1,-1,33592433,-765118083,-1,999,-1,5445123527,2018-05-31 00:04:22,1233
0,31-MAY-18,519192,-1,34603083,-765282217,937,306,9982,5445123536,2018-05-31 00:04:22,198
0,31-MAY-18,512032,4,34922200,-765041950,754,322,153,5445123528,2018-05-31 00:04:22,200
0,31-MAY-18,514428,16,34213050,-764669000,455,347,743,5445123522,2018-05-31 00:04:22,226
0,31-MAY-18,514428,37,34213050,-764669000,455,347,743,5445123523,2018-05-31 00:04:22,226
0,31-MAY-18,-1,-1,33600500,-765122050,-1,-1,-1,5445123521,2018-05-31 00:04:22,23
0,31-MAY-18,-1,40,33594467,-765116633,-1,999,-1,5445123526,2018-05-31 00:04:22,24
0,31-MAY-18,-1,-1,33587000,-765111483,-1,999,-1,5445123533,2018-05-31 00:04:22,26
0,31-MAY-18,-1,5,34035467,-764763283,115,150,9948,5445123520,2018-05-31 00:04:22,551
0,31-MAY-18,-1,-1,33602117,-765122150,-1,-1,-1,5445123518,2018-05-31 00:04:22,628
0,31-MAY-18,515054,6990,34302550,-764748900,999,2524,728,5445123519,2018-05-31 00:04:22,792
0,31-MAY-18,-1,-1,33603617,-765122333,-1,-1,-1,5445123534,2018-05-31 00:04:22,835
0,31-MAY-18,514405,769,34036817,-764765667,-1,999,-1,5445123530,2018-05-31 00:04:22,937
0,31-MAY-18,502100,13758,34308183,-764752750,832,2274,9927,5445123535,2018-05-31 00:04:22,975
0,31-MAY-18,-1,506,34303350,-764749517,-1,999,-1,5445123540,2018-05-31 00:04:23,1115
0,31-MAY-18,501401,5938,34964900,-765061417,917,2301,9934,5445123546,2018-05-31 00:04:23,1179
0,31-MAY-18,513080,34,34697167,-764878017,436,3372,254,5445123545,2018-05-31 00:04:23,1193
0,31-MAY-18,-1,-1,33587400,-765113250,314,3133,9886,5445123542,2018-05-31 00:04:23,123
0,31-MAY-18,500058,-1,34330550,-765118933,62,376,9998,5445123551,2018-05-31 00:04:23,1262
0,31-MAY-18,514270,1529,34049033,-764748183,869,3411,725,5445123547,2018-05-31 00:04:23,253
0,31-MAY-18,514163,31,34262867,-764726633,96,3442,327,5445123544,2018-05-31 00:04:23,263
0,31-MAY-18,514381,1010,34227450,-764835683,606,353,495,5445123549,2018-05-31 00:04:23,272
0,31-MAY-18,-1,398,33595350,-765117933,-1,999,-1,5445123550,2018-05-31 00:04:23,382
0,31-MAY-18,-1,2758,33592783,-765114800,-1,999,-1,5445123541,2018-05-31 00:04:23,42
0,31-MAY-18,-1,5129,33603100,-765119850,-1,999,-1,5445123543,2018-05-31 00:04:23,439
0,31-MAY-18,-1,-1,34303150,-764748917,-1,999,-1,5445123539,2018-05-31 00:04:23,744
0,31-MAY-18,-1,-1,33706950,-765372383,-1,999,-1,5445123538,2018-05-31 00:04:23,873
0,31-MAY-18,511204,-1,34055850,-765469683,611,3191,9892,5445123548,2018-05-31 00:04:23,900
0,31-MAY-18,514186,-1,34178017,-764783150,618,2841,302,5445123537,2018-05-31 00:04:23,968
0,31-MAY-18,-1,-1,34953750,-765053400,-1,-1,-1,5445123552,2018-05-31 00:04:24,1032
0,31-MAY-18,502701,553,34282383,-764982817,861,2842,433,5445123553,2018-05-31 00:04:24,1096
0,31-MAY-18,514163,31,34263883,-764725383,96,3442,327,5445123557,2018-05-31 00:04:24,263
0,31-MAY-18,500058,-1,34111717,-764724833,446,376,9988,5445123558,2018-05-31 00:04:24,269
0,31-MAY-18,-1,499,34034650,-764761950,707,142,9964,5445123556,2018-05-31 00:04:24,616
0,31-MAY-18,514085,36,34202417,-764781583,148,2842,865,5445123554,2018-05-31 00:04:24,739
0,31-MAY-18,517076,11648,34238017,-764846583,561,373,9986,5445123555,2018-05-31 00:04:24,764
0,31-MAY-18,500202,72,34812533,-764985200,511,2121,1884,5445123566,2018-05-31 00:04:25,1078
0,31-MAY-18,-1,3926,34290450,-764748983,-1,999,-1,5445123563,2018-05-31 00:04:25,1093
0,31-MAY-18,-1,12423,34308300,-764754183,-1,999,-1,5445123564,2018-05-31 00:04:25,1094
0,31-MAY-18,-1,-1,34300850,-764747950,-1,-1,-1,5445123562,2018-05-31 00:04:25,1095
0,31-MAY-18,-1,-1,34292183,-764748617,-1,999,-1,5445123565,2018-05-31 00:04:25,1108
0,31-MAY-18,-1,-1,34972883,-765005733,-1,999,-1,5445123559,2018-05-31 00:04:25,1197
0,31-MAY-18,-1,-1,34970950,-765035333,-1,-1,-1,5445123567,2018-05-31 00:04:25,137
0,31-MAY-18,-1,311,34953500,-765055933,-1,999,-1,5445123560,2018-05-31 00:04:25,166
0,31-MAY-18,512032,31,34920450,-765043633,754,322,153,5445123561,2018-05-31 00:04:25,200
0,31-MAY-18,511387,31,33565217,-765202850,986,3171,261,5445123578,2018-05-31 00:04:26,1006
0,31-MAY-18,-1,6160,33573050,-765122867,-1,999,-1,5445123580,2018-05-31 00:04:26,1046
0,31-MAY-18,-1,-1,34974483,-765023683,-1,-1,-1,5445123577,2018-05-31 00:04:26,1070
0,31-MAY-18,-1,-1,34957050,-765048400,-1,-1,-1,5445123571,2018-05-31 00:04:26,1074
0,31-MAY-18,513293,46,34953933,-764879617,393,333,317,5445123569,2018-05-31 00:04:26,1210
0,31-MAY-18,500113,-1,34897633,-765088817,337,552,1526,5445123574,2018-05-31 00:04:26,181
0,31-MAY-18,512032,37,34919850,-765044233,754,322,153,5445123572,2018-05-31 00:04:26,200
0,31-MAY-18,504007,301,34881500,-764936983,896,3351,529,5445123575,2018-05-31 00:04:26,202
0,31-MAY-18,-1,161,34294067,-764751167,-1,999,-1,5445123576,2018-05-31 00:04:26,302
0,31-MAY-18,501850,14066,34292983,-764750367,-1,999,-1,5445123573,2018-05-31 00:04:26,45
0,31-MAY-18,-1,-1,34045800,-764760950,-1,999,-1,5445123581,2018-05-31 00:04:26,618
0,31-MAY-18,514042,33,34171667,-764665083,790,2841,300,5445123568,2018-05-31 00:04:26,789
0,31-MAY-18,502300,13340,34275933,-764768750,178,421,9740,5445123579,2018-05-31 00:04:26,959
0,31-MAY-18,514219,142,34383050,-764806650,622,3441,501,5445123570,2018-05-31 00:04:26,970
0,31-MAY-18,-1,897,34290167,-764748317,-1,999,-1,5445123589,2018-05-31 00:04:27,1110
0,31-MAY-18,502302,421,33646833,-765250917,1045,3141,586,5445123591,2018-05-31 00:04:27,1145
0,31-MAY-18,-1,-1,33593067,-765121033,-1,999,-1,5445123590,2018-05-31 00:04:27,1161
0,31-MAY-18,511078,-1,33806850,-765683750,116,3192,227,5445123587,2018-05-31 00:04:27,119
0,31-MAY-18,517076,6261,34499750,-765375500,614,373,9980,5445123585,2018-05-31 00:04:27,186
0,31-MAY-18,-1,5590,34962017,-765040317,-1,999,-1,5445123586,2018-05-31 00:04:27,213
0,31-MAY-18,514201,13,34207950,-764671417,455,347,743,5445123582,2018-05-31 00:04:27,226
0,31-MAY-18,514201,32,34206617,-764671883,455,347,743,5445123583,2018-05-31 00:04:27,226
0,31-MAY-18,-1,-1,34038250,-764753683,-1,-1,-1,5445123593,2018-05-31 00:04:27,288
0,31-MAY-18,-1,-1,34301867,-764746717,-1,-1,-1,5445123584,2018-05-31 00:04:27,760
0,31-MAY-18,-1,113,34294817,-764751300,-1,999,-1,5445123592,2018-05-31 00:04:27,767
0,31-MAY-18,-1,-1,34045650,-764760600,-1,-1,-1,5445123588,2018-05-31 00:04:27,935
0,31-MAY-18,512185,32,34873400,-765091050,799,323,228,5445123599,2018-05-31 00:04:28,1214
0,31-MAY-18,512185,32,34873550,-765091317,799,323,228,5445123601,2018-05-31 00:04:28,1214
0,31-MAY-18,-1,3492,33594350,-765114750,-1,999,-1,5445123598,2018-05-31 00:04:28,128
0,31-MAY-18,-1,231,33590167,-765121150,-1,999,-1,5445123600,2018-05-31 00:04:28,27
0,31-MAY-18,515190,-1,34223567,-764831550,606,353,9952,5445123602,2018-05-31 00:04:28,272
0,31-MAY-18,-1,253,33594700,-765115433,-1,999,-1,5445123594,2018-05-31 00:04:28,37
0,31-MAY-18,-1,-1,33609333,-765121400,-1,-1,-1,5445123595,2018-05-31 00:04:28,848
0,31-MAY-18,-1,4198,33589100,-765114767,-1,999,-1,5445123596,2018-05-31 00:04:28,856
0,31-MAY-18,514067,10,34382050,-764806250,622,3441,501,5445123597,2018-05-31 00:04:28,970
0,31-MAY-18,511241,367,33432633,-765305550,842,3141,290,5445123603,2018-05-31 00:04:29,1009
0,31-MAY-18,-1,113,33590383,-765114500,-1,999,-1,5445123609,2018-05-31 00:04:29,1049
0,31-MAY-18,513293,46,34954983,-764877100,393,333,317,5445123604,2018-05-31 00:04:29,1210
0,31-MAY-18,-1,-1,33615450,-765098033,-1,-1,-1,5445123606,2018-05-31 00:04:29,126
0,31-MAY-18,514163,1,34265667,-764723200,96,3442,327,5445123607,2018-05-31 00:04:29,263
0,31-MAY-18,-1,3352,34963167,-765037150,-1,999,-1,5445123611,2018-05-31 00:04:29,307
0,31-MAY-18,-1,-1,33598117,-765119117,-1,999,-1,5445123614,2018-05-31 00:04:29,71
0,31-MAY-18,-1,616,34300133,-764747067,-1,999,-1,5445123610,2018-05-31 00:04:29,745
0,31-MAY-18,500050,-1,34305067,-764758133,721,557,2381,5445123612,2018-05-31 00:04:29,765
0,31-MAY-18,-1,-1,33587133,-765115483,-1,-1,-1,5445123608,2018-05-31 00:04:29,81
0,31-MAY-18,-1,-1,33604483,-765119517,-1,-1,-1,5445123613,2018-05-31 00:04:29,832
0,31-MAY-18,-1,6088,33593500,-765121533,-1,999,-1,5445123605,2018-05-31 00:04:29,850
0,31-MAY-18,-1,-1,34300100,-764748117,-1,-1,-1,5445123615,2018-05-31 00:04:29,984
0,31-MAY-18,-1,102,34297033,-764753517,-1,999,-1,5445123623,2018-05-31 00:04:30,1107
0,31-MAY-18,-1,-1,33584700,-765113217,-1,-1,-1,5445123619,2018-05-31 00:04:30,1159
0,31-MAY-18,513080,-1,34699283,-764872817,436,3372,254,5445123624,2018-05-31 00:04:30,1193
0,31-MAY-18,519281,10315,34959900,-765044550,-1,999,-1,5445123622,2018-05-31 00:04:30,188
0,31-MAY-18,513185,1383,34844967,-764914417,625,332,308,5445123616,2018-05-31 00:04:30,193
0,31-MAY-18,-1,15687,33590867,-765119433,-1,-1,-1,5445123617,2018-05-31 00:04:30,314
0,31-MAY-18,-1,-1,34293483,-764740467,-1,-1,-1,5445123620,2018-05-31 00:04:30,740
0,31-MAY-18,-1,15116,34301000,-764754833,-1,999,-1,5445123621,2018-05-31 00:04:30,774
0,31-MAY-18,-1,7757,33590217,-765111817,-1,999,-1,5445123618,2018-05-31 00:04:30,863
0,31-MAY-18,-1,1464,34966117,-765034217,-1,999,-1,5445123630,2018-05-31 00:04:31,1071
0,31-MAY-18,-1,-1,34978250,-765018967,-1,-1,-1,5445123629,2018-05-31 00:04:31,155
0,31-MAY-18,-1,-1,34963217,-765040250,-1,-1,-1,5445123631,2018-05-31 00:04:31,192
0,31-MAY-18,514201,110,34201517,-764673683,455,347,743,5445123627,2018-05-31 00:04:31,226
0,31-MAY-18,-1,-1,33586283,-765112383,-1,-1,-1,5445123628,2018-05-31 00:04:31,30
0,31-MAY-18,-1,-1,34289467,-764738583,-1,999,-1,5445123632,2018-05-31 00:04:31,34
0,31-MAY-18,-1,-1,34306950,-764752067,-1,-1,-1,5445123625,2018-05-31 00:04:31,705
0,31-MAY-18,-1,-1,34183833,-765482483,-1,-1,-1,5445123626,2018-05-31 00:04:31,951
0,31-MAY-18,-1,14,34038717,-764765200,188,1472,9759,5445123639,2018-05-31 00:04:32,219
0,31-MAY-18,514201,110,34200367,-764674217,455,347,743,5445123633,2018-05-31 00:04:32,226
0,31-MAY-18,-1,-1,34304600,-764750367,-1,999,-1,5445123640,2018-05-31 00:04:32,709
0,31-MAY-18,-1,19094,34294367,-764745833,-1,999,-1,5445123636,2018-05-31 00:04:32,749
0,31-MAY-18,-1,-1,34968667,-765039267,-1,-1,-1,5445123637,2018-05-31 00:04:32,819
0,31-MAY-18,-1,-1,34034250,-764762217,-1,999,-1,5445123638,2018-05-31 00:04:32,940
0,31-MAY-18,514186,32,34175050,-764778567,618,2841,302,5445123634,2018-05-31 00:04:32,968
0,31-MAY-18,514067,32,34378333,-764804900,622,3441,501,5445123635,2018-05-31 00:04:32,970
0,31-MAY-18,-1,503,34954767,-765053983,-1,999,-1,5445123652,2018-05-31 00:04:33,1025
0,31-MAY-18,-1,-1,-1,-1,-1,-1,-1,5445123649,2018-05-31 00:04:33,1128
0,31-MAY-18,-1,367,34959217,-765043917,-1,999,-1,5445123653,2018-05-31 00:04:33,1172
0,31-MAY-18,513316,-1,34904383,-765094300,471,553,9998,5445123651,2018-05-31 00:04:33,1213
0,31-MAY-18,-1,351,33593867,-765120250,-1,999,-1,5445123650,2018-05-31 00:04:33,125
0,31-MAY-18,512032,16,34916567,-765047383,754,322,153,5445123645,2018-05-31 00:04:33,200
0,31-MAY-18,500164,285,34439033,-764819667,904,3411,356,5445123647,2018-05-31 00:04:33,250
0,31-MAY-18,500162,619,34452983,-764842550,53,3442,645,5445123641,2018-05-31 00:04:33,274
0,31-MAY-18,-1,3481,34744633,-764868983,176,1571,9949,5445123644,2018-05-31 00:04:33,653
0,31-MAY-18,-1,-1,34303817,-764748133,-1,-1,-1,5445123642,2018-05-31 00:04:33,757
0,31-MAY-18,-1,2247,34301067,-764747767,-1,999,-1,5445123648,2018-05-31 00:04:33,788
0,31-MAY-18,514186,32,34174900,-764778283,618,2841,302,5445123643,2018-05-31 00:04:33,968
0,31-MAY-18,514067,32,34378333,-764804900,622,3441,501,5445123646,2018-05-31 00:04:33,970
0,31-MAY-18,-1,236,33587817,-765114750,-1,999,-1,5445123660,2018-05-31 00:04:34,1135
0,31-MAY-18,-1,163,34954733,-765054067,-1,999,-1,5445123658,2018-05-31 00:04:34,1195
0,31-MAY-18,-1,-1,34959083,-765045617,-1,999,-1,5445123655,2018-05-31 00:04:34,1203
0,31-MAY-18,504006,11,34864033,-764955717,649,334,233,5445123656,2018-05-31 00:04:34,1212
0,31-MAY-18,-1,1922,34058383,-764750133,-1,999,-1,5445123654,2018-05-31 00:04:34,227
0,31-MAY-18,501703,12675,-1,-1,-1,-1,-1,5445123659,2018-05-31 00:04:34,706
0,31-MAY-18,-1,631,33588767,-765111333,-1,999,-1,5445123657,2018-05-31 00:04:34,828
0,31-MAY-18,-1,-1,34969667,-765037467,-1,-1,-1,5445123669,2018-05-31 00:04:35,1026
0,31-MAY-18,-1,-1,34975133,-765022317,-1,-1,-1,5445123662,2018-05-31 00:04:35,1029
0,31-MAY-18,-1,5,33586133,-765109683,-1,-1,-1,5445123670,2018-05-31 00:04:35,116
0,31-MAY-18,511079,-1,33811383,-765687350,116,3192,227,5445123667,2018-05-31 00:04:35,119
0,31-MAY-18,511352,-1,33739033,-765582950,160,3122,9943,5445123666,2018-05-31 00:04:35,124
0,31-MAY-18,512032,16,34915100,-765048917,754,322,153,5445123668,2018-05-31 00:04:35,200
0,31-MAY-18,-1,1691,34299883,-764755100,-1,999,-1,5445123663,2018-05-31 00:04:35,761
0,31-MAY-18,-1,594,34299550,-764746267,-1,999,-1,5445123664,2018-05-31 00:04:35,797
0,31-MAY-18,516230,290,33979217,-765241250,555,2121,2178,5445123665,2018-05-31 00:04:35,844
0,31-MAY-18,-1,115,34047950,-764759817,-1,999,-1,5445123661,2018-05-31 00:04:35,926
0,31-MAY-18,500101,12510,34294317,-764750567,-1,999,-1,5445123677,2018-05-31 00:04:36,1005
0,31-MAY-18,-1,-1,33603500,-765122117,-1,-1,-1,5445123671,2018-05-31 00:04:36,1120
0,31-MAY-18,511274,627,33879367,-765242900,373,2211,9861,5445123674,2018-05-31 00:04:36,1139
0,31-MAY-18,519041,4446,34782483,-765175633,259,305,9992,5445123676,2018-05-31 00:04:36,1189
0,31-MAY-18,-1,3458,34961517,-765053283,-1,999,-1,5445123678,2018-05-31 00:04:36,145
0,31-MAY-18,-1,-1,33586083,-765119750,-1,-1,-1,5445123673,2018-05-31 00:04:36,18
0,31-MAY-18,-1,598,34301217,-764746117,-1,999,-1,5445123675,2018-05-31 00:04:36,747
0,31-MAY-18,516230,290,33978100,-765241450,555,2121,2178,5445123672,2018-05-31 00:04:36,844
0,31-MAY-18,-1,2016,34964783,-765060317,-1,999,-1,5445123689,2018-05-31 00:04:37,1068
0,31-MAY-18,-1,2871,34953233,-765054317,-1,999,-1,5445123682,2018-05-31 00:04:37,1075
0,31-MAY-18,-1,1249,34959767,-765053900,-1,999,-1,5445123687,2018-05-31 00:04:37,190
0,31-MAY-18,514428,-1,34195383,-764677000,455,347,743,5445123681,2018-05-31 00:04:37,226
0,31-MAY-18,-1,-1,34045717,-764758317,-1,-1,-1,5445123680,2018-05-31 00:04:37,238
0,31-MAY-18,514533,3,34269183,-764718750,96,3442,327,5445123686,2018-05-31 00:04:37,263
0,31-MAY-18,511274,3219,33695583,-765254500,702,2211,9874,5445123688,2018-05-31 00:04:37,312
0,31-MAY-18,-1,-1,33601917,-765122083,-1,-1,-1,5445123685,2018-05-31 00:04:37,780
0,31-MAY-18,-1,1182,34300633,-764747517,-1,999,-1,5445123683,2018-05-31 00:04:37,785
0,31-MAY-18,-1,-1,33593750,-765116850,-1,-1,-1,5445123684,2018-05-31 00:04:37,836
0,31-MAY-18,-1,-1,34040083,-764764433,-1,999,-1,5445123679,2018-05-31 00:04:37,910
0,31-MAY-18,-1,221,34289433,-764746883,-1,999,-1,5445123690,2018-05-31 00:04:37,953
0,31-MAY-18,-1,-1,34978050,-765020950,-1,-1,-1,5445123692,2018-05-31 00:04:38,1208
0,31-MAY-18,-1,-1,-1,-1,-1,-1,-1,5445123693,2018-05-31 00:04:38,151
0,31-MAY-18,-1,-1,34974967,-765022383,-1,-1,-1,5445123695,2018-05-31 00:04:38,177
0,31-MAY-18,-1,-1,33616767,-765097233,-1,-1,-1,5445123698,2018-05-31 00:04:38,19
0,31-MAY-18,-1,13403,34960517,-765053583,-1,999,-1,5445123697,2018-05-31 00:04:38,203
0,31-MAY-18,-1,403,33586483,-765110983,-1,999,-1,5445123696,2018-05-31 00:04:38,65
0,31-MAY-18,-1,-1,34297283,-764746217,-1,999,-1,5445123694,2018-05-31 00:04:38,966
0,31-MAY-18,-1,202,33594367,-765113683,-1,999,-1,5445123691,2018-05-31 00:04:38,992
0,31-MAY-18,-1,3745,33587700,-765111450,-1,999,-1,5445123715,2018-05-31 00:04:39,1008
0,31-MAY-18,-1,6473,34288783,-764738000,-1,999,-1,5445123711,2018-05-31 00:04:39,1011
0,31-MAY-18,-1,87,34299567,-764754417,-1,999,-1,5445123712,2018-05-31 00:04:39,1103
0,31-MAY-18,500153,7852,34293950,-764745233,-1,999,-1,5445123705,2018-05-31 00:04:39,1109
0,31-MAY-18,-1,6641,34582200,-765312517,-1,999,-1,5445123707,2018-05-31 00:04:39,1202
0,31-MAY-18,-1,1963,33586650,-765113350,-1,999,-1,5445123710,2018-05-31 00:04:39,1220
0,31-MAY-18,-1,-1,33582000,-765106600,-1,-1,-1,5445123706,2018-05-31 00:04:39,1223
0,31-MAY-18,514428,33,34194233,-764677600,455,347,743,5445123700,2018-05-31 00:04:39,226
0,31-MAY-18,-1,-1,34970883,-765030100,-1,-1,-1,5445123709,2018-05-31 00:04:39,293
0,31-MAY-18,-1,9248,33592233,-765121200,-1,999,-1,5445123699,2018-05-31 00:04:39,414
0,31-MAY-18,514195,606,34304783,-764679350,733,355,9992,5445123704,2018-05-31 00:04:39,700
0,31-MAY-18,-1,-1,34302083,-764746900,-1,-1,-1,5445123714,2018-05-31 00:04:39,772
0,31-MAY-18,-1,17899,34963067,-765053500,-1,999,-1,5445123713,2018-05-31 00:04:39,888
0,31-MAY-18,-1,10127,34970617,-765036000,-1,999,-1,5445123703,2018-05-31 00:04:39,889
0,31-MAY-18,514186,16,34173333,-764775583,618,2841,302,5445123702,2018-05-31 00:04:39,968
0,31-MAY-18,514186,16,34173583,-764776017,618,2841,302,5445123701,2018-05-31 00:04:39,968
0,31-MAY-18,-1,22523,33591233,-765114183,-1,999,-1,5445123708,2018-05-31 00:04:39,991
0,31-MAY-18,-1,719,33589333,-765114017,-1,999,-1,5445123720,2018-05-31 00:04:40,1033
0,31-MAY-18,511480,2,33723883,-765162250,228,3131,305,5445123721,2018-05-31 00:04:40,1130
0,31-MAY-18,513001,739,34847717,-764956500,79,336,9998,5445123717,2018-05-31 00:04:40,1211
0,31-MAY-18,514428,33,34194233,-764677600,455,347,743,5445123716,2018-05-31 00:04:40,226
0,31-MAY-18,-1,307,34960017,-765043150,-1,999,-1,5445123725,2018-05-31 00:04:40,300
0,31-MAY-18,-1,-1,33590650,-765112200,-1,-1,-1,5445123719,2018-05-31 00:04:40,44
0,31-MAY-18,513032,3,34859617,-765010250,545,2121,1882,5445123723,2018-05-31 00:04:40,53
0,31-MAY-18,-1,-1,-1,-1,-1,999,-1,5445123722,2018-05-31 00:04:40,725
0,31-MAY-18,514042,108,34181283,-764660083,790,2841,300,5445123718,2018-05-31 00:04:40,789
0,31-MAY-18,-1,-1,34970683,-765035667,-1,-1,-1,5445123726,2018-05-31 00:04:40,805
0,31-MAY-18,-1,-1,34035217,-764758867,-1,-1,-1,5445123724,2018-05-31 00:04:40,929
0,31-MAY-18,-1,168,34293333,-764749300,-1,999,-1,5445123727,2018-05-31 00:04:40,977
0,31-MAY-18,-1,-1,33585900,-765110250,401,3121,9831,5445123731,2018-05-31 00:04:41,104
0,31-MAY-18,-1,110,34294233,-764750017,-1,999,-1,5445123739,2018-05-31 00:04:41,1112
0,31-MAY-18,-1,-1,33591850,-765113317,-1,-1,-1,5445123736,2018-05-31 00:04:41,1124
0,31-MAY-18,511480,32,33726617,-765162250,228,3131,305,5445123730,2018-05-31 00:04:41,1130
0,31-MAY-18,511480,32,33726617,-765162250,228,3131,305,5445123733,2018-05-31 00:04:41,1130
0,31-MAY-18,514405,156,34044467,-764761183,560,347,9998,5445123728,2018-05-31 00:04:41,240
0,31-MAY-18,-1,-1,34972017,-765028067,-1,-1,-1,5445123732,2018-05-31 00:04:41,5
0,31-MAY-18,-1,-1,33600000,-765117683,-1,-1,-1,5445123729,2018-05-31 00:04:41,68
0,31-MAY-18,-1,-1,34970250,-765036550,-1,-1,-1,5445123738,2018-05-31 00:04:41,813
0,31-MAY-18,-1,-1,34970050,-765037067,-1,-1,-1,5445123737,2018-05-31 00:04:41,893
0,31-MAY-18,500104,12356,34304217,-764754300,-1,999,-1,5445123735,2018-05-31 00:04:41,960
0,31-MAY-18,-1,-1,34300767,-764749567,-1,-1,-1,5445123734,2018-05-31 00:04:41,962
0,31-MAY-18,511059,9411,33793533,-765254317,580,3192,9996,5445123742,2018-05-31 00:04:42,281
0,31-MAY-18,504016,9123,34293717,-765313433,497,131,9921,5445123741,2018-05-31 00:04:42,837
0,31-MAY-18,511033,604,33701667,-765253250,641,3133,9855,5445123740,2018-05-31 00:04:42,95
0,31-MAY-18,511386,5,33581650,-765202583,986,3171,261,5445123755,2018-05-31 00:04:43,1006
0,31-MAY-18,511387,169,33580783,-765202617,986,3171,261,5445123754,2018-05-31 00:04:43,1006
0,31-MAY-18,-1,-1,34963700,-765037817,-1,-1,-1,5445123751,2018-05-31 00:04:43,1061
0,31-MAY-18,-1,5462,33587017,-765110700,-1,999,-1,5445123748,2018-05-31 00:04:43,1154
0,31-MAY-18,-1,874,-1,-1,-1,999,-1,5445123750,2018-05-31 00:04:43,304
0,31-MAY-18,502302,1249,33573967,-765238450,154,3141,9984,5445123745,2018-05-31 00:04:43,32
0,31-MAY-18,-1,-1,33606583,-765123100,-1,-1,-1,5445123747,2018-05-31 00:04:43,56
0,31-MAY-18,-1,-1,33605883,-765121917,-1,-1,-1,5445123752,2018-05-31 00:04:43,632
0,31-MAY-18,514085,178,34218467,-764778733,148,2842,865,5445123744,2018-05-31 00:04:43,739
0,31-MAY-18,-1,-1,34969133,-765038500,-1,-1,-1,5445123746,2018-05-31 00:04:43,815
0,31-MAY-18,-1,-1,34955183,-765050617,-1,999,-1,5445123743,2018-05-31 00:04:43,817
0,31-MAY-18,513318,-1,34907117,-764917017,215,553,615,5445123753,2018-05-31 00:04:43,899
0,31-MAY-18,-1,1336,34041283,-764758883,-1,999,-1,5445123749,2018-05-31 00:04:43,932
0,31-MAY-18,511441,-1,33594667,-765119583,657,3124,9881,5445123759,2018-05-31 00:04:44,103
0,31-MAY-18,500165,3548,34291183,-764747850,-1,999,-1,5445123758,2018-05-31 00:04:44,1045
0,31-MAY-18,-1,1043,34974017,-765008333,-1,999,-1,5445123763,2018-05-31 00:04:44,1077
0,31-MAY-18,502100,-1,34964583,-765057567,851,2274,9909,5445123764,2018-05-31 00:04:44,180
0,31-MAY-18,-1,-1,34279600,-764997450,-1,-1,-1,5445123757,2018-05-31 00:04:44,251
0,31-MAY-18,-1,-1,33601500,-765122083,-1,-1,-1,5445123761,2018-05-31 00:04:44,626
0,31-MAY-18,-1,-1,34302450,-764747083,-1,-1,-1,5445123760,2018-05-31 00:04:44,759
0,31-MAY-18,-1,-1,34042767,-764760667,-1,-1,-1,5445123765,2018-05-31 00:04:44,919
0,31-MAY-18,-1,5814,34034933,-764759033,-1,999,-1,5445123762,2018-05-31 00:04:44,936
0,31-MAY-18,502313,-1,33667467,-765282450,598,3172,192,5445123756,2018-05-31 00:04:44,94
0,31-MAY-18,-1,12284,33590167,-765120717,-1,999,-1,5445123771,2018-05-31 00:04:45,1138
0,31-MAY-18,-1,430,34294800,-764751733,-1,999,-1,5445123770,2018-05-31 00:04:45,1155
0,31-MAY-18,504006,-1,34868500,-764971700,649,334,9998,5445123768,2018-05-31 00:04:45,1212
0,31-MAY-18,512185,23,34875900,-765095100,799,323,228,5445123776,2018-05-31 00:04:45,1214
0,31-MAY-18,512185,23,34876067,-765095333,799,323,228,5445123777,2018-05-31 00:04:45,1214
0,31-MAY-18,514428,-1,34193450,-764677933,455,347,743,5445123767,2018-05-31 00:04:45,226
0,31-MAY-18,-1,1620,34036850,-764766367,-1,999,-1,5445123772,2018-05-31 00:04:45,258
0,31-MAY-18,514533,31,34270583,-764716800,96,3442,327,5445123773,2018-05-31 00:04:45,263
0,31-MAY-18,514533,34,34271433,-764715533,96,3442,327,5445123774,2018-05-31 00:04:45,263
0,31-MAY-18,-1,110,34293900,-764750550,-1,999,-1,5445123775,2018-05-31 00:04:45,717
0,31-MAY-18,514086,5,34221283,-764778250,148,2842,865,5445123769,2018-05-31 00:04:45,739
0,31-MAY-18,-1,-1,34035250,-764761867,-1,999,-1,5445123766,2018-05-31 00:04:45,924
0,31-MAY-18,-1,-1,33591200,-765113267,-1,-1,-1,5445123780,2018-05-31 00:04:46,1048
0,31-MAY-18,513041,453,34913850,-765003933,110,321,9893,5445123786,2018-05-31 00:04:46,1067
0,31-MAY-18,-1,209,34964417,-765055633,-1,999,-1,5445123778,2018-05-31 00:04:46,1178
0,31-MAY-18,-1,-1,33592400,-765117700,-1,-1,-1,5445123781,2018-05-31 00:04:46,1217
0,31-MAY-18,-1,-1,34035750,-764763167,-1,-1,-1,5445123784,2018-05-31 00:04:46,218
0,31-MAY-18,-1,-1,34037417,-764754350,-1,-1,-1,5445123782,2018-05-31 00:04:46,289
0,31-MAY-18,-1,613,34297950,-764744983,-1,999,-1,5445123788,2018-05-31 00:04:46,743
0,31-MAY-18,502304,14239,34289133,-764747500,-1,999,-1,5445123785,2018-05-31 00:04:46,746
0,31-MAY-18,-1,-1,33591250,-765112117,-1,-1,-1,5445123787,2018-05-31 00:04:46,823
0,31-MAY-18,-1,-1,33592817,-765117717,-1,-1,-1,5445123783,2018-05-31 00:04:46,83
0,31-MAY-18,-1,-1,33563567,-765124017,-1,-1,-1,5445123779,2018-05-31 00:04:46,855
0,31-MAY-18,-1,1707,34958450,-765054150,-1,999,-1,5445123790,2018-05-31 00:04:47,1192
0,31-MAY-18,-1,-1,33599500,-765118950,-1,-1,-1,5445123792,2018-05-31 00:04:47,413
0,31-MAY-18,-1,323,33589017,-765111717,-1,999,-1,5445123795,2018-05-31 00:04:47,51
0,31-MAY-18,-1,-1,34040650,-764756350,-1,-1,-1,5445123789,2018-05-31 00:04:47,624
0,31-MAY-18,514086,32,34223533,-764777867,148,2842,865,5445123794,2018-05-31 00:04:47,739
0,31-MAY-18,-1,-1,34301450,-764747850,-1,-1,-1,5445123793,2018-05-31 00:04:47,802
0,31-MAY-18,-1,-1,33593067,-765118333,-1,999,-1,5445123797,2018-05-31 00:04:47,866
0,31-MAY-18,-1,-1,34046783,-764757333,874,3411,9990,5445123796,2018-05-31 00:04:47,928
0,31-MAY-18,515190,3005,34051500,-764755483,105,353,9904,5445123791,2018-05-31 00:04:47,949
0,31-MAY-18,-1,4146,34039883,-764760383,-1,999,-1,5445123803,2018-05-31 00:04:48,11
0,31-MAY-18,-1,216,34292400,-764748483,-1,999,-1,5445123802,2018-05-31 00:04:48,1111
0,31-MAY-18,-1,3800,33244167,-765222083,-1,999,-1,5445123805,2018-05-31 00:04:48,199
0,31-MAY-18,-1,-1,34034933,-764761950,-1,-1,-1,5445123799,2018-05-31 00:04:48,259
0,31-MAY-18,500168,-1,34388567,-764767217,1167,3441,9949,5445123800,2018-05-31 00:04:48,260
0,31-MAY-18,-1,8908,33591533,-765114717,-1,999,-1,5445123801,2018-05-31 00:04:48,299
0,31-MAY-18,513032,31,34864717,-765008567,545,2121,1882,5445123804,2018-05-31 00:04:48,53
0,31-MAY-18,-1,5827,33594367,-765120817,-1,999,-1,5445123798,2018-05-31 00:04:48,88
0,31-MAY-18,-1,582,33602983,-765118483,-1,999,-1,5445123814,2018-05-31 00:04:49,1002
0,31-MAY-18,-1,330,33593800,-765115150,-1,999,-1,5445123816,2018-05-31 00:04:49,1007
0,31-MAY-18,-1,134,34698417,-764861167,436,3372,254,5445123815,2018-05-31 00:04:49,1193
0,31-MAY-18,-1,-1,34962667,-765037650,-1,-1,-1,5445123807,2018-05-31 00:04:49,1201
0,31-MAY-18,514463,4,34613583,-764889033,1087,3452,362,5445123812,2018-05-31 00:04:49,1263
0,31-MAY-18,-1,-1,34035550,-764761617,-1,-1,-1,5445123806,2018-05-31 00:04:49,221
0,31-MAY-18,-1,177,33580000,-765119750,-1,999,-1,5445123818,2018-05-31 00:04:49,54
0,31-MAY-18,-1,-1,33590033,-765113050,-1,-1,-1,5445123810,2018-05-31 00:04:49,67
0,31-MAY-18,-1,1298,34295333,-764750900,-1,999,-1,5445123808,2018-05-31 00:04:49,771
0,31-MAY-18,-1,97,34296650,-764754017,-1,999,-1,5445123817,2018-05-31 00:04:49,775
0,31-MAY-18,-1,-1,34969433,-765038150,-1,-1,-1,5445123813,2018-05-31 00:04:49,894
0,31-MAY-18,-1,1,33582617,-765115467,-1,999,-1,5445123809,2018-05-31 00:04:49,98
0,31-MAY-18,-1,612,34304183,-764750117,-1,999,-1,5445123811,2018-05-31 00:04:49,983
0,31-MAY-18,-1,8313,34953317,-765053917,-1,999,-1,5445123820,2018-05-31 00:04:50,1190
0,31-MAY-18,-1,40,33594483,-765116633,-1,999,-1,5445123821,2018-05-31 00:04:50,24
0,31-MAY-18,-1,-1,33599067,-765121817,-1,-1,-1,5445123823,2018-05-31 00:04:50,402
0,31-MAY-18,514086,47,34227317,-764777183,148,2842,865,5445123822,2018-05-31 00:04:50,739
0,31-MAY-18,515054,6990,34302683,-764748417,999,2524,728,5445123819,2018-05-31 00:04:50,792
0,31-MAY-18,-1,506,34303367,-764749500,-1,999,-1,5445123835,2018-05-31 00:04:51,1115
0,31-MAY-18,-1,-1,34974750,-765022917,-1,-1,-1,5445123824,2018-05-31 00:04:51,1176
0,31-MAY-18,-1,356,34961333,-765040733,-1,999,-1,5445123836,2018-05-31 00:04:51,1185
0,31-MAY-18,511352,10425,33583950,-765147100,276,3122,9931,5445123837,2018-05-31 00:04:51,121
0,31-MAY-18,-1,-1,33587400,-765113267,314,3133,9886,5445123832,2018-05-31 00:04:51,123
0,31-MAY-18,-1,-1,33592350,-765118150,-1,999,-1,5445123831,2018-05-31 00:04:51,1233
0,31-MAY-18,-1,-1,34974117,-765024383,-1,-1,-1,5445123829,2018-05-31 00:04:51,163
0,31-MAY-18,-1,-1,34035283,-764758750,-1,-1,-1,5445123828,2018-05-31 00:04:51,241
0,31-MAY-18,-1,-1,33600817,-765117733,-1,-1,-1,5445123826,2018-05-31 00:04:51,437
0,31-MAY-18,-1,-1,34968583,-765038467,-1,-1,-1,5445123830,2018-05-31 00:04:51,8
0,31-MAY-18,-1,-1,34968950,-765038750,-1,-1,-1,5445123825,2018-05-31 00:04:51,810
0,31-MAY-18,-1,638,33591900,-765112067,-1,999,-1,5445123827,2018-05-31 00:04:51,829
0,31-MAY-18,514405,769,34036817,-764765683,-1,999,-1,5445123833,2018-05-31 00:04:51,937
0,31-MAY-18,-1,-1,34294100,-764746550,-1,-1,-1,5445123834,2018-05-31 00:04:51,974
0,31-MAY-18,-1,111,34298050,-764753217,-1,999,-1,5445123843,2018-05-31 00:04:52,1103
0,31-MAY-18,-1,507,34300600,-764748750,-1,999,-1,5445123849,2018-05-31 00:04:52,1113
0,31-MAY-18,-1,5762,33593650,-765119083,-1,999,-1,5445123841,2018-05-31 00:04:52,1129
0,31-MAY-18,501401,5957,34964883,-765059600,917,2301,9934,5445123838,2018-05-31 00:04:52,1179
0,31-MAY-18,513106,-1,34692933,-764859383,436,3372,254,5445123846,2018-05-31 00:04:52,1193
0,31-MAY-18,514462,274,34613900,-764887717,1087,3452,362,5445123848,2018-05-31 00:04:52,1263
0,31-MAY-18,-1,-1,33584483,-765110483,-1,-1,-1,5445123844,2018-05-31 00:04:52,130
0,31-MAY-18,519192,-1,34626567,-765270233,937,306,9982,5445123839,2018-05-31 00:04:52,198
0,31-MAY-18,-1,-1,33587017,-765111483,-1,999,-1,5445123842,2018-05-31 00:04:52,26
0,31-MAY-18,-1,2758,33592783,-765114817,-1,999,-1,5445123850,2018-05-31 00:04:52,42
0,31-MAY-18,-1,-1,34969850,-765030283,-1,-1,-1,5445123845,2018-05-31 00:04:52,637
0,31-MAY-18,-1,-1,34303067,-764749233,-1,999,-1,5445123852,2018-05-31 00:04:52,744
0,31-MAY-18,-1,-1,34971150,-765034850,-1,-1,-1,5445123853,2018-05-31 00:04:52,809
0,31-MAY-18,-1,-1,33706967,-765372367,-1,999,-1,5445123851,2018-05-31 00:04:52,873
0,31-MAY-18,514068,3,34360500,-764798800,622,3441,501,5445123847,2018-05-31 00:04:52,970
0,31-MAY-18,502100,13761,34308017,-764752450,832,2274,9927,5445123840,2018-05-31 00:04:52,975
0,31-MAY-18,502701,553,34282483,-764982783,861,2842,433,5445123859,2018-05-31 00:04:53,1096
0,31-MAY-18,514463,31,34614017,-764886850,1087,3452,362,5445123865,2018-05-31 00:04:53,1263
0,31-MAY-18,513185,-1,34851217,-764923800,625,332,9996,5445123858,2018-05-31 00:04:53,193
0,31-MAY-18,512033,6,34903017,-765061117,754,322,153,5445123864,2018-05-31 00:04:53,200
0,31-MAY-18,-1,126,34034733,-764763783,423,1571,9885,5445123861,2018-05-31 00:04:53,216
0,31-MAY-18,-1,-1,33600500,-765122067,-1,-1,-1,5445123860,2018-05-31 00:04:53,23
0,31-MAY-18,-1,-1,34041000,-764756517,-1,-1,-1,5445123856,2018-05-31 00:04:53,239
0,31-MAY-18,514270,1713,34052833,-764751733,869,3411,725,5445123857,2018-05-31 00:04:53,253
0,31-MAY-18,500058,-1,34089467,-764737300,446,376,9988,5445123854,2018-05-31 00:04:53,269
0,31-MAY-18,-1,398,33595350,-765117950,-1,999,-1,5445123855,2018-05-31 00:04:53,382
0,31-MAY-18,-1,5196,33608983,-765121900,-1,999,-1,5445123862,2018-05-31 00:04:53,439
0,31-MAY-18,517076,12114,34208567,-764815467,561,373,9986,5445123863,2018-05-31 00:04:53,764
0,31-MAY-18,511045,35,33458083,-765306217,842,3141,290,5445123873,2018-05-31 00:04:54,1009
0,31-MAY-18,-1,3926,34290433,-764749000,-1,999,-1,5445123866,2018-05-31 00:04:54,1093
0,31-MAY-18,-1,-1,34972883,-765005750,-1,999,-1,5445123870,2018-05-31 00:04:54,1197
0,31-MAY-18,-1,412,34956650,-765049517,-1,999,-1,5445123872,2018-05-31 00:04:54,166
0,31-MAY-18,-1,2362,-1,-1,729,302,9982,5445123874,2018-05-31 00:04:54,210
0,31-MAY-18,514428,18,34192083,-764678550,455,347,743,5445123869,2018-05-31 00:04:54,226
0,31-MAY-18,-1,5,34035467,-764763267,115,150,9948,5445123868,2018-05-31 00:04:54,551
0,31-MAY-18,514086,30,34231217,-764776467,148,2842,865,5445123871,2018-05-31 00:04:54,739
0,31-MAY-18,-1,-1,33603633,-765122367,-1,-1,-1,5445123867,2018-05-31 00:04:54,835
0,31-MAY-18,-1,-1,34953733,-765053417,-1,-1,-1,5445123883,2018-05-31 00:04:55,1032
0,31-MAY-18,500202,72,34812517,-764985150,511,2121,1884,5445123878,2018-05-31 00:04:55,1078
0,31-MAY-18,-1,12424,34308383,-764753767,-1,999,-1,5445123876,2018-05-31 00:04:55,1094
0,31-MAY-18,-1,-1,34292183,-764748600,-1,999,-1,5445123881,2018-05-31 00:04:55,1108
0,31-MAY-18,514463,40,34614467,-764885283,1087,3452,362,5445123887,2018-05-31 00:04:55,1263
0,31-MAY-18,500113,-1,34896433,-765089450,337,552,1526,5445123886,2018-05-31 00:04:55,181
0,31-MAY-18,517076,6559,-1,-1,614,373,9980,5445123889,2018-05-31 00:04:55,186
0,31-MAY-18,504007,631,34905033,-764913167,896,3351,529,5445123885,2018-05-31 00:04:55,202
0,31-MAY-18,514428,18,34191533,-764678817,455,347,743,5445123884,2018-05-31 00:04:55,226
0,31-MAY-18,515190,-1,34204600,-764811350,606,353,9952,5445123877,2018-05-31 00:04:55,272
0,31-MAY-18,-1,-1,34969367,-765029100,-1,-1,-1,5445123875,2018-05-31 00:04:55,303
0,31-MAY-18,501850,14066,34292983,-764750367,-1,999,-1,5445123888,2018-05-31 00:04:55,45
0,31-MAY-18,-1,499,34034633,-764761917,707,142,9964,5445123890,2018-05-31 00:04:55,616
0,31-MAY-18,511204,-1,34086767,-765472133,611,3191,9892,5445123880,2018-05-31 00:04:55,900
0,31-MAY-18,-1,1,34307017,-764752200,832,2274,9927,5445123879,2018-05-31 00:04:55,975
0,31-MAY-18,-1,-1,33588783,-765119350,-1,-1,-1,5445123882,2018-05-31 00:04:55,994
0,31-MAY-18,-1,6160,33573267,-765122950,-1,999,-1,5445123898,2018-05-31 00:04:56,1046
0,31-MAY-18,-1,111,34298050,-764753200,-1,999,-1,5445123892,2018-05-31 00:04:56,1103
0,31-MAY-18,-1,897,34290167,-764748333,-1,999,-1,5445123893,2018-05-31 00:04:56,1110
0,31-MAY-18,-1,-1,33593067,-765121000,-1,999,-1,5445123894,2018-05-31 00:04:56,1161
0,31-MAY-18,511079,-1,33817467,-765696250,116,3192,227,5445123905,2018-05-31 00:04:56,119
0,31-MAY-18,-1,5590,34962083,-765040150,-1,999,-1,5445123907,2018-05-31 00:04:56,213
0,31-MAY-18,-1,253,33594683,-765115433,-1,999,-1,5445123906,2018-05-31 00:04:56,37
0,31-MAY-18,-1,-1,34045800,-764760950,-1,999,-1,5445123896,2018-05-31 00:04:56,618
0,31-MAY-18,511438,-1,33686133,-765554833,12,3124,239,5445123900,2018-05-31 00:04:56,876
0,31-MAY-18,511438,-1,33686800,-765555733,12,3124,239,5445123901,2018-05-31 00:04:56,876
0,31-MAY-18,511438,-1,33694533,-765565167,12,3124,239,5445123902,2018-05-31 00:04:56,876
0,31-MAY-18,511439,-1,33699567,-765566967,12,3124,239,5445123903,2018-05-31 00:04:56,876
0,31-MAY-18,511439,-1,33700133,-765567517,12,3124,239,5445123904,2018-05-31 00:04:56,876
0,31-MAY-18,511487,-1,33674283,-765535583,12,3124,239,5445123891,2018-05-31 00:04:56,876
0,31-MAY-18,511487,-1,33678033,-765541883,12,3124,239,5445123897,2018-05-31 00:04:56,876
0,31-MAY-18,511487,-1,33681800,-765547483,12,3124,239,5445123899,2018-05-31 00:04:56,876
0,31-MAY-18,502300,13560,34293800,-764774017,178,421,9740,5445123895,2018-05-31 00:04:56,959
0,31-MAY-18,-1,-1,34300517,-764748217,-1,-1,-1,5445123910,2018-05-31 00:04:57,1095
0,31-MAY-18,502302,952,33600017,-765240367,1045,3141,586,5445123908,2018-05-31 00:04:57,1145
0,31-MAY-18,-1,-1,34970950,-765035333,-1,-1,-1,5445123909,2018-05-31 00:04:57,137
0,31-MAY-18,516195,6,33954867,-765241283,555,2121,2178,5445123911,2018-05-31 00:04:57,844
0,31-MAY-18,-1,-1,33609333,-765121400,-1,-1,-1,5445123912,2018-05-31 00:04:57,848
0,31-MAY-18,-1,-1,34957083,-765048367,-1,-1,-1,5445123926,2018-05-31 00:04:58,1074
0,31-MAY-18,-1,6982,34967133,-765044900,-1,999,-1,5445123914,2018-05-31 00:04:58,1076
0,31-MAY-18,513293,163,34963167,-764871567,393,333,317,5445123924,2018-05-31 00:04:58,1210
0,31-MAY-18,-1,3492,33594367,-765114750,-1,999,-1,5445123915,2018-05-31 00:04:58,128
0,31-MAY-18,-1,231,33590183,-765121133,-1,999,-1,5445123919,2018-05-31 00:04:58,27
0,31-MAY-18,-1,3352,34963183,-765037150,-1,999,-1,5445123918,2018-05-31 00:04:58,307
0,31-MAY-18,-1,-1,33602100,-765122167,-1,-1,-1,5445123920,2018-05-31 00:04:58,628
0,31-MAY-18,-1,-1,33598250,-765119067,-1,999,-1,5445123913,2018-05-31 00:04:58,71
0,31-MAY-18,-1,616,34300167,-764747067,-1,999,-1,5445123916,2018-05-31 00:04:58,745
0,31-MAY-18,-1,-1,34301817,-764746583,-1,-1,-1,5445123922,2018-05-31 00:04:58,760
0,31-MAY-18,-1,113,34294833,-764751367,-1,999,-1,5445123917,2018-05-31 00:04:58,767
0,31-MAY-18,516195,31,33953800,-765241233,555,2121,2178,5445123921,2018-05-31 00:04:58,844
0,31-MAY-18,-1,6088,33593517,-765121517,-1,999,-1,5445123923,2018-05-31 00:04:58,850
0,31-MAY-18,-1,4198,33589083,-765114700,-1,999,-1,5445123925,2018-05-31 00:04:58,856
0,31-MAY-18,-1,113,33590400,-765114517,-1,999,-1,5445123929,2018-05-31 00:04:59,1049
0,31-MAY-18,-1,-1,34974517,-765023683,-1,-1,-1,5445123928,2018-05-31 00:04:59,1070
0,31-MAY-18,-1,-1,34038267,-764753667,-1,-1,-1,5445123930,2018-05-31 00:04:59,288
0,31-MAY-18,-1,15687,33589167,-765123617,-1,-1,-1,5445123932,2018-05-31 00:04:59,314
0,31-MAY-18,-1,7757,33590217,-765111817,-1,999,-1,5445123933,2018-05-31 00:04:59,863
0,31-MAY-18,511439,-1,33706933,-765572300,12,3124,239,5445123927,2018-05-31 00:04:59,876
0,31-MAY-18,-1,-1,34045717,-764760600,-1,-1,-1,5445123931,2018-05-31 00:04:59,935
0,31-MAY-18,512185,29,34878067,-765098467,799,323,228,5445123935,2018-05-31 00:05:00,1214
0,31-MAY-18,-1,-1,33615900,-765100167,-1,-1,-1,5445123936,2018-05-31 00:05:00,126
0,31-MAY-18,514463,25,34615900,-764881717,1087,3452,362,5445123939,2018-05-31 00:05:00,1263
0,31-MAY-18,519281,10315,34960067,-765044467,-1,999,-1,5445123934,2018-05-31 00:05:00,188
0,31-MAY-18,-1,161,34294050,-764751150,-1,999,-1,5445123938,2018-05-31 00:05:00,302
0,31-MAY-18,514068,32,34356167,-764797333,622,3441,501,5445123937,2018-05-31 00:05:00,970
0,31-MAY-18,511386,31,33587767,-765203017,986,3171,261,5445123944,2018-05-31 00:05:01,1006
0,31-MAY-18,-1,1475,34966467,-765033433,-1,999,-1,5445123943,2018-05-31 00:05:01,1071
0,31-MAY-18,-1,102,34296450,-764753050,-1,999,-1,5445123941,2018-05-31 00:05:01,1107
0,31-MAY-18,-1,-1,33584733,-765113217,-1,-1,-1,5445123948,2018-05-31 00:05:01,1159
0,31-MAY-18,512185,29,34878200,-765098717,799,323,228,5445123945,2018-05-31 00:05:01,1214
0,31-MAY-18,514086,122,34241250,-764774667,148,2842,865,5445123951,2018-05-31 00:05:01,739
0,31-MAY-18,-1,-1,34293483,-764740433,-1,-1,-1,5445123950,2018-05-31 00:05:01,740
0,31-MAY-18,-1,19094,34294383,-764745867,-1,999,-1,5445123947,2018-05-31 00:05:01,749
0,31-MAY-18,-1,15116,34300983,-764754850,-1,999,-1,5445123949,2018-05-31 00:05:01,774
0,31-MAY-18,-1,-1,33587117,-765115483,-1,-1,-1,5445123942,2018-05-31 00:05:01,81
0,31-MAY-18,-1,-1,33604483,-765119533,-1,-1,-1,5445123946,2018-05-31 00:05:01,832
0,31-MAY-18,-1,-1,34300117,-764748083,-1,-1,-1,5445123940,2018-05-31 00:05:01,984
0,31-MAY-18,-1,367,34959267,-765043833,-1,999,-1,5445123954,2018-05-31 00:05:02,1172
0,31-MAY-18,513106,34,34689067,-764858167,436,3372,9994,5445123957,2018-05-31 00:05:02,1193
0,31-MAY-18,-1,-1,34959517,-765044950,-1,999,-1,5445123955,2018-05-31 00:05:02,1203
0,31-MAY-18,513294,5,34965083,-764875500,393,333,317,5445123960,2018-05-31 00:05:02,1210
0,31-MAY-18,-1,-1,34963233,-765040217,-1,-1,-1,5445123953,2018-05-31 00:05:02,192
0,31-MAY-18,514428,122,34188317,-764681500,455,347,743,5445123958,2018-05-31 00:05:02,226
0,31-MAY-18,500164,285,34439133,-764820000,904,3411,356,5445123962,2018-05-31 00:05:02,250
0,31-MAY-18,-1,-1,33586267,-765112417,-1,-1,-1,5445123959,2018-05-31 00:05:02,30
0,31-MAY-18,-1,3902,34782450,-764879433,176,1571,9949,5445123961,2018-05-31 00:05:02,653
0,31-MAY-18,-1,-1,34301950,-764755100,-1,-1,-1,5445123956,2018-05-31 00:05:02,705
0,31-MAY-18,-1,-1,34304600,-764750367,-1,999,-1,5445123952,2018-05-31 00:05:02,709
0,31-MAY-18,-1,-1,34358750,-764743850,-1,-1,-1,5445123963,2018-05-31 00:05:02,754
0,31-MAY-18,-1,2247,34301067,-764747733,-1,999,-1,5445123964,2018-05-31 00:05:02,788
0,31-MAY-18,-1,503,34954750,-765053967,-1,999,-1,5445123968,2018-05-31 00:05:03,1025
0,31-MAY-18,-1,-1,-1,-1,-1,-1,-1,5445123976,2018-05-31 00:05:03,1128
0,31-MAY-18,511481,-1,33745550,-765162050,228,3131,305,5445123975,2018-05-31 00:05:03,1130
0,31-MAY-18,-1,351,33593850,-765120250,-1,999,-1,5445123966,2018-05-31 00:05:03,125
0,31-MAY-18,514201,9,34187850,-764682100,455,347,743,5445123973,2018-05-31 00:05:03,226
0,31-MAY-18,-1,1926,34058250,-764750367,-1,999,-1,5445123969,2018-05-31 00:05:03,227
0,31-MAY-18,500162,824,34435783,-764843583,53,3442,645,5445123970,2018-05-31 00:05:03,274
0,31-MAY-18,501703,12675,-1,-1,-1,-1,-1,5445123967,2018-05-31 00:05:03,706
0,31-MAY-18,-1,631,33588800,-765111217,-1,999,-1,5445123974,2018-05-31 00:05:03,828
0,31-MAY-18,-1,-1,33578333,-765115500,-1,-1,-1,5445123971,2018-05-31 00:05:03,855
0,31-MAY-18,-1,-1,34034267,-764762233,-1,999,-1,5445123965,2018-05-31 00:05:03,940
0,31-MAY-18,-1,-1,34183817,-765482433,-1,-1,-1,5445123972,2018-05-31 00:05:03,951
0,31-MAY-18,511045,170,33470167,-765305350,842,3141,290,5445123986,2018-05-31 00:05:04,1009
0,31-MAY-18,-1,236,33587833,-765114750,-1,999,-1,5445123978,2018-05-31 00:05:04,1135
0,31-MAY-18,511274,853,33879400,-765251517,373,2211,9861,5445123987,2018-05-31 00:05:04,1139
0,31-MAY-18,-1,5,33586150,-765109683,-1,-1,-1,5445123979,2018-05-31 00:05:04,116
0,31-MAY-18,511462,-1,33819850,-765700233,116,3192,227,5445123991,2018-05-31 00:05:04,119
0,31-MAY-18,511352,-1,33734200,-765567467,160,3122,9943,5445123990,2018-05-31 00:05:04,124
0,31-MAY-18,514463,25,34616467,-764880483,1087,3452,362,5445123988,2018-05-31 00:05:04,1263
0,31-MAY-18,512033,31,34897633,-765066033,754,322,153,5445123989,2018-05-31 00:05:04,200
0,31-MAY-18,-1,14,34038700,-764765200,188,1472,9759,5445123977,2018-05-31 00:05:04,219
0,31-MAY-18,-1,-1,34303817,-764748117,-1,-1,-1,5445123984,2018-05-31 00:05:04,757
0,31-MAY-18,-1,1691,34299867,-764755067,-1,999,-1,5445123982,2018-05-31 00:05:04,761
0,31-MAY-18,-1,594,34299533,-764746267,-1,999,-1,5445123985,2018-05-31 00:05:04,797
0,31-MAY-18,516195,98,33947300,-765241000,555,2121,2178,5445123983,2018-05-31 00:05:04,844
0,31-MAY-18,-1,-1,34968750,-765031983,-1,-1,-1,5445123980,2018-05-31 00:05:04,878
0,31-MAY-18,-1,115,34047883,-764759683,-1,999,-1,5445123981,2018-05-31 00:05:04,926
0,31-MAY-18,513294,35,34966067,-764877367,393,333,317,5445123996,2018-05-31 00:05:05,1210
0,31-MAY-18,513294,35,34966583,-764878350,393,333,317,5445123998,2018-05-31 00:05:05,1210
0,31-MAY-18,513316,-1,34938700,-765088183,471,553,9998,5445123993,2018-05-31 00:05:05,1213
0,31-MAY-18,-1,-1,34978217,-765018900,-1,-1,-1,5445123992,2018-05-31 00:05:05,155
0,31-MAY-18,514201,42,34186733,-764683200,455,347,743,5445123995,2018-05-31 00:05:05,226
0,31-MAY-18,-1,598,34301217,-764746117,-1,999,-1,5445123997,2018-05-31 00:05:05,747
0,31-MAY-18,-1,-1,34040083,-764764400,-1,999,-1,5445123994,2018-05-31 00:05:05,910
0,31-MAY-18,500101,12510,34294283,-764750567,-1,999,-1,5445124001,2018-05-31 00:05:06,1005
0,31-MAY-18,519041,4446,34782433,-765175667,259,305,9992,5445124000,2018-05-31 00:05:06,1189
0,31-MAY-18,-1,3467,34960867,-765053383,-1,999,-1,5445123999,2018-05-31 00:05:06,145
0,31-MAY-18,-1,-1,33586050,-765119750,-1,-1,-1,5445124004,2018-05-31 00:05:06,18
0,31-MAY-18,511274,3578,33666700,-765260117,702,2211,9874,5445124002,2018-05-31 00:05:06,312
0,31-MAY-18,-1,1182,34300600,-764747517,-1,999,-1,5445124003,2018-05-31 00:05:06,785
0,31-MAY-18,-1,-1,34969650,-765037467,-1,-1,-1,5445124005,2018-05-31 00:05:07,1026
0,31-MAY-18,-1,-1,34975133,-765022333,-1,-1,-1,5445124010,2018-05-31 00:05:07,1029
0,31-MAY-18,-1,2036,34964717,-765058333,-1,999,-1,5445124006,2018-05-31 00:05:07,1068
0,31-MAY-18,-1,-1,33603517,-765122133,-1,-1,-1,5445124009,2018-05-31 00:05:07,1120
0,31-MAY-18,514463,10,34617200,-764878750,1087,3452,362,5445124013,2018-05-31 00:05:07,1263
0,31-MAY-18,500050,-1,34307917,-764754083,721,557,2381,5445124008,2018-05-31 00:05:07,765
0,31-MAY-18,-1,221,34289450,-764746900,-1,999,-1,5445124007,2018-05-31 00:05:07,953
0,31-MAY-18,-1,-1,34296717,-764746467,-1,999,-1,5445124012,2018-05-31 00:05:07,966
0,31-MAY-18,-1,202,33594383,-765113533,-1,999,-1,5445124011,2018-05-31 00:05:07,992
0,31-MAY-18,-1,3745,33587717,-765111433,-1,999,-1,5445124015,2018-05-31 00:05:08,1008
0,31-MAY-18,-1,719,33589333,-765114033,-1,999,-1,5445124027,2018-05-31 00:05:08,1033
0,31-MAY-18,500153,7852,34293883,-764745217,-1,999,-1,5445124022,2018-05-31 00:05:08,1109
0,31-MAY-18,511481,32,33751200,-765161867,228,3131,305,5445124021,2018-05-31 00:05:08,1130
0,31-MAY-18,-1,6946,34597717,-765289533,-1,999,-1,5445124025,2018-05-31 00:05:08,1202
0,31-MAY-18,513294,5,34968083,-764881317,393,333,317,5445124028,2018-05-31 00:05:08,1210
0,31-MAY-18,-1,1963,33586650,-765113333,-1,999,-1,5445124020,2018-05-31 00:05:08,1220
0,31-MAY-18,-1,-1,-1,-1,-1,-1,-1,5445124023,2018-05-31 00:05:08,151
0,31-MAY-18,-1,1263,34958517,-765054133,-1,999,-1,5445124016,2018-05-31 00:05:08,190
0,31-MAY-18,-1,13418,34959367,-765054017,-1,999,-1,5445124014,2018-05-31 00:05:08,203
0,31-MAY-18,-1,-1,34045733,-764758267,-1,-1,-1,5445124018,2018-05-31 00:05:08,238
0,31-MAY-18,-1,403,33586483,-765110967,-1,999,-1,5445124017,2018-05-31 00:05:08,65
0,31-MAY-18,514195,878,34283283,-764662867,733,355,9992,5445124029,2018-05-31 00:05:08,700
0,31-MAY-18,-1,-1,33601917,-765122100,-1,-1,-1,5445124026,2018-05-31 00:05:08,780
0,31-MAY-18,514186,101,34168267,-764766150,618,2841,302,5445124019,2018-05-31 00:05:08,968
0,31-MAY-18,-1,22523,33591233,-765114183,-1,999,-1,5445124024,2018-05-31 00:05:08,991
0,31-MAY-18,-1,2871,34953233,-765054300,-1,999,-1,5445124039,2018-05-31 00:05:09,1075
0,31-MAY-18,-1,-1,34964867,-765059417,917,2301,9934,5445124032,2018-05-31 00:05:09,1179
0,31-MAY-18,-1,-1,34978050,-765020950,-1,-1,-1,5445124033,2018-05-31 00:05:09,1208
0,31-MAY-18,513001,1296,34851417,-764935900,79,336,9998,5445124035,2018-05-31 00:05:09,1211
0,31-MAY-18,-1,-1,34975067,-765022500,-1,-1,-1,5445124040,2018-05-31 00:05:09,177
0,31-MAY-18,514201,73,34182267,-764684367,455,347,743,5445124034,2018-05-31 00:05:09,226
0,31-MAY-18,514042,347,34198267,-764651850,790,2841,300,5445124036,2018-05-31 00:05:09,789
0,31-MAY-18,-1,-1,34968650,-765039283,-1,-1,-1,5445124030,2018-05-31 00:05:09,819
0,31-MAY-18,-1,-1,33593717,-765116783,-1,-1,-1,5445124038,2018-05-31 00:05:09,836
0,31-MAY-18,-1,17910,34962050,-765053050,-1,999,-1,5445124031,2018-05-31 00:05:09,888
0,31-MAY-18,514068,105,34346767,-764794133,622,3441,501,5445124037,2018-05-31 00:05:09,970
0,31-MAY-18,-1,6473,34288800,-764737983,-1,999,-1,5445124046,2018-05-31 00:05:10,1011
0,31-MAY-18,-1,-1,33581983,-765106583,-1,-1,-1,5445124048,2018-05-31 00:05:10,1223
0,31-MAY-18,-1,-1,33616717,-765097217,-1,-1,-1,5445124042,2018-05-31 00:05:10,19
0,31-MAY-18,512033,48,34898350,-765068767,754,322,153,5445124047,2018-05-31 00:05:10,200
0,31-MAY-18,514534,9,34181333,-764684717,455,347,743,5445124045,2018-05-31 00:05:10,226
0,31-MAY-18,514405,156,34044467,-764761183,560,347,9998,5445124044,2018-05-31 00:05:10,240
0,31-MAY-18,-1,327,34961050,-765042133,-1,999,-1,5445124043,2018-05-31 00:05:10,300
0,31-MAY-18,-1,-1,-1,-1,-1,999,-1,5445124041,2018-05-31 00:05:10,725
0,31-MAY-18,-1,110,34294217,-764750000,-1,999,-1,5445124055,2018-05-31 00:05:11,1112
0,31-MAY-18,504006,-1,34879267,-765007917,649,334,9998,5445124056,2018-05-31 00:05:11,1212
0,31-MAY-18,514201,16,34180417,-764685133,455,347,743,5445124057,2018-05-31 00:05:11,226
0,31-MAY-18,-1,-1,34970767,-765029017,-1,-1,-1,5445124049,2018-05-31 00:05:11,303
0,31-MAY-18,-1,-1,34289500,-764738567,-1,999,-1,5445124054,2018-05-31 00:05:11,34
0,31-MAY-18,-1,-1,33599950,-765117617,-1,-1,-1,5445124058,2018-05-31 00:05:11,68
0,31-MAY-18,-1,-1,34302083,-764746883,-1,-1,-1,5445124051,2018-05-31 00:05:11,772
0,31-MAY-18,514466,-1,34199683,-764651150,790,2841,300,5445124059,2018-05-31 00:05:11,789
0,31-MAY-18,-1,-1,34970700,-765035667,-1,-1,-1,5445124052,2018-05-31 00:05:11,805
0,31-MAY-18,500104,12425,34300250,-764754650,-1,999,-1,5445124053,2018-05-31 00:05:11,960
0,31-MAY-18,-1,168,34293333,-764749317,-1,999,-1,5445124050,2018-05-31 00:05:11,977
0,31-MAY-18,511441,-1,33594667,-765119583,657,3124,9881,5445124068,2018-05-31 00:05:12,103
0,31-MAY-18,-1,5462,33587033,-765110700,-1,999,-1,5445124067,2018-05-31 00:05:12,1154
0,31-MAY-18,512033,48,34898850,-765070033,754,322,153,5445124069,2018-05-31 00:05:12,200
0,31-MAY-18,514201,32,34180417,-764685133,455,347,743,5445124066,2018-05-31 00:05:12,226
0,31-MAY-18,511059,9472,33793233,-765250067,580,3192,9996,5445124060,2018-05-31 00:05:12,281
0,31-MAY-18,502302,1685,33535050,-765234483,154,3141,9984,5445124071,2018-05-31 00:05:12,32
0,31-MAY-18,-1,-1,34955183,-765050633,-1,999,-1,5445124065,2018-05-31 00:05:12,817
0,31-MAY-18,504016,9385,34280017,-765327800,497,131,9921,5445124062,2018-05-31 00:05:12,837
0,31-MAY-18,513318,-1,34907117,-764916983,215,553,615,5445124064,2018-05-31 00:05:12,899
0,31-MAY-18,-1,-1,34035233,-764758867,-1,-1,-1,5445124063,2018-05-31 00:05:12,929
0,31-MAY-18,-1,1336,34041300,-764758883,-1,999,-1,5445124070,2018-05-31 00:05:12,932
0,31-MAY-18,511033,975,33665167,-765260167,641,3133,9855,5445124061,2018-05-31 00:05:12,95
0,31-MAY-18,500165,3548,34291167,-764747867,-1,999,-1,5445124077,2018-05-31 00:05:13,1045
0,31-MAY-18,-1,-1,33591850,-765113317,-1,-1,-1,5445124075,2018-05-31 00:05:13,1124
0,31-MAY-18,514463,57,34618583,-764874333,1087,3452,362,5445124081,2018-05-31 00:05:13,1263
0,31-MAY-18,514201,32,34179517,-764685600,455,347,743,5445124076,2018-05-31 00:05:13,226
0,31-MAY-18,-1,-1,33590667,-765112200,-1,-1,-1,5445124079,2018-05-31 00:05:13,44
0,31-MAY-18,-1,-1,34972000,-765028033,-1,-1,-1,5445124080,2018-05-31 00:05:13,5
0,31-MAY-18,-1,-1,34970017,-765037067,-1,-1,-1,5445124072,2018-05-31 00:05:13,893
0,31-MAY-18,-1,5814,34034950,-764759033,-1,999,-1,5445124073,2018-05-31 00:05:13,936
0,31-MAY-18,502313,-1,33667433,-765282417,598,3172,192,5445124078,2018-05-31 00:05:13,94
0,31-MAY-18,-1,-1,34300750,-764749433,-1,-1,-1,5445124074,2018-05-31 00:05:13,962
0,31-MAY-18,-1,12284,33590167,-765120650,-1,999,-1,5445124086,2018-05-31 00:05:14,1138
0,31-MAY-18,-1,430,34294833,-764751750,-1,999,-1,5445124088,2018-05-31 00:05:14,1155
0,31-MAY-18,-1,1620,34036867,-764766350,-1,999,-1,5445124085,2018-05-31 00:05:14,258
0,31-MAY-18,-1,-1,34970883,-765030100,-1,-1,-1,5445124084,2018-05-31 00:05:14,293
0,31-MAY-18,-1,874,-1,-1,-1,999,-1,5445124090,2018-05-31 00:05:14,304
0,31-MAY-18,-1,-1,33606583,-765123000,-1,-1,-1,5445124089,2018-05-31 00:05:14,56
0,31-MAY-18,-1,-1,34970250,-765036550,-1,-1,-1,5445124082,2018-05-31 00:05:14,813
0,31-MAY-18,-1,-1,34969183,-765038467,-1,-1,-1,5445124087,2018-05-31 00:05:14,815
0,31-MAY-18,-1,-1,34035300,-764762117,-1,999,-1,5445124083,2018-05-31 00:05:14,924
0,31-MAY-18,-1,-1,34963700,-765037800,-1,-1,-1,5445124091,2018-05-31 00:05:15,1061
0,31-MAY-18,514201,32,34177750,-764686633,455,347,743,5445124094,2018-05-31 00:05:15,226
0,31-MAY-18,-1,-1,34278833,-764995817,-1,-1,-1,5445124095,2018-05-31 00:05:15,251
0,31-MAY-18,514533,22,34273117,-764713483,96,3442,327,5445124098,2018-05-31 00:05:15,263
0,31-MAY-18,-1,-1,33605867,-765121917,-1,-1,-1,5445124092,2018-05-31 00:05:15,632
0,31-MAY-18,-1,116,34293650,-764750383,-1,999,-1,5445124093,2018-05-31 00:05:15,717
0,31-MAY-18,-1,-1,34302450,-764747067,-1,-1,-1,5445124097,2018-05-31 00:05:15,759
0,31-MAY-18,-1,10127,34970600,-765035983,-1,999,-1,5445124096,2018-05-31 00:05:15,889
0,31-MAY-18,-1,-1,33585917,-765110283,401,3121,9831,5445124113,2018-05-31 00:05:16,104
0,31-MAY-18,-1,-1,33591233,-765113267,-1,-1,-1,5445124112,2018-05-31 00:05:16,1048
0,31-MAY-18,513041,699,34892583,-765016433,110,321,9893,5445124102,2018-05-31 00:05:16,1067
0,31-MAY-18,-1,209,34964167,-765055533,-1,999,-1,5445124107,2018-05-31 00:05:16,1178
0,31-MAY-18,-1,1823,34953417,-765052150,-1,999,-1,5445124108,2018-05-31 00:05:16,1192
0,31-MAY-18,502100,-1,34964567,-765057317,851,2274,9909,5445124104,2018-05-31 00:05:16,180
0,31-MAY-18,-1,4314,33290400,-765224967,-1,999,-1,5445124103,2018-05-31 00:05:16,199
0,31-MAY-18,514201,32,34176767,-764687200,455,347,743,5445124109,2018-05-31 00:05:16,226
0,31-MAY-18,-1,-1,34037417,-764754350,-1,-1,-1,5445124114,2018-05-31 00:05:16,289
0,31-MAY-18,-1,613,34297967,-764744933,-1,999,-1,5445124099,2018-05-31 00:05:16,743
0,31-MAY-18,502304,14239,34289133,-764747500,-1,999,-1,5445124106,2018-05-31 00:05:16,746
0,31-MAY-18,-1,-1,33593067,-765118317,-1,999,-1,5445124101,2018-05-31 00:05:16,866
0,31-MAY-18,-1,-1,34969400,-765031967,-1,-1,-1,5445124100,2018-05-31 00:05:16,878
0,31-MAY-18,-1,-1,34043050,-764760933,-1,-1,-1,5445124105,2018-05-31 00:05:16,919
0,31-MAY-18,515190,3057,34047850,-764757100,105,353,9904,5445124111,2018-05-31 00:05:16,949
0,31-MAY-18,514468,8,34165067,-764760717,618,2841,302,5445124110,2018-05-31 00:05:16,968
0,31-MAY-18,511056,-1,33823050,-765710600,116,3192,227,5445124120,2018-05-31 00:05:17,119
0,31-MAY-18,500162,920,34427267,-764843333,53,3442,645,5445124117,2018-05-31 00:05:17,274
0,31-MAY-18,-1,-1,33599550,-765118933,-1,-1,-1,5445124119,2018-05-31 00:05:17,413
0,31-MAY-18,-1,323,33589017,-765111717,-1,999,-1,5445124115,2018-05-31 00:05:17,51
0,31-MAY-18,513032,222,34867217,-764991733,545,2121,1882,5445124116,2018-05-31 00:05:17,53
0,31-MAY-18,-1,5827,33594367,-765120817,-1,999,-1,5445124118,2018-05-31 00:05:17,88
0,31-MAY-18,-1,582,33603000,-765118483,-1,999,-1,5445124127,2018-05-31 00:05:18,1002
0,31-MAY-18,-1,4146,34039900,-764760400,-1,999,-1,5445124121,2018-05-31 00:05:18,11
0,31-MAY-18,-1,216,34292400,-764748467,-1,999,-1,5445124124,2018-05-31 00:05:18,1111
0,31-MAY-18,-1,-1,34964867,-765059400,-1,999,-1,5445124125,2018-05-31 00:05:18,1179
0,31-MAY-18,-1,-1,33592400,-765117733,-1,-1,-1,5445124128,2018-05-31 00:05:18,1217
0,31-MAY-18,-1,2743,34553100,-765314817,729,302,9982,5445124129,2018-05-31 00:05:18,210
0,31-MAY-18,-1,-1,34035750,-764763150,-1,-1,-1,5445124122,2018-05-31 00:05:18,218
0,31-MAY-18,-1,8908,33591533,-765114700,-1,999,-1,5445124126,2018-05-31 00:05:18,299
0,31-MAY-18,-1,-1,33601500,-765122083,-1,-1,-1,5445124123,2018-05-31 00:05:18,626
0,31-MAY-18,514087,-1,34262383,-764770783,148,2842,865,5445124135,2018-05-31 00:05:18,739
0,31-MAY-18,-1,1298,34295333,-764750867,-1,999,-1,5445124132,2018-05-31 00:05:18,771
0,31-MAY-18,-1,-1,34301450,-764747800,-1,-1,-1,5445124130,2018-05-31 00:05:18,802
0,31-MAY-18,-1,-1,33597833,-765119700,-1,-1,-1,5445124131,2018-05-31 00:05:18,83
0,31-MAY-18,-1,1,33583983,-765114683,-1,999,-1,5445124133,2018-05-31 00:05:18,98
0,31-MAY-18,-1,612,34304183,-764750100,-1,999,-1,5445124134,2018-05-31 00:05:18,983
0,31-MAY-18,-1,330,33593817,-765115150,-1,999,-1,5445124140,2018-05-31 00:05:19,1007
0,31-MAY-18,-1,8313,34953317,-765053917,-1,999,-1,5445124143,2018-05-31 00:05:19,1190
0,31-MAY-18,-1,177,33579933,-765120033,-1,999,-1,5445124141,2018-05-31 00:05:19,54
0,31-MAY-18,-1,-1,34040617,-764756350,-1,-1,-1,5445124138,2018-05-31 00:05:19,624
0,31-MAY-18,-1,97,34296800,-764754400,-1,999,-1,5445124139,2018-05-31 00:05:19,775
0,31-MAY-18,515054,6990,34302533,-764748717,999,2524,728,5445124142,2018-05-31 00:05:19,792
0,31-MAY-18,-1,-1,33591250,-765112133,-1,-1,-1,5445124137,2018-05-31 00:05:19,823
0,31-MAY-18,-1,638,33591900,-765112067,-1,999,-1,5445124136,2018-05-31 00:05:19,829
0,31-MAY-18,-1,506,34303367,-764749483,-1,999,-1,5445124156,2018-05-31 00:05:20,1115
0,31-MAY-18,-1,-1,34962667,-765037617,-1,-1,-1,5445124148,2018-05-31 00:05:20,1201
0,31-MAY-18,511352,10761,33582883,-765118267,276,3122,9931,5445124151,2018-05-31 00:05:20,121
0,31-MAY-18,-1,-1,33592433,-765118133,-1,999,-1,5445124155,2018-05-31 00:05:20,1233
0,31-MAY-18,513185,-1,34864833,-764967383,625,332,9996,5445124147,2018-05-31 00:05:20,193
0,31-MAY-18,-1,-1,34035617,-764761450,-1,-1,-1,5445124146,2018-05-31 00:05:20,221
0,31-MAY-18,514201,129,34172617,-764689600,455,347,743,5445124149,2018-05-31 00:05:20,226
0,31-MAY-18,514534,15,34171533,-764690250,455,347,743,5445124150,2018-05-31 00:05:20,226
0,31-MAY-18,-1,40,33594483,-765116633,-1,999,-1,5445124152,2018-05-31 00:05:20,24
0,31-MAY-18,-1,-1,34034950,-764761950,-1,-1,-1,5445124144,2018-05-31 00:05:20,259
0,31-MAY-18,-1,-1,33590033,-765113050,-1,-1,-1,5445124154,2018-05-31 00:05:20,67
0,31-MAY-18,-1,-1,33707417,-765373900,-1,999,-1,5445124157,2018-05-31 00:05:20,873
0,31-MAY-18,-1,-1,34046750,-764757350,874,3411,9990,5445124145,2018-05-31 00:05:20,928
0,31-MAY-18,514405,769,34036817,-764765683,-1,999,-1,5445124153,2018-05-31 00:05:20,937
0,31-MAY-18,-1,507,34300617,-764748800,-1,999,-1,5445124165,2018-05-31 00:05:21,1113
0,31-MAY-18,-1,5762,33593817,-765119300,-1,999,-1,5445124158,2018-05-31 00:05:21,1129
0,31-MAY-18,-1,376,34962067,-765038717,-1,999,-1,5445124167,2018-05-31 00:05:21,1185
0,31-MAY-18,-1,-1,33587383,-765113267,314,3133,9886,5445124170,2018-05-31 00:05:21,123
0,31-MAY-18,519192,-1,34649250,-765253267,937,306,9982,5445124159,2018-05-31 00:05:21,198
0,31-MAY-18,514534,35,34171533,-764690250,455,347,743,5445124163,2018-05-31 00:05:21,226
0,31-MAY-18,-1,-1,33587033,-765111500,-1,999,-1,5445124160,2018-05-31 00:05:21,26
0,31-MAY-18,-1,398,33595350,-765117967,-1,999,-1,5445124161,2018-05-31 00:05:21,382
0,31-MAY-18,-1,-1,33599067,-765121817,-1,-1,-1,5445124171,2018-05-31 00:05:21,402
0,31-MAY-18,-1,2758,33592783,-765114817,-1,999,-1,5445124169,2018-05-31 00:05:21,42
0,31-MAY-18,-1,-1,34303017,-764749417,-1,999,-1,5445124168,2018-05-31 00:05:21,744
0,31-MAY-18,517076,12446,34187300,-764792883,561,373,9986,5445124166,2018-05-31 00:05:21,764
0,31-MAY-18,516139,1,33928533,-765242750,555,2121,2178,5445124164,2018-05-31 00:05:21,844
0,31-MAY-18,-1,-1,34969433,-765038150,-1,-1,-1,5445124162,2018-05-31 00:05:21,894
0,31-MAY-18,-1,-1,34974117,-765024383,-1,-1,-1,5445124173,2018-05-31 00:05:22,163
0,31-MAY-18,-1,-1,34035283,-764758767,-1,-1,-1,5445124174,2018-05-31 00:05:22,241
0,31-MAY-18,500058,-1,34057850,-764755483,446,376,9988,5445124172,2018-05-31 00:05:22,269
0,31-MAY-18,514468,31,34162933,-764757033,618,2841,302,5445124175,2018-05-31 00:05:22,968
0,31-MAY-18,-1,-1,34294533,-764746767,-1,-1,-1,5445124176,2018-05-31 00:05:22,974
0,31-MAY-18,-1,3926,34290417,-764749017,-1,999,-1,5445124178,2018-05-31 00:05:23,1093
0,31-MAY-18,-1,12446,34306650,-764752383,-1,999,-1,5445124179,2018-05-31 00:05:23,1094
0,31-MAY-18,502701,553,34282600,-764982550,861,2842,433,5445124184,2018-05-31 00:05:23,1096
0,31-MAY-18,511481,160,33762000,-765161883,228,3131,305,5445124187,2018-05-31 00:05:23,1130
0,31-MAY-18,-1,-1,34972867,-765005750,-1,999,-1,5445124188,2018-05-31 00:05:23,1197
0,31-MAY-18,-1,-1,33584483,-765110467,-1,-1,-1,5445124182,2018-05-31 00:05:23,130
0,31-MAY-18,514270,1864,34050567,-764755733,869,3411,725,5445124180,2018-05-31 00:05:23,253
0,31-MAY-18,-1,-1,33600800,-765117733,-1,-1,-1,5445124181,2018-05-31 00:05:23,437
0,31-MAY-18,-1,5205,33609233,-765121933,-1,999,-1,5445124186,2018-05-31 00:05:23,439
0,31-MAY-18,-1,-1,34970183,-765031217,-1,-1,-1,5445124183,2018-05-31 00:05:23,637
0,31-MAY-18,-1,-1,34968933,-765038767,-1,-1,-1,5445124177,2018-05-31 00:05:23,810
0,31-MAY-18,516139,34,33925133,-765243067,555,2121,2178,5445124185,2018-05-31 00:05:23,844
0,31-MAY-18,511386,149,33589517,-765213667,986,3171,261,5445124194,2018-05-31 00:05:24,1006
0,31-MAY-18,500202,72,34812500,-764985133,511,2121,1884,5445124189,2018-05-31 00:05:24,1078
0,31-MAY-18,-1,-1,34292200,-764748600,-1,999,-1,5445124191,2018-05-31 00:05:24,1108
0,31-MAY-18,-1,-1,34974767,-765022933,-1,-1,-1,5445124193,2018-05-31 00:05:24,1176
0,31-MAY-18,-1,423,34956883,-765048850,-1,999,-1,5445124199,2018-05-31 00:05:24,166
0,31-MAY-18,517076,6930,-1,-1,614,373,9980,5445124201,2018-05-31 00:05:24,186
0,31-MAY-18,504007,975,34914383,-764886300,896,3351,529,5445124198,2018-05-31 00:05:24,202
0,31-MAY-18,-1,-1,33600500,-765122050,-1,-1,-1,5445124196,2018-05-31 00:05:24,23
0,31-MAY-18,-1,-1,34041017,-764756500,-1,-1,-1,5445124190,2018-05-31 00:05:24,239
0,31-MAY-18,515190,-1,34182567,-764787867,606,353,9952,5445124192,2018-05-31 00:05:24,272
0,31-MAY-18,501850,14066,34292983,-764750367,-1,999,-1,5445124200,2018-05-31 00:05:24,45
0,31-MAY-18,-1,5,34035467,-764763250,115,150,9948,5445124195,2018-05-31 00:05:24,551
0,31-MAY-18,514468,4,34162117,-764755667,618,2841,302,5445124197,2018-05-31 00:05:24,968
0,31-MAY-18,-1,6160,33573233,-765122883,-1,999,-1,5445124203,2018-05-31 00:05:25,1046
0,31-MAY-18,-1,897,34290167,-764748333,-1,999,-1,5445124202,2018-05-31 00:05:25,1110
0,31-MAY-18,-1,-1,33591517,-765120917,-1,999,-1,5445124204,2018-05-31 00:05:25,1161
0,31-MAY-18,511056,-1,33825350,-765714533,116,3192,227,5445124210,2018-05-31 00:05:25,119
0,31-MAY-18,500113,-1,34897450,-765089133,337,552,1526,5445124209,2018-05-31 00:05:25,181
0,31-MAY-18,-1,5590,34962033,-765040183,-1,999,-1,5445124212,2018-05-31 00:05:25,213
0,31-MAY-18,-1,126,34034750,-764763767,423,1571,9885,5445124208,2018-05-31 00:05:25,216
0,31-MAY-18,514202,7,34167117,-764692883,455,347,743,5445124206,2018-05-31 00:05:25,226
0,31-MAY-18,-1,253,33594683,-765115450,-1,999,-1,5445124211,2018-05-31 00:05:25,37
0,31-MAY-18,-1,-1,34045817,-764760950,-1,999,-1,5445124205,2018-05-31 00:05:25,618
0,31-MAY-18,-1,-1,34971133,-765034850,-1,-1,-1,5445124213,2018-05-31 00:05:25,809
0,31-MAY-18,-1,-1,33609367,-765121417,-1,-1,-1,5445124207,2018-05-31 00:05:25,848
0,31-MAY-18,511045,453,33496000,-765303583,842,3141,290,5445124220,2018-05-31 00:05:26,1009
0,31-MAY-18,511045,453,33496000,-765303583,842,3141,290,5445124221,2018-05-31 00:05:26,1009
0,31-MAY-18,-1,-1,34953733,-765053400,-1,-1,-1,5445124218,2018-05-31 00:05:26,1032
0,31-MAY-18,502302,1389,33560800,-765236067,1045,3141,586,5445124215,2018-05-31 00:05:26,1145
0,31-MAY-18,-1,499,34034617,-764761883,707,142,9964,5445124219,2018-05-31 00:05:26,616
0,31-MAY-18,-1,-1,33603667,-765122367,-1,-1,-1,5445124217,2018-05-31 00:05:26,835
0,31-MAY-18,511204,-1,34086867,-765472517,611,3191,9892,5445124216,2018-05-31 00:05:26,900
0,31-MAY-18,-1,32,34302683,-764754150,832,2274,9927,5445124214,2018-05-31 00:05:26,975
0,31-MAY-18,514534,237,34164883,-764694167,455,347,743,5445124228,2018-05-31 00:05:27,226
0,31-MAY-18,514534,32,34164883,-764694167,455,347,743,5445124230,2018-05-31 00:05:27,226
0,31-MAY-18,514358,-1,34274250,-764710317,96,3442,327,5445124235,2018-05-31 00:05:27,263
0,31-MAY-18,514359,-1,34274067,-764710217,96,3442,327,5445124236,2018-05-31 00:05:27,263
0,31-MAY-18,-1,259,33587650,-765120717,-1,999,-1,5445124224,2018-05-31 00:05:27,27
0,31-MAY-18,-1,3352,34963167,-765037117,-1,999,-1,5445124226,2018-05-31 00:05:27,307
0,31-MAY-18,-1,-1,33604217,-765120983,-1,999,-1,5445124223,2018-05-31 00:05:27,71
0,31-MAY-18,514087,32,34266767,-764769967,148,2842,865,5445124231,2018-05-31 00:05:27,739
0,31-MAY-18,-1,616,34300183,-764747050,-1,999,-1,5445124222,2018-05-31 00:05:27,745
0,31-MAY-18,-1,113,34294850,-764751433,-1,999,-1,5445124225,2018-05-31 00:05:27,767
0,31-MAY-18,514466,38,34204833,-764648483,790,2841,300,5445124232,2018-05-31 00:05:27,789
0,31-MAY-18,-1,-1,34968567,-765038417,-1,-1,-1,5445124227,2018-05-31 00:05:27,8
0,31-MAY-18,-1,6088,33593517,-765121500,-1,999,-1,5445124233,2018-05-31 00:05:27,850
0,31-MAY-18,-1,4198,33589067,-765114667,-1,999,-1,5445124234,2018-05-31 00:05:27,856
0,31-MAY-18,514468,4,34160850,-764753517,618,2841,302,5445124229,2018-05-31 00:05:27,968
0,31-MAY-18,-1,113,33590417,-765114517,-1,999,-1,5445124241,2018-05-31 00:05:28,1049
0,31-MAY-18,-1,111,34298050,-764753150,-1,999,-1,5445124238,2018-05-31 00:05:28,1103
0,31-MAY-18,511228,9,33767800,-765161883,228,3131,305,5445124244,2018-05-31 00:05:28,1130
0,31-MAY-18,-1,3492,33594433,-765114700,-1,999,-1,5445124239,2018-05-31 00:05:28,128
0,31-MAY-18,-1,-1,34970950,-765035333,-1,-1,-1,5445124237,2018-05-31 00:05:28,137
0,31-MAY-18,500050,-1,34307083,-764752400,721,557,2381,5445124240,2018-05-31 00:05:28,765
0,31-MAY-18,514466,38,34204833,-764648483,790,2841,300,5445124243,2018-05-31 00:05:28,789
0,31-MAY-18,-1,7757,33590217,-765111817,-1,999,-1,5445124245,2018-05-31 00:05:28,863
0,31-MAY-18,511439,-1,33713117,-765570800,12,3124,239,5445124242,2018-05-31 00:05:28,876
0,31-MAY-18,-1,6982,34967100,-765044850,-1,999,-1,5445124248,2018-05-31 00:05:29,1076
0,31-MAY-18,-1,-1,34300467,-764748250,-1,-1,-1,5445124247,2018-05-31 00:05:29,1095
0,31-MAY-18,511228,35,33769800,-765161883,228,3131,305,5445124253,2018-05-31 00:05:29,1130
0,31-MAY-18,513106,323,34663517,-764849600,436,3372,9994,5445124249,2018-05-31 00:05:29,1193
0,31-MAY-18,519281,10315,34960300,-765044300,-1,999,-1,5445124246,2018-05-31 00:05:29,188
0,31-MAY-18,514534,41,34161483,-764696100,455,347,743,5445124251,2018-05-31 00:05:29,226
0,31-MAY-18,514534,41,34162617,-764695467,455,347,743,5445124250,2018-05-31 00:05:29,226
0,31-MAY-18,-1,-1,34301800,-764746550,-1,-1,-1,5445124252,2018-05-31 00:05:29,760
0,31-MAY-18,-1,-1,34974500,-765023667,-1,-1,-1,5445124257,2018-05-31 00:05:30,1070
0,31-MAY-18,-1,1558,34970417,-765025467,-1,999,-1,5445124255,2018-05-31 00:05:30,1071
0,31-MAY-18,512185,99,34882800,-765099850,799,323,228,5445124256,2018-05-31 00:05:30,1214
0,31-MAY-18,-1,-1,34964283,-765055383,-1,999,-1,5445124259,2018-05-31 00:05:30,180
0,31-MAY-18,514534,41,34160333,-764696767,455,347,743,5445124261,2018-05-31 00:05:30,226
0,31-MAY-18,514534,41,34161483,-764696100,455,347,743,5445124260,2018-05-31 00:05:30,226
0,31-MAY-18,514361,2,34273683,-764710000,96,3442,327,5445124265,2018-05-31 00:05:30,263
0,31-MAY-18,-1,-1,34038267,-764753650,-1,-1,-1,5445124258,2018-05-31 00:05:30,288
0,31-MAY-18,-1,15687,33589850,-765120583,-1,-1,-1,5445124264,2018-05-31 00:05:30,314
0,31-MAY-18,-1,4243,34811367,-764889083,176,1571,9949,5445124262,2018-05-31 00:05:30,653
0,31-MAY-18,-1,19094,34294367,-764746067,-1,999,-1,5445124263,2018-05-31 00:05:30,749
0,31-MAY-18,-1,-1,34043017,-764762483,-1,-1,-1,5445124254,2018-05-31 00:05:30,935
0,31-MAY-18,-1,-1,34957117,-765048317,-1,-1,-1,5445124271,2018-05-31 00:05:31,1074
0,31-MAY-18,-1,151,34294183,-764750050,-1,999,-1,5445124267,2018-05-31 00:05:31,1107
0,31-MAY-18,-1,367,34959317,-765043750,-1,999,-1,5445124268,2018-05-31 00:05:31,1172
0,31-MAY-18,-1,-1,34959550,-765044800,-1,999,-1,5445124270,2018-05-31 00:05:31,1203
0,31-MAY-18,-1,-1,33615800,-765100067,-1,-1,-1,5445124273,2018-05-31 00:05:31,126
0,31-MAY-18,-1,-1,34304600,-764750367,-1,999,-1,5445124266,2018-05-31 00:05:31,709
0,31-MAY-18,-1,15116,34300983,-764754850,-1,999,-1,5445124272,2018-05-31 00:05:31,774
0,31-MAY-18,-1,2247,34301083,-764747717,-1,999,-1,5445124275,2018-05-31 00:05:31,788
0,31-MAY-18,-1,631,33588817,-765111133,-1,999,-1,5445124274,2018-05-31 00:05:31,828
0,31-MAY-18,-1,-1,34034267,-764762250,-1,999,-1,5445124269,2018-05-31 00:05:31,940
0,31-MAY-18,-1,-1,33584517,-765113167,-1,-1,-1,5445124285,2018-05-31 00:05:32,1159
0,31-MAY-18,-1,351,33593867,-765120267,-1,999,-1,5445124278,2018-05-31 00:05:32,125
0,31-MAY-18,-1,1953,34056500,-764752017,-1,999,-1,5445124280,2018-05-31 00:05:32,227
0,31-MAY-18,500164,285,34438833,-764819567,904,3411,356,5445124284,2018-05-31 00:05:32,250
0,31-MAY-18,501703,12675,-1,-1,-1,-1,-1,5445124277,2018-05-31 00:05:32,706
0,31-MAY-18,-1,-1,34293467,-764740383,-1,-1,-1,5445124282,2018-05-31 00:05:32,740
0,31-MAY-18,-1,-1,-1,-1,-1,-1,-1,5445124283,2018-05-31 00:05:32,754
0,31-MAY-18,-1,-1,33587117,-765115483,-1,-1,-1,5445124276,2018-05-31 00:05:32,81
0,31-MAY-18,-1,-1,34300117,-764748067,-1,-1,-1,5445124279,2018-05-31 00:05:32,984
0,31-MAY-18,-1,-1,33588917,-765119433,-1,-1,-1,5445124281,2018-05-31 00:05:32,994
0,31-MAY-18,-1,503,34954733,-765053933,-1,999,-1,5445124286,2018-05-31 00:05:33,1025
0,31-MAY-18,-1,-1,-1,-1,-1,-1,-1,5445124301,2018-05-31 00:05:33,1128
0,31-MAY-18,-1,236,33587833,-765114733,-1,999,-1,5445124289,2018-05-31 00:05:33,1135
0,31-MAY-18,511274,1168,33847733,-765249967,373,2211,9861,5445124299,2018-05-31 00:05:33,1139
0,31-MAY-18,-1,5,33586150,-765109683,-1,-1,-1,5445124287,2018-05-31 00:05:33,116
0,31-MAY-18,513276,4,34977067,-764898117,393,333,317,5445124297,2018-05-31 00:05:33,1210
0,31-MAY-18,511352,-1,33733817,-765557733,160,3122,9943,5445124296,2018-05-31 00:05:33,124
0,31-MAY-18,514464,2,34623517,-764862100,1087,3452,362,5445124298,2018-05-31 00:05:33,1263
0,31-MAY-18,-1,-1,34963250,-765040183,-1,-1,-1,5445124290,2018-05-31 00:05:33,192
0,31-MAY-18,-1,-1,33586267,-765112417,-1,-1,-1,5445124300,2018-05-31 00:05:33,30
0,31-MAY-18,-1,161,34294050,-764751117,-1,999,-1,5445124295,2018-05-31 00:05:33,302
0,31-MAY-18,-1,-1,34292150,-764750417,-1,-1,-1,5445124292,2018-05-31 00:05:33,705
0,31-MAY-18,-1,594,34299533,-764746267,-1,999,-1,5445124294,2018-05-31 00:05:33,797
0,31-MAY-18,-1,-1,33604467,-765119517,-1,-1,-1,5445124288,2018-05-31 00:05:33,832
0,31-MAY-18,-1,-1,33584833,-765111983,-1,-1,-1,5445124293,2018-05-31 00:05:33,855
0,31-MAY-18,-1,115,34047683,-764759217,-1,999,-1,5445124291,2018-05-31 00:05:33,926
0,31-MAY-18,514534,102,34156900,-764698717,455,347,743,5445124304,2018-05-31 00:05:34,226
0,31-MAY-18,-1,1691,34299850,-764755050,-1,999,-1,5445124303,2018-05-31 00:05:34,761
0,31-MAY-18,-1,1182,34300617,-764747583,-1,999,-1,5445124306,2018-05-31 00:05:34,785
0,31-MAY-18,-1,-1,34040100,-764764400,-1,999,-1,5445124302,2018-05-31 00:05:34,910
0,31-MAY-18,-1,-1,34183850,-765482483,-1,-1,-1,5445124305,2018-05-31 00:05:34,951
0,31-MAY-18,500101,12510,34294267,-764750550,-1,999,-1,5445124308,2018-05-31 00:05:35,1005
0,31-MAY-18,519041,4446,34781650,-765175817,259,305,9992,5445124310,2018-05-31 00:05:35,1189
0,31-MAY-18,-1,3474,34960050,-765053683,-1,999,-1,5445124309,2018-05-31 00:05:35,145
0,31-MAY-18,504007,1048,34916350,-764880500,896,3351,529,5445124315,2018-05-31 00:05:35,202
0,31-MAY-18,-1,14,34038683,-764765217,188,1472,9759,5445124307,2018-05-31 00:05:35,219
0,31-MAY-18,514202,47,34154617,-764699983,455,347,743,5445124314,2018-05-31 00:05:35,226
0,31-MAY-18,514202,8,34155750,-764699367,455,347,743,5445124312,2018-05-31 00:05:35,226
0,31-MAY-18,511274,3804,33651617,-765256067,702,2211,9874,5445124311,2018-05-31 00:05:35,312
0,31-MAY-18,-1,598,34301200,-764746100,-1,999,-1,5445124316,2018-05-31 00:05:35,747
0,31-MAY-18,-1,-1,34303800,-764748117,-1,-1,-1,5445124313,2018-05-31 00:05:35,757
0,31-MAY-18,513276,33,34978050,-764899950,393,333,317,5445124322,2018-05-31 00:05:36,1210
0,31-MAY-18,513316,-1,34965817,-765076483,471,553,9998,5445124317,2018-05-31 00:05:36,1213
0,31-MAY-18,-1,-1,34978167,-765018833,-1,-1,-1,5445124318,2018-05-31 00:05:36,155
0,31-MAY-18,514361,-1,34271983,-764708917,96,3442,9865,5445124324,2018-05-31 00:05:36,263
0,31-MAY-18,514087,116,34275217,-764768267,148,2842,865,5445124321,2018-05-31 00:05:36,739
0,31-MAY-18,-1,221,34289450,-764746917,-1,999,-1,5445124319,2018-05-31 00:05:36,953
0,31-MAY-18,-1,-1,34296583,-764746583,-1,999,-1,5445124323,2018-05-31 00:05:36,966
0,31-MAY-18,-1,202,33594383,-765113500,-1,999,-1,5445124320,2018-05-31 00:05:36,992
0,31-MAY-18,-1,3745,33587633,-765111250,-1,999,-1,5445124327,2018-05-31 00:05:37,1008
0,31-MAY-18,-1,-1,34969650,-765037400,-1,-1,-1,5445124326,2018-05-31 00:05:37,1026
0,31-MAY-18,-1,2056,34964717,-765056417,-1,999,-1,5445124328,2018-05-31 00:05:37,1068
0,31-MAY-18,500153,7852,34293900,-764745250,-1,999,-1,5445124336,2018-05-31 00:05:37,1109
0,31-MAY-18,511228,67,33772717,-765161900,228,3131,305,5445124335,2018-05-31 00:05:37,1130
0,31-MAY-18,513276,33,34978817,-764901417,393,333,317,5445124333,2018-05-31 00:05:37,1210
0,31-MAY-18,-1,1963,33586683,-765113283,-1,999,-1,5445124337,2018-05-31 00:05:37,1220
0,31-MAY-18,-1,1301,34955767,-765055167,-1,999,-1,5445124330,2018-05-31 00:05:37,190
0,31-MAY-18,-1,13420,34958650,-765054117,-1,999,-1,5445124325,2018-05-31 00:05:37,203
0,31-MAY-18,500168,-1,34411083,-764799450,1167,3441,9949,5445124329,2018-05-31 00:05:37,260
0,31-MAY-18,514195,1234,34256367,-764652950,733,355,9992,5445124332,2018-05-31 00:05:37,700
0,31-MAY-18,516139,172,33909683,-765245183,555,2121,2178,5445124331,2018-05-31 00:05:37,844
0,31-MAY-18,-1,22523,33591233,-765114183,-1,999,-1,5445124334,2018-05-31 00:05:37,991
0,31-MAY-18,-1,719,33589333,-765114050,-1,999,-1,5445124344,2018-05-31 00:05:38,1033
0,31-MAY-18,-1,-1,33603517,-765122167,-1,-1,-1,5445124340,2018-05-31 00:05:38,1120
0,31-MAY-18,-1,7099,34612050,-765281683,-1,999,-1,5445124345,2018-05-31 00:05:38,1202
0,31-MAY-18,513001,1871,34844967,-764909967,79,336,9998,5445124341,2018-05-31 00:05:38,1211
0,31-MAY-18,-1,-1,33586033,-765119750,-1,-1,-1,5445124342,2018-05-31 00:05:38,18
0,31-MAY-18,513251,-1,34875950,-765000800,545,2121,1882,5445124339,2018-05-31 00:05:38,53
0,31-MAY-18,-1,403,33586483,-765110950,-1,999,-1,5445124338,2018-05-31 00:05:38,65
0,31-MAY-18,514068,340,34328383,-764787967,622,3441,501,5445124343,2018-05-31 00:05:38,970
0,31-MAY-18,-1,-1,34975150,-765022333,-1,-1,-1,5445124351,2018-05-31 00:05:39,1029
0,31-MAY-18,-1,-1,-1,-1,-1,-1,-1,5445124353,2018-05-31 00:05:39,151
0,31-MAY-18,-1,-1,34964267,-765055417,-1,999,-1,5445124349,2018-05-31 00:05:39,180
0,31-MAY-18,-1,-1,34045233,-764757817,-1,-1,-1,5445124352,2018-05-31 00:05:39,238
0,31-MAY-18,514405,195,34041567,-764763300,560,347,9998,5445124350,2018-05-31 00:05:39,240
0,31-MAY-18,-1,-1,-1,-1,-1,999,-1,5445124346,2018-05-31 00:05:39,725
0,31-MAY-18,-1,-1,33601917,-765122100,-1,-1,-1,5445124354,2018-05-31 00:05:39,780
0,31-MAY-18,-1,17919,34961167,-765053183,-1,999,-1,5445124347,2018-05-31 00:05:39,888
0,31-MAY-18,514069,-1,34326733,-764787533,622,3441,501,5445124355,2018-05-31 00:05:39,970
0,31-MAY-18,-1,168,34293350,-764749300,-1,999,-1,5445124348,2018-05-31 00:05:39,977
0,31-MAY-18,-1,110,34294217,-764749967,-1,999,-1,5445124359,2018-05-31 00:05:40,1112
0,31-MAY-18,-1,-1,34978050,-765020950,-1,-1,-1,5445124362,2018-05-31 00:05:40,1208
0,31-MAY-18,504006,-1,34892250,-765050100,649,334,9998,5445124361,2018-05-31 00:05:40,1212
0,31-MAY-18,513316,-1,34965783,-765075017,471,553,9998,5445124357,2018-05-31 00:05:40,1213
0,31-MAY-18,514464,32,34624967,-764859950,1087,3452,362,5445124364,2018-05-31 00:05:40,1263
0,31-MAY-18,-1,-1,33593700,-765116750,-1,-1,-1,5445124363,2018-05-31 00:05:40,836
0,31-MAY-18,502300,13806,34308517,-764754417,178,421,9740,5445124360,2018-05-31 00:05:40,959
0,31-MAY-18,500104,12425,34300267,-764754650,-1,999,-1,5445124356,2018-05-31 00:05:40,960
0,31-MAY-18,-1,32,34302733,-764754117,-1,999,-1,5445124358,2018-05-31 00:05:40,975
0,31-MAY-18,511441,-1,33594650,-765119567,657,3124,9881,5445124379,2018-05-31 00:05:41,103
0,31-MAY-18,-1,2871,34953233,-765054300,-1,999,-1,5445124378,2018-05-31 00:05:41,1075
0,31-MAY-18,-1,5462,33587067,-765110683,-1,999,-1,5445124374,2018-05-31 00:05:41,1154
0,31-MAY-18,513276,-1,34980500,-764904750,393,333,317,5445124377,2018-05-31 00:05:41,1210
0,31-MAY-18,-1,-1,33581967,-765106633,-1,-1,-1,5445124380,2018-05-31 00:05:41,1223
0,31-MAY-18,-1,-1,34975183,-765022667,-1,-1,-1,5445124365,2018-05-31 00:05:41,177
0,31-MAY-18,-1,-1,33616667,-765097250,-1,-1,-1,5445124371,2018-05-31 00:05:41,19
0,31-MAY-18,511059,9780,33815883,-765247850,580,3192,9996,5445124366,2018-05-31 00:05:41,281
0,31-MAY-18,502302,2206,33488817,-765238967,154,3141,9984,5445124375,2018-05-31 00:05:41,32
0,31-MAY-18,-1,-1,34289517,-764738550,-1,999,-1,5445124370,2018-05-31 00:05:41,34
0,31-MAY-18,-1,-1,34955183,-765050650,-1,999,-1,5445124372,2018-05-31 00:05:41,817
0,31-MAY-18,-1,-1,34968667,-765039283,-1,-1,-1,5445124369,2018-05-31 00:05:41,819
0,31-MAY-18,504016,9708,34249900,-765339800,497,131,9921,5445124367,2018-05-31 00:05:41,837
0,31-MAY-18,516193,-1,33905333,-765245583,555,2121,2178,5445124373,2018-05-31 00:05:41,844
0,31-MAY-18,513318,-1,34907167,-764916817,215,553,615,5445124368,2018-05-31 00:05:41,899
0,31-MAY-18,-1,1336,34041317,-764758883,-1,999,-1,5445124376,2018-05-31 00:05:41,932
0,31-MAY-18,500165,3548,34291150,-764747883,-1,999,-1,5445124391,2018-05-31 00:05:42,1045
0,31-MAY-18,-1,12284,33590167,-765120633,-1,999,-1,5445124387,2018-05-31 00:05:42,1138
0,31-MAY-18,513276,-1,34980933,-764905617,393,333,317,5445124392,2018-05-31 00:05:42,1210
0,31-MAY-18,512033,270,34903067,-765091667,754,322,153,5445124389,2018-05-31 00:05:42,200
0,31-MAY-18,-1,-1,34971267,-765028983,-1,-1,-1,5445124381,2018-05-31 00:05:42,303
0,31-MAY-18,-1,-1,33600067,-765117650,-1,-1,-1,5445124388,2018-05-31 00:05:42,68
0,31-MAY-18,-1,-1,34302100,-764746883,-1,-1,-1,5445124385,2018-05-31 00:05:42,772
0,31-MAY-18,-1,-1,34970717,-765035667,-1,-1,-1,5445124384,2018-05-31 00:05:42,805
0,31-MAY-18,-1,5814,34034950,-764759050,-1,999,-1,5445124382,2018-05-31 00:05:42,936
0,31-MAY-18,502313,-1,33667417,-765282417,598,3172,192,5445124386,2018-05-31 00:05:42,94
0,31-MAY-18,511033,1187,33652900,-765258083,641,3133,9855,5445124383,2018-05-31 00:05:42,95
0,31-MAY-18,514470,3,34157200,-764747400,618,2841,302,5445124390,2018-05-31 00:05:42,968
0,31-MAY-18,513316,-1,34965600,-765073117,471,553,9998,5445124393,2018-05-31 00:05:43,1213
0,31-MAY-18,514464,32,34625367,-764858200,1087,3452,362,5445124399,2018-05-31 00:05:43,1263
0,31-MAY-18,514202,147,34146867,-764704083,455,347,743,5445124404,2018-05-31 00:05:43,226
0,31-MAY-18,514202,147,34147917,-764703467,455,347,743,5445124403,2018-05-31 00:05:43,226
0,31-MAY-18,514202,147,34148983,-764702850,455,347,743,5445124402,2018-05-31 00:05:43,226
0,31-MAY-18,514202,147,34151250,-764701783,455,347,743,5445124400,2018-05-31 00:05:43,226
0,31-MAY-18,-1,1620,34036883,-764766350,-1,999,-1,5445124401,2018-05-31 00:05:43,258
0,31-MAY-18,513251,35,34877733,-765006400,545,2121,1882,5445124396,2018-05-31 00:05:43,53
0,31-MAY-18,513251,6,34877733,-765006400,545,2121,1882,5445124395,2018-05-31 00:05:43,53
0,31-MAY-18,516193,35,33904233,-765245600,555,2121,2178,5445124398,2018-05-31 00:05:43,844
0,31-MAY-18,-1,-1,34035150,-764761850,-1,999,-1,5445124397,2018-05-31 00:05:43,924
0,31-MAY-18,-1,-1,34035233,-764758883,-1,-1,-1,5445124394,2018-05-31 00:05:43,929
0,31-MAY-18,-1,6473,34288800,-764737983,-1,999,-1,5445124414,2018-05-31 00:05:44,1011
0,31-MAY-18,-1,-1,33591867,-765113333,-1,-1,-1,5445124410,2018-05-31 00:05:44,1124
0,31-MAY-18,-1,430,34294883,-764751750,-1,999,-1,5445124415,2018-05-31 00:05:44,1155
0,31-MAY-18,-1,4761,33329817,-765233133,-1,999,-1,5445124405,2018-05-31 00:05:44,199
0,31-MAY-18,514202,147,34145817,-764704700,455,347,743,5445124411,2018-05-31 00:05:44,226
0,31-MAY-18,-1,342,34961983,-765040700,-1,999,-1,5445124408,2018-05-31 00:05:44,300
0,31-MAY-18,-1,-1,34971983,-765028017,-1,-1,-1,5445124413,2018-05-31 00:05:44,5
0,31-MAY-18,-1,124,34292900,-764749783,-1,999,-1,5445124409,2018-05-31 00:05:44,717
0,31-MAY-18,-1,10127,34970583,-765035983,-1,999,-1,5445124412,2018-05-31 00:05:44,889
0,31-MAY-18,-1,-1,34970000,-765037083,-1,-1,-1,5445124406,2018-05-31 00:05:44,893
0,31-MAY-18,515190,3057,34047717,-764757117,105,353,9904,5445124416,2018-05-31 00:05:44,949
0,31-MAY-18,-1,-1,34300233,-764749400,-1,-1,-1,5445124407,2018-05-31 00:05:44,962
0,31-MAY-18,513041,844,34884517,-765025900,110,321,9893,5445124418,2018-05-31 00:05:45,1067
0,31-MAY-18,-1,238,34962933,-765053483,-1,999,-1,5445124422,2018-05-31 00:05:45,1178
0,31-MAY-18,-1,-1,-1,-1,-1,-1,-1,5445124425,2018-05-31 00:05:45,1180
0,31-MAY-18,-1,1865,34956117,-765048450,-1,999,-1,5445124423,2018-05-31 00:05:45,1192
0,31-MAY-18,513276,16,34981833,-764907383,393,333,317,5445124426,2018-05-31 00:05:45,1210
0,31-MAY-18,514367,3,34411850,-764843283,53,3442,645,5445124424,2018-05-31 00:05:45,274
0,31-MAY-18,-1,874,-1,-1,-1,999,-1,5445124428,2018-05-31 00:05:45,304
0,31-MAY-18,-1,-1,33590650,-765112217,-1,-1,-1,5445124427,2018-05-31 00:05:45,44
0,31-MAY-18,-1,-1,33606583,-765123000,-1,-1,-1,5445124429,2018-05-31 00:05:45,56
0,31-MAY-18,-1,613,34297983,-764744917,-1,999,-1,5445124417,2018-05-31 00:05:45,743
0,31-MAY-18,502304,14239,34289133,-764747483,-1,999,-1,5445124420,2018-05-31 00:05:45,746
0,31-MAY-18,-1,-1,34970233,-765036533,-1,-1,-1,5445124419,2018-05-31 00:05:45,813
0,31-MAY-18,-1,-1,33593067,-765118317,-1,999,-1,5445124421,2018-05-31 00:05:45,866
0,31-MAY-18,-1,-1,34963700,-765037783,-1,-1,-1,5445124430,2018-05-31 00:05:46,1061
0,31-MAY-18,-1,4146,34039917,-764760400,-1,999,-1,5445124433,2018-05-31 00:05:46,11
0,31-MAY-18,-1,3051,34577033,-765315967,729,302,9982,5445124438,2018-05-31 00:05:46,210
0,31-MAY-18,-1,-1,34278267,-764994850,-1,-1,-1,5445124434,2018-05-31 00:05:46,251
0,31-MAY-18,-1,323,33589033,-765111717,-1,999,-1,5445124431,2018-05-31 00:05:46,51
0,31-MAY-18,-1,-1,33605867,-765121933,-1,-1,-1,5445124432,2018-05-31 00:05:46,632
0,31-MAY-18,514087,230,34284433,-764770267,148,2842,865,5445124439,2018-05-31 00:05:46,739
0,31-MAY-18,-1,-1,34302450,-764747033,-1,-1,-1,5445124437,2018-05-31 00:05:46,759
0,31-MAY-18,-1,-1,34969200,-765038467,-1,-1,-1,5445124435,2018-05-31 00:05:46,815
0,31-MAY-18,-1,5827,33594367,-765120800,-1,999,-1,5445124436,2018-05-31 00:05:46,88
0,31-MAY-18,-1,216,34292400,-764748450,-1,999,-1,5445124443,2018-05-31 00:05:47,1111
0,31-MAY-18,-1,20,34964817,-765057617,-1,999,-1,5445124440,2018-05-31 00:05:47,1179
0,31-MAY-18,-1,8313,34953317,-765053900,-1,999,-1,5445124447,2018-05-31 00:05:47,1190
0,31-MAY-18,500162,1184,34411333,-764843150,53,3442,645,5445124445,2018-05-31 00:05:47,274
0,31-MAY-18,-1,8908,33591550,-765114700,-1,999,-1,5445124442,2018-05-31 00:05:47,299
0,31-MAY-18,-1,177,33580233,-765120483,-1,999,-1,5445124444,2018-05-31 00:05:47,54
0,31-MAY-18,-1,1298,34295350,-764750850,-1,999,-1,5445124446,2018-05-31 00:05:47,771
0,31-MAY-18,-1,-1,34043300,-764761350,-1,-1,-1,5445124441,2018-05-31 00:05:47,919
0,31-MAY-18,-1,1,33587017,-765117400,-1,999,-1,5445124449,2018-05-31 00:05:47,98
0,31-MAY-18,-1,612,34304167,-764750100,-1,999,-1,5445124448,2018-05-31 00:05:47,983
0,31-MAY-18,-1,582,33603017,-765118483,-1,999,-1,5445124452,2018-05-31 00:05:48,1002
0,31-MAY-18,-1,330,33593850,-765115150,-1,999,-1,5445124453,2018-05-31 00:05:48,1007
0,31-MAY-18,-1,-1,33591250,-765113267,-1,-1,-1,5445124456,2018-05-31 00:05:48,1048
0,31-MAY-18,514464,5,34626050,-764855600,1087,3452,362,5445124460,2018-05-31 00:05:48,1263
0,31-MAY-18,-1,40,33594483,-765116633,-1,999,-1,5445124455,2018-05-31 00:05:48,24
0,31-MAY-18,-1,-1,34037417,-764754350,-1,-1,-1,5445124457,2018-05-31 00:05:48,289
0,31-MAY-18,-1,-1,34970883,-765030100,-1,-1,-1,5445124459,2018-05-31 00:05:48,293
0,31-MAY-18,515054,6990,34302283,-764748900,999,2524,728,5445124454,2018-05-31 00:05:48,792
0,31-MAY-18,-1,638,33591883,-765112067,-1,999,-1,5445124451,2018-05-31 00:05:48,829
0,31-MAY-18,-1,-1,34969800,-765031967,-1,-1,-1,5445124450,2018-05-31 00:05:48,878
0,31-MAY-18,514405,769,34036817,-764765667,-1,999,-1,5445124458,2018-05-31 00:05:48,937
0,31-MAY-18,502701,584,34284817,-764987100,861,2842,433,5445124463,2018-05-31 00:05:49,1096
0,31-MAY-18,511352,10817,33582583,-765117100,276,3122,9931,5445124465,2018-05-31 00:05:49,121
0,31-MAY-18,-1,-1,33592467,-765117717,-1,-1,-1,5445124466,2018-05-31 00:05:49,1217
0,31-MAY-18,-1,-1,33592500,-765118083,-1,999,-1,5445124464,2018-05-31 00:05:49,1233
0,31-MAY-18,519192,-1,34657233,-765242883,937,306,9982,5445124461,2018-05-31 00:05:49,198
0,31-MAY-18,-1,97,34297017,-764754400,-1,999,-1,5445124462,2018-05-31 00:05:49,775
0,31-MAY-18,-1,-1,34301450,-764747800,-1,-1,-1,5445124468,2018-05-31 00:05:49,802
0,31-MAY-18,-1,-1,33597750,-765119567,-1,-1,-1,5445124469,2018-05-31 00:05:49,83
0,31-MAY-18,-1,-1,33707467,-765374117,-1,999,-1,5445124467,2018-05-31 00:05:49,873
0,31-MAY-18,514470,35,34154633,-764743033,618,2841,302,5445124470,2018-05-31 00:05:49,968
0,31-MAY-18,-1,507,34300633,-764748833,-1,999,-1,5445124483,2018-05-31 00:05:50,1113
0,31-MAY-18,-1,506,34303367,-764749483,-1,999,-1,5445124477,2018-05-31 00:05:50,1115
0,31-MAY-18,-1,5762,33593733,-765119217,-1,999,-1,5445124471,2018-05-31 00:05:50,1129
0,31-MAY-18,-1,429,34965317,-765036300,-1,999,-1,5445124481,2018-05-31 00:05:50,1185
0,31-MAY-18,-1,-1,33587400,-765113250,314,3133,9886,5445124482,2018-05-31 00:05:50,123
0,31-MAY-18,514270,2037,34046983,-764758050,869,3411,725,5445124472,2018-05-31 00:05:50,253
0,31-MAY-18,-1,-1,33587033,-765111500,-1,999,-1,5445124474,2018-05-31 00:05:50,26
0,31-MAY-18,-1,398,33595350,-765117983,-1,999,-1,5445124475,2018-05-31 00:05:50,382
0,31-MAY-18,-1,-1,33599583,-765118933,-1,-1,-1,5445124479,2018-05-31 00:05:50,413
0,31-MAY-18,-1,2758,33592767,-765114833,-1,999,-1,5445124484,2018-05-31 00:05:50,42
0,31-MAY-18,-1,-1,34040617,-764756333,-1,-1,-1,5445124476,2018-05-31 00:05:50,624
0,31-MAY-18,-1,-1,34303083,-764749583,-1,999,-1,5445124478,2018-05-31 00:05:50,744
0,31-MAY-18,517076,12793,34204683,-764781483,561,373,9986,5445124480,2018-05-31 00:05:50,764
0,31-MAY-18,514044,-1,34225633,-764637383,790,2841,300,5445124485,2018-05-31 00:05:50,789
0,31-MAY-18,-1,-1,33591250,-765112150,-1,-1,-1,5445124473,2018-05-31 00:05:50,823
0,31-MAY-18,-1,-1,34963533,-765036333,-1,-1,-1,5445124493,2018-05-31 00:05:51,1201
0,31-MAY-18,514464,42,34626567,-764853650,1087,3452,362,5445124492,2018-05-31 00:05:51,1263
0,31-MAY-18,-1,-1,34035567,-764761533,-1,-1,-1,5445124490,2018-05-31 00:05:51,221
0,31-MAY-18,-1,-1,34034950,-764761967,-1,-1,-1,5445124486,2018-05-31 00:05:51,259
0,31-MAY-18,500058,-1,34048467,-764755950,446,376,9988,5445124488,2018-05-31 00:05:51,269
0,31-MAY-18,-1,-1,33590033,-765113050,-1,-1,-1,5445124491,2018-05-31 00:05:51,67
0,31-MAY-18,-1,-1,34046733,-764757367,874,3411,9990,5445124487,2018-05-31 00:05:51,928
0,31-MAY-18,502300,13846,34308067,-764752767,178,421,9740,5445124489,2018-05-31 00:05:51,959
0,31-MAY-18,511162,-1,33590483,-765232667,986,3171,261,5445124495,2018-05-31 00:05:52,1006
0,31-MAY-18,-1,-1,33585917,-765110317,401,3121,9831,5445124502,2018-05-31 00:05:52,104
0,31-MAY-18,-1,3926,34290417,-764749017,-1,999,-1,5445124494,2018-05-31 00:05:52,1093
0,31-MAY-18,-1,12481,34304333,-764754200,-1,999,-1,5445124496,2018-05-31 00:05:52,1094
0,31-MAY-18,-1,-1,34972867,-765005750,-1,999,-1,5445124501,2018-05-31 00:05:52,1197
0,31-MAY-18,500114,5,34897917,-765090883,337,552,1526,5445124500,2018-05-31 00:05:52,181
0,31-MAY-18,-1,-1,34035750,-764763150,-1,-1,-1,5445124497,2018-05-31 00:05:52,218
0,31-MAY-18,-1,-1,33599083,-765121800,-1,-1,-1,5445124503,2018-05-31 00:05:52,402
0,31-MAY-18,-1,-1,33601517,-765122117,-1,-1,-1,5445124498,2018-05-31 00:05:52,626
0,31-MAY-18,-1,-1,34969450,-765038167,-1,-1,-1,5445124499,2018-05-31 00:05:52,894
0,31-MAY-18,511386,410,33590550,-765233283,986,3171,261,5445124505,2018-05-31 00:05:53,1006
0,31-MAY-18,500202,113,34812583,-764987983,511,2121,1884,5445124508,2018-05-31 00:05:53,1078
0,31-MAY-18,-1,-1,34292200,-764748600,-1,999,-1,5445124506,2018-05-31 00:05:53,1108
0,31-MAY-18,-1,-1,34974167,-765024450,-1,-1,-1,5445124511,2018-05-31 00:05:53,163
0,31-MAY-18,-1,423,34956867,-765048750,-1,999,-1,5445124515,2018-05-31 00:05:53,166
0,31-MAY-18,517076,7243,34552817,-765314250,614,373,9980,5445124512,2018-05-31 00:05:53,186
0,31-MAY-18,-1,-1,34035283,-764758783,-1,-1,-1,5445124510,2018-05-31 00:05:53,241
0,31-MAY-18,515190,-1,34170417,-764770433,606,353,9952,5445124509,2018-05-31 00:05:53,272
0,31-MAY-18,-1,-1,33600817,-765117750,-1,-1,-1,5445124504,2018-05-31 00:05:53,437
0,31-MAY-18,501850,14066,34292983,-764750367,-1,999,-1,5445124513,2018-05-31 00:05:53,45
0,31-MAY-18,513251,106,34881067,-765017833,545,2121,1882,5445124507,2018-05-31 00:05:53,53
0,31-MAY-18,-1,-1,34294417,-764746750,-1,-1,-1,5445124514,2018-05-31 00:05:53,974
0,31-MAY-18,511039,-1,33507283,-765282400,842,3141,290,5445124528,2018-05-31 00:05:54,1009
0,31-MAY-18,-1,897,34290150,-764748333,-1,999,-1,5445124517,2018-05-31 00:05:54,1110
0,31-MAY-18,-1,-1,33591517,-765120917,-1,999,-1,5445124516,2018-05-31 00:05:54,1161
0,31-MAY-18,511056,-1,33826317,-765735900,116,3192,227,5445124526,2018-05-31 00:05:54,119
0,31-MAY-18,500114,5,34897917,-765090883,337,552,1526,5445124523,2018-05-31 00:05:54,181
0,31-MAY-18,513185,-1,34873017,-764992217,625,332,9996,5445124520,2018-05-31 00:05:54,193
0,31-MAY-18,-1,5590,34962033,-765040067,-1,999,-1,5445124525,2018-05-31 00:05:54,213
0,31-MAY-18,514367,32,34406900,-764843017,53,3442,645,5445124522,2018-05-31 00:05:54,274
0,31-MAY-18,-1,253,33594650,-765115383,-1,999,-1,5445124524,2018-05-31 00:05:54,37
0,31-MAY-18,-1,-1,34045817,-764760950,-1,999,-1,5445124519,2018-05-31 00:05:54,618
0,31-MAY-18,-1,-1,34970217,-765031317,-1,-1,-1,5445124521,2018-05-31 00:05:54,637
0,31-MAY-18,-1,-1,34968933,-765038800,-1,-1,-1,5445124518,2018-05-31 00:05:54,810
0,31-MAY-18,-1,-1,33609183,-765121500,-1,-1,-1,5445124527,2018-05-31 00:05:54,848
0,31-MAY-18,-1,6169,33571550,-765122683,-1,999,-1,5445124530,2018-05-31 00:05:55,1046
0,31-MAY-18,-1,-1,33584533,-765110383,-1,-1,-1,5445124533,2018-05-31 00:05:55,130
0,31-MAY-18,-1,-1,33600500,-765122050,-1,-1,-1,5445124535,2018-05-31 00:05:55,23
0,31-MAY-18,-1,-1,34041017,-764756483,-1,-1,-1,5445124529,2018-05-31 00:05:55,239
0,31-MAY-18,-1,5,34035450,-764763233,115,150,9948,5445124534,2018-05-31 00:05:55,551
0,31-MAY-18,-1,-1,34307100,-764752383,-1,999,-1,5445124531,2018-05-31 00:05:55,765
0,31-MAY-18,502300,13846,34308050,-764752750,178,421,9740,5445124532,2018-05-31 00:05:55,959
0,31-MAY-18,502302,1910,33514067,-765234233,1045,3141,586,5445124541,2018-05-31 00:05:56,1145
0,31-MAY-18,-1,126,34034767,-764763767,423,1571,9885,5445124545,2018-05-31 00:05:56,216
0,31-MAY-18,-1,273,33586517,-765120550,-1,999,-1,5445124540,2018-05-31 00:05:56,27
0,31-MAY-18,-1,3352,34963183,-765037083,-1,999,-1,5445124538,2018-05-31 00:05:56,307
0,31-MAY-18,-1,-1,33604833,-765120683,-1,999,-1,5445124537,2018-05-31 00:05:56,71
0,31-MAY-18,-1,616,34300183,-764747050,-1,999,-1,5445124536,2018-05-31 00:05:56,745
0,31-MAY-18,-1,113,34294883,-764751483,-1,999,-1,5445124542,2018-05-31 00:05:56,767
0,31-MAY-18,514044,36,34230683,-764636000,790,2841,300,5445124543,2018-05-31 00:05:56,789
0,31-MAY-18,-1,-1,33603683,-765122367,-1,-1,-1,5445124539,2018-05-31 00:05:56,835
0,31-MAY-18,-1,6088,33593517,-765121500,-1,999,-1,5445124544,2018-05-31 00:05:56,850
0,31-MAY-18,511162,-1,33590700,-765235633,986,3171,261,5445124548,2018-05-31 00:05:57,1006
0,31-MAY-18,-1,-1,34953717,-765053400,-1,-1,-1,5445124552,2018-05-31 00:05:57,1032
0,31-MAY-18,-1,113,33590433,-765114500,-1,999,-1,5445124549,2018-05-31 00:05:57,1049
0,31-MAY-18,-1,3492,33594483,-765114683,-1,999,-1,5445124551,2018-05-31 00:05:57,128
0,31-MAY-18,500114,5,34897917,-765090883,337,552,1526,5445124553,2018-05-31 00:05:57,181
0,31-MAY-18,-1,5205,33609217,-765121917,-1,999,-1,5445124554,2018-05-31 00:05:57,439
0,31-MAY-18,-1,499,34034617,-764761850,707,142,9964,5445124557,2018-05-31 00:05:57,616
0,31-MAY-18,-1,-1,34971133,-765034850,-1,-1,-1,5445124546,2018-05-31 00:05:57,809
0,31-MAY-18,-1,4198,33589067,-765114617,-1,999,-1,5445124556,2018-05-31 00:05:57,856
0,31-MAY-18,-1,7757,33590233,-765111800,-1,999,-1,5445124555,2018-05-31 00:05:57,863
0,31-MAY-18,511439,-1,33709833,-765562200,12,3124,239,5445124547,2018-05-31 00:05:57,876
0,31-MAY-18,511204,-1,34107300,-765475650,611,3191,9892,5445124550,2018-05-31 00:05:57,900
0,31-MAY-18,514470,115,34150250,-764735383,618,2841,302,5445124558,2018-05-31 00:05:57,968
0,31-MAY-18,513106,608,34673600,-764847050,436,3372,9994,5445124562,2018-05-31 00:05:58,1193
0,31-MAY-18,513041,4,34988000,-764918833,393,333,317,5445124564,2018-05-31 00:05:58,1210
0,31-MAY-18,512185,198,34888500,-765103333,799,323,228,5445124559,2018-05-31 00:05:58,1214
0,31-MAY-18,-1,-1,34964283,-765055433,-1,999,-1,5445124561,2018-05-31 00:05:58,180
0,31-MAY-18,519281,10315,34960183,-765044350,-1,999,-1,5445124560,2018-05-31 00:05:58,188
0,31-MAY-18,500157,-1,34292217,-764773083,148,2842,9857,5445124566,2018-05-31 00:05:58,739
0,31-MAY-18,-1,-1,33585500,-765111617,-1,-1,-1,5445124563,2018-05-31 00:05:58,855
0,31-MAY-18,514273,7,34149650,-764734367,618,2841,302,5445124565,2018-05-31 00:05:58,968
0,31-MAY-18,-1,1749,34973050,-765012267,-1,999,-1,5445124568,2018-05-31 00:05:59,1071
0,31-MAY-18,-1,-1,34959533,-765044900,-1,999,-1,5445124569,2018-05-31 00:05:59,1203
0,31-MAY-18,-1,-1,34970950,-765035333,-1,-1,-1,5445124567,2018-05-31 00:05:59,137
0,31-MAY-18,500114,36,34897133,-765093283,337,552,1526,5445124571,2018-05-31 00:05:59,181
0,31-MAY-18,-1,19094,34294333,-764746283,-1,999,-1,5445124570,2018-05-31 00:05:59,749
0,31-MAY-18,-1,6982,34966900,-765044617,-1,999,-1,5445124573,2018-05-31 00:06:00,1076
0,31-MAY-18,-1,153,34294167,-764750333,-1,999,-1,5445124578,2018-05-31 00:06:00,1107
0,31-MAY-18,-1,367,34959367,-765043650,-1,999,-1,5445124576,2018-05-31 00:06:00,1172
0,31-MAY-18,512186,2,34889300,-765102900,799,323,228,5445124577,2018-05-31 00:06:00,1214
0,31-MAY-18,-1,351,33593867,-765120267,-1,999,-1,5445124572,2018-05-31 00:06:00,125
0,31-MAY-18,513237,-1,34914483,-764861000,896,3351,529,5445124583,2018-05-31 00:06:00,202
0,31-MAY-18,514202,160,34140750,-764707867,455,347,743,5445124581,2018-05-31 00:06:00,226
0,31-MAY-18,-1,15687,33590300,-765119683,-1,-1,-1,5445124580,2018-05-31 00:06:00,314
0,31-MAY-18,-1,4672,34844800,-764906967,176,1571,9949,5445124582,2018-05-31 00:06:00,653
0,31-MAY-18,501703,12675,-1,-1,-1,-1,-1,5445124574,2018-05-31 00:06:00,706
0,31-MAY-18,-1,-1,34304583,-764750367,-1,999,-1,5445124575,2018-05-31 00:06:00,709
0,31-MAY-18,-1,-1,34301783,-764746533,-1,-1,-1,5445124585,2018-05-31 00:06:00,760
0,31-MAY-18,-1,631,33588767,-765111150,-1,999,-1,5445124584,2018-05-31 00:06:00,828
0,31-MAY-18,-1,-1,34034267,-764762233,-1,999,-1,5445124579,2018-05-31 00:06:00,940
0,31-MAY-18,-1,-1,34974517,-765023633,-1,-1,-1,5445124588,2018-05-31 00:06:01,1070
0,31-MAY-18,-1,-1,34300450,-764748283,-1,-1,-1,5445124590,2018-05-31 00:06:01,1095
0,31-MAY-18,-1,236,33587833,-765114733,-1,999,-1,5445124589,2018-05-31 00:06:01,1135
0,31-MAY-18,514464,30,34625900,-764851583,1087,3452,362,5445124594,2018-05-31 00:06:01,1263
0,31-MAY-18,-1,1953,34056467,-764752100,-1,999,-1,5445124591,2018-05-31 00:06:01,227
0,31-MAY-18,-1,2247,34301083,-764747683,-1,999,-1,5445124586,2018-05-31 00:06:01,788
0,31-MAY-18,-1,594,34299517,-764746283,-1,999,-1,5445124593,2018-05-31 00:06:01,797
0,31-MAY-18,-1,-1,34968417,-765038183,-1,-1,-1,5445124592,2018-05-31 00:06:01,8
0,31-MAY-18,-1,-1,34042600,-764762383,-1,-1,-1,5445124587,2018-05-31 00:06:01,935
0,31-MAY-18,-1,-1,34957667,-765047667,-1,-1,-1,5445124600,2018-05-31 00:06:02,1074
0,31-MAY-18,511274,1663,33804733,-765250883,373,2211,9861,5445124604,2018-05-31 00:06:02,1139
0,31-MAY-18,-1,5,33586150,-765109683,-1,-1,-1,5445124596,2018-05-31 00:06:02,116
0,31-MAY-18,511352,-1,33738633,-765551783,160,3122,9943,5445124601,2018-05-31 00:06:02,124
0,31-MAY-18,-1,-1,33614317,-765107050,-1,-1,-1,5445124599,2018-05-31 00:06:02,126
0,31-MAY-18,500164,285,34439200,-764820317,904,3411,356,5445124605,2018-05-31 00:06:02,250
0,31-MAY-18,-1,-1,34038267,-764753650,-1,-1,-1,5445124595,2018-05-31 00:06:02,288
0,31-MAY-18,-1,-1,34292617,-764753800,-1,-1,-1,5445124602,2018-05-31 00:06:02,754
0,31-MAY-18,-1,15116,34300850,-764754850,-1,999,-1,5445124606,2018-05-31 00:06:02,774
0,31-MAY-18,-1,115,34047600,-764759083,-1,999,-1,5445124598,2018-05-31 00:06:02,926
0,31-MAY-18,-1,1,34307400,-764752133,178,421,9740,5445124597,2018-05-31 00:06:02,959
0,31-MAY-18,514273,37,34147250,-764730233,618,2841,302,5445124603,2018-05-31 00:06:02,968
0,31-MAY-18,-1,111,34298067,-764753100,-1,999,-1,5445124610,2018-05-31 00:06:03,1103
0,31-MAY-18,-1,-1,33584683,-765113167,-1,-1,-1,5445124616,2018-05-31 00:06:03,1159
0,31-MAY-18,513041,33,34989617,-764921167,393,333,317,5445124615,2018-05-31 00:06:03,1210
0,31-MAY-18,-1,-1,34293450,-764740333,-1,-1,-1,5445124614,2018-05-31 00:06:03,740
0,31-MAY-18,-1,1691,34299850,-764755017,-1,999,-1,5445124613,2018-05-31 00:06:03,761
0,31-MAY-18,-1,-1,33587133,-765115467,-1,-1,-1,5445124607,2018-05-31 00:06:03,81
0,31-MAY-18,-1,-1,33604417,-765119500,-1,-1,-1,5445124609,2018-05-31 00:06:03,832
0,31-MAY-18,-1,-1,34040100,-764764383,-1,999,-1,5445124611,2018-05-31 00:06:03,910
0,31-MAY-18,-1,-1,34300117,-764748067,-1,-1,-1,5445124608,2018-05-31 00:06:03,984
0,31-MAY-18,-1,-1,33588933,-765119433,-1,-1,-1,5445124612,2018-05-31 00:06:03,994
0,31-MAY-18,500101,12510,34294233,-764750550,-1,999,-1,5445124617,2018-05-31 00:06:04,1005
0,31-MAY-18,500202,196,34816950,-764994783,511,2121,1884,5445124619,2018-05-31 00:06:04,1078
0,31-MAY-18,519041,4446,34781517,-765175850,259,305,9992,5445124620,2018-05-31 00:06:04,1189
0,31-MAY-18,500100,-1,34893617,-765092700,337,552,1526,5445124624,2018-05-31 00:06:04,181
0,31-MAY-18,-1,-1,34963250,-765040167,-1,-1,-1,5445124618,2018-05-31 00:06:04,192
0,31-MAY-18,-1,-1,33586283,-765112400,-1,-1,-1,5445124623,2018-05-31 00:06:04,30
0,31-MAY-18,511274,4246,33617767,-765242567,702,2211,9874,5445124621,2018-05-31 00:06:04,312
0,31-MAY-18,-1,-1,34284450,-764741667,-1,-1,-1,5445124622,2018-05-31 00:06:04,705
0,31-MAY-18,-1,598,34301200,-764746050,-1,999,-1,5445124626,2018-05-31 00:06:04,747
0,31-MAY-18,-1,1182,34300667,-764747667,-1,999,-1,5445124627,2018-05-31 00:06:04,785
0,31-MAY-18,514044,72,34233717,-764635667,790,2841,300,5445124625,2018-05-31 00:06:04,789
0,31-MAY-18,511039,-1,33507567,-765278067,842,3141,587,5445124636,2018-05-31 00:06:05,1009
0,31-MAY-18,-1,-1,-1,-1,-1,-1,-1,5445124628,2018-05-31 00:06:05,1128
0,31-MAY-18,-1,3484,34959183,-765054100,-1,999,-1,5445124630,2018-05-31 00:06:05,145
0,31-MAY-18,504007,1352,34911233,-764858533,896,3351,529,5445124634,2018-05-31 00:06:05,202
0,31-MAY-18,514361,-1,34261783,-764701067,96,3442,9865,5445124629,2018-05-31 00:06:05,263
0,31-MAY-18,511443,-1,33706967,-765558267,12,3124,239,5445124631,2018-05-31 00:06:05,876
0,31-MAY-18,-1,-1,34183850,-765482483,-1,-1,-1,5445124635,2018-05-31 00:06:05,951
0,31-MAY-18,-1,230,34288617,-764746867,-1,999,-1,5445124632,2018-05-31 00:06:05,953
0,31-MAY-18,-1,-1,34296517,-764746617,-1,999,-1,5445124637,2018-05-31 00:06:05,966
0,31-MAY-18,-1,202,33594400,-765113500,-1,999,-1,5445124633,2018-05-31 00:06:05,992
0,31-MAY-18,-1,3745,33587633,-765111217,-1,999,-1,5445124639,2018-05-31 00:06:06,1008
0,31-MAY-18,-1,719,33589333,-765114050,-1,999,-1,5445124648,2018-05-31 00:06:06,1033
0,31-MAY-18,-1,2063,34964650,-765056100,-1,999,-1,5445124638,2018-05-31 00:06:06,1068
0,31-MAY-18,503012,8,34276083,-764997467,861,2842,433,5445124643,2018-05-31 00:06:06,1096
0,31-MAY-18,500153,7852,34293867,-764745250,-1,999,-1,5445124651,2018-05-31 00:06:06,1109
0,31-MAY-18,-1,1963,33586650,-765113417,-1,999,-1,5445124644,2018-05-31 00:06:06,1220
0,31-MAY-18,-1,1432,34956833,-765048050,-1,999,-1,5445124641,2018-05-31 00:06:06,190
0,31-MAY-18,513237,32,34909617,-764857517,896,3351,529,5445124650,2018-05-31 00:06:06,202
0,31-MAY-18,-1,13431,34958367,-765053967,-1,999,-1,5445124642,2018-05-31 00:06:06,203
0,31-MAY-18,-1,161,34294050,-764751100,-1,999,-1,5445124646,2018-05-31 00:06:06,302
0,31-MAY-18,-1,403,33586483,-765110917,-1,999,-1,5445124640,2018-05-31 00:06:06,65
0,31-MAY-18,514195,1512,34228833,-764659450,733,355,9992,5445124645,2018-05-31 00:06:06,700
0,31-MAY-18,-1,-1,34303783,-764748183,-1,-1,-1,5445124649,2018-05-31 00:06:06,757
0,31-MAY-18,-1,22523,33591233,-765114183,-1,999,-1,5445124647,2018-05-31 00:06:06,991
0,31-MAY-18,511162,20,33591833,-765239033,986,3171,261,5445124653,2018-05-31 00:06:07,1006
0,31-MAY-18,511228,370,33797850,-765162283,228,3131,305,5445124654,2018-05-31 00:06:07,1130
0,31-MAY-18,-1,7213,34620700,-765276050,-1,999,-1,5445124656,2018-05-31 00:06:07,1202
0,31-MAY-18,513001,2540,34856133,-764939617,79,336,9998,5445124657,2018-05-31 00:06:07,1211
0,31-MAY-18,-1,-1,-1,-1,-1,999,-1,5445124652,2018-05-31 00:06:07,725
0,31-MAY-18,514068,396,34324217,-764786850,622,3441,501,5445124655,2018-05-31 00:06:07,970
0,31-MAY-18,-1,-1,34969733,-765037383,-1,-1,-1,5445124659,2018-05-31 00:06:08,1026
0,31-MAY-18,-1,-1,33586033,-765119750,-1,-1,-1,5445124664,2018-05-31 00:06:08,18
0,31-MAY-18,-1,14,34038683,-764765217,188,1472,9759,5445124658,2018-05-31 00:06:08,219
0,31-MAY-18,514405,195,34041567,-764763317,560,347,9998,5445124662,2018-05-31 00:06:08,240
0,31-MAY-18,-1,-1,33585533,-765111600,-1,999,-1,5445124663,2018-05-31 00:06:08,855
0,31-MAY-18,-1,17927,34960350,-765053500,-1,999,-1,5445124661,2018-05-31 00:06:08,888
0,31-MAY-18,-1,168,34293350,-764749300,-1,999,-1,5445124660,2018-05-31 00:06:08,977
0,31-MAY-18,-1,110,34294283,-764749933,-1,999,-1,5445124665,2018-05-31 00:06:09,1112
0,31-MAY-18,-1,-1,33603533,-765122200,-1,-1,-1,5445124668,2018-05-31 00:06:09,1120
0,31-MAY-18,513041,35,34987650,-764923050,393,333,317,5445124669,2018-05-31 00:06:09,1210
0,31-MAY-18,504006,-1,34904667,-765090967,649,334,9998,5445124670,2018-05-31 00:06:09,1212
0,31-MAY-18,500101,1,34892183,-765088667,337,552,1526,5445124671,2018-05-31 00:06:09,181
0,31-MAY-18,513237,28,34907533,-764856317,896,3351,529,5445124672,2018-05-31 00:06:09,202
0,31-MAY-18,504016,10145,34214633,-765350417,497,131,9921,5445124667,2018-05-31 00:06:09,837
0,31-MAY-18,500104,12425,34300250,-764754617,-1,999,-1,5445124666,2018-05-31 00:06:09,960
0,31-MAY-18,-1,-1,34975133,-765022333,-1,-1,-1,5445124675,2018-05-31 00:06:10,1029
0,31-MAY-18,511441,-1,33594650,-765119550,657,3124,9881,5445124683,2018-05-31 00:06:10,103
0,31-MAY-18,511267,34,33803000,-765162567,228,3131,305,5445124682,2018-05-31 00:06:10,1130
0,31-MAY-18,-1,5462,33587067,-765110683,-1,999,-1,5445124679,2018-05-31 00:06:10,1154
0,31-MAY-18,-1,-1,34978050,-765020967,-1,-1,-1,5445124678,2018-05-31 00:06:10,1208
0,31-MAY-18,514450,5,34627500,-764847083,1087,3452,362,5445124686,2018-05-31 00:06:10,1263
0,31-MAY-18,-1,-1,-1,-1,-1,-1,-1,5445124687,2018-05-31 00:06:10,151
0,31-MAY-18,512033,564,34898217,-765098350,754,322,153,5445124680,2018-05-31 00:06:10,200
0,31-MAY-18,-1,-1,34045150,-764757817,-1,-1,-1,5445124677,2018-05-31 00:06:10,238
0,31-MAY-18,514367,86,34401250,-764842733,53,3442,645,5445124676,2018-05-31 00:06:10,274
0,31-MAY-18,511059,10278,33863500,-765246317,580,3192,9996,5445124674,2018-05-31 00:06:10,281
0,31-MAY-18,502302,2602,33452250,-765242683,154,3141,9984,5445124681,2018-05-31 00:06:10,32
0,31-MAY-18,-1,-1,34955200,-765050650,-1,999,-1,5445124685,2018-05-31 00:06:10,817
0,31-MAY-18,513318,-1,34907217,-764916750,215,553,615,5445124673,2018-05-31 00:06:10,899
0,31-MAY-18,-1,1336,34041333,-764758900,-1,999,-1,5445124684,2018-05-31 00:06:10,932
0,31-MAY-18,500165,3557,34290467,-764747367,-1,999,-1,5445124695,2018-05-31 00:06:11,1045
0,31-MAY-18,511267,34,33803000,-765162567,228,3131,305,5445124693,2018-05-31 00:06:11,1130
0,31-MAY-18,-1,12284,33590183,-765120633,-1,999,-1,5445124694,2018-05-31 00:06:11,1138
0,31-MAY-18,-1,-1,34975183,-765022683,-1,-1,-1,5445124688,2018-05-31 00:06:11,177
0,31-MAY-18,-1,-1,34289500,-764738533,-1,999,-1,5445124689,2018-05-31 00:06:11,34
0,31-MAY-18,-1,5814,34034967,-764759033,-1,999,-1,5445124690,2018-05-31 00:06:11,936
0,31-MAY-18,502313,-1,33667417,-765282417,598,3172,192,5445124692,2018-05-31 00:06:11,94
0,31-MAY-18,511033,1611,33615517,-765242000,641,3133,9855,5445124691,2018-05-31 00:06:11,95
0,31-MAY-18,513041,4,34985850,-764924050,393,333,317,5445124701,2018-05-31 00:06:12,1210
0,31-MAY-18,-1,-1,33581917,-765106633,-1,-1,-1,5445124699,2018-05-31 00:06:12,1223
0,31-MAY-18,-1,-1,33616717,-765097333,-1,-1,-1,5445124696,2018-05-31 00:06:12,19
0,31-MAY-18,-1,1620,34036883,-764766333,-1,999,-1,5445124700,2018-05-31 00:06:12,258
0,31-MAY-18,-1,-1,33593683,-765116700,-1,-1,-1,5445124698,2018-05-31 00:06:12,836
0,31-MAY-18,516193,350,33875717,-765252917,555,2121,2178,5445124702,2018-05-31 00:06:12,844
0,31-MAY-18,-1,-1,34035150,-764761717,-1,999,-1,5445124697,2018-05-31 00:06:12,924
0,31-MAY-18,513041,1223,34895250,-765060833,110,321,9893,5445124708,2018-05-31 00:06:13,1067
0,31-MAY-18,-1,2871,34953233,-765054317,-1,999,-1,5445124711,2018-05-31 00:06:13,1075
0,31-MAY-18,-1,430,34294900,-764751750,-1,999,-1,5445124714,2018-05-31 00:06:13,1155
0,31-MAY-18,514450,-1,34628200,-764844717,1087,3452,362,5445124716,2018-05-31 00:06:13,1263
0,31-MAY-18,-1,5303,33377650,-765244700,-1,999,-1,5445124706,2018-05-31 00:06:13,199
0,31-MAY-18,514232,-1,34135483,-764711800,455,347,743,5445124712,2018-05-31 00:06:13,226
0,31-MAY-18,-1,-1,34971333,-765028950,-1,-1,-1,5445124703,2018-05-31 00:06:13,303
0,31-MAY-18,513251,386,34887933,-765040567,545,2121,1882,5445124709,2018-05-31 00:06:13,53
0,31-MAY-18,-1,-1,33599683,-765117233,-1,-1,-1,5445124715,2018-05-31 00:06:13,68
0,31-MAY-18,-1,124,34292883,-764749767,-1,999,-1,5445124704,2018-05-31 00:06:13,717
0,31-MAY-18,-1,-1,34302100,-764746883,-1,-1,-1,5445124707,2018-05-31 00:06:13,772
0,31-MAY-18,-1,-1,34970717,-765035667,-1,-1,-1,5445124705,2018-05-31 00:06:13,805
0,31-MAY-18,-1,10127,34970583,-765035983,-1,999,-1,5445124713,2018-05-31 00:06:13,889
0,31-MAY-18,-1,75,34300250,-764754600,-1,999,-1,5445124710,2018-05-31 00:06:13,960
0,31-MAY-18,-1,246,34962250,-765053083,-1,999,-1,5445124724,2018-05-31 00:06:14,1178
0,31-MAY-18,511080,-1,33822600,-765746367,116,3192,227,5445124726,2018-05-31 00:06:14,119
0,31-MAY-18,-1,1865,34956117,-765048400,-1,999,-1,5445124725,2018-05-31 00:06:14,1192
0,31-MAY-18,512186,32,34893633,-765100433,799,323,228,5445124722,2018-05-31 00:06:14,1214
0,31-MAY-18,513237,28,34905250,-764856483,896,3351,529,5445124728,2018-05-31 00:06:14,202
0,31-MAY-18,-1,613,34298000,-764744917,-1,999,-1,5445124721,2018-05-31 00:06:14,743
0,31-MAY-18,502304,14239,34289133,-764747483,-1,999,-1,5445124719,2018-05-31 00:06:14,746
0,31-MAY-18,-1,-1,34968700,-765039283,-1,-1,-1,5445124717,2018-05-31 00:06:14,819
0,31-MAY-18,-1,-1,33593067,-765118317,-1,999,-1,5445124720,2018-05-31 00:06:14,866
0,31-MAY-18,-1,-1,34035233,-764758883,-1,-1,-1,5445124718,2018-05-31 00:06:14,929
0,31-MAY-18,515190,3057,34047700,-764757150,105,353,9904,5445124727,2018-05-31 00:06:14,949
0,31-MAY-18,502300,-1,34306533,-764751950,178,421,9740,5445124723,2018-05-31 00:06:14,959
0,31-MAY-18,-1,6473,34288817,-764738000,-1,999,-1,5445124739,2018-05-31 00:06:15,1011
0,31-MAY-18,-1,4146,34039917,-764760383,-1,999,-1,5445124730,2018-05-31 00:06:15,11
0,31-MAY-18,-1,-1,33591867,-765113333,-1,-1,-1,5445124732,2018-05-31 00:06:15,1124
0,31-MAY-18,-1,-1,34929283,-765054550,-1,-1,-1,5445124734,2018-05-31 00:06:15,1180
0,31-MAY-18,511352,10848,33584083,-765114950,276,3122,9931,5445124740,2018-05-31 00:06:15,121
0,31-MAY-18,-1,3191,34587017,-765306800,729,302,9982,5445124736,2018-05-31 00:06:15,210
0,31-MAY-18,514232,46,34133733,-764712100,455,347,743,5445124737,2018-05-31 00:06:15,226
0,31-MAY-18,-1,874,-1,-1,-1,999,-1,5445124738,2018-05-31 00:06:15,304
0,31-MAY-18,-1,323,33589050,-765111717,-1,999,-1,5445124733,2018-05-31 00:06:15,51
0,31-MAY-18,-1,5827,33594367,-765120783,-1,999,-1,5445124735,2018-05-31 00:06:15,88
0,31-MAY-18,-1,-1,34970100,-765037033,-1,-1,-1,5445124729,2018-05-31 00:06:15,893
0,31-MAY-18,-1,-1,34299867,-764749250,-1,-1,-1,5445124731,2018-05-31 00:06:15,962
0,31-MAY-18,-1,216,34292400,-764748450,-1,999,-1,5445124742,2018-05-31 00:06:16,1111
0,31-MAY-18,-1,8908,33591550,-765114683,-1,999,-1,5445124741,2018-05-31 00:06:16,299
0,31-MAY-18,-1,177,33580300,-765120567,-1,999,-1,5445124744,2018-05-31 00:06:16,54
0,31-MAY-18,-1,-1,33606567,-765123083,-1,-1,-1,5445124747,2018-05-31 00:06:16,56
0,31-MAY-18,-1,1298,34295350,-764750833,-1,999,-1,5445124748,2018-05-31 00:06:16,771
0,31-MAY-18,-1,-1,34970200,-765036533,-1,-1,-1,5445124743,2018-05-31 00:06:16,813
0,31-MAY-18,-1,1,33593367,-765119017,-1,999,-1,5445124745,2018-05-31 00:06:16,98
0,31-MAY-18,-1,612,34304150,-764750100,-1,999,-1,5445124746,2018-05-31 00:06:16,983
0,31-MAY-18,-1,582,33603033,-765118483,-1,999,-1,5445124753,2018-05-31 00:06:17,1002
0,31-MAY-18,-1,330,33593883,-765115150,-1,999,-1,5445124754,2018-05-31 00:06:17,1007
0,31-MAY-18,-1,-1,34963700,-765037783,-1,-1,-1,5445124750,2018-05-31 00:06:17,1061
0,31-MAY-18,-1,8313,34953317,-765053900,-1,999,-1,5445124758,2018-05-31 00:06:17,1190
0,31-MAY-18,512186,32,34894333,-765099700,799,323,228,5445124752,2018-05-31 00:06:17,1214
0,31-MAY-18,-1,40,33594500,-765116650,-1,999,-1,5445124755,2018-05-31 00:06:17,24
0,31-MAY-18,-1,-1,34278517,-764995183,-1,-1,-1,5445124760,2018-05-31 00:06:17,251
0,31-MAY-18,-1,-1,33590650,-765112217,-1,-1,-1,5445124759,2018-05-31 00:06:17,44
0,31-MAY-18,-1,-1,33605867,-765121933,-1,-1,-1,5445124749,2018-05-31 00:06:17,632
0,31-MAY-18,-1,-1,34302450,-764747000,-1,-1,-1,5445124762,2018-05-31 00:06:17,759
0,31-MAY-18,515054,6990,34302250,-764748967,999,2524,728,5445124756,2018-05-31 00:06:17,792
0,31-MAY-18,-1,-1,34969133,-765038567,-1,-1,-1,5445124761,2018-05-31 00:06:17,815
0,31-MAY-18,-1,638,33591883,-765112067,-1,999,-1,5445124751,2018-05-31 00:06:17,829
0,31-MAY-18,514405,769,34036817,-764765683,-1,999,-1,5445124757,2018-05-31 00:06:17,937
0,31-MAY-18,-1,-1,33591267,-765113267,-1,-1,-1,5445124769,2018-05-31 00:06:18,1048
0,31-MAY-18,-1,506,34303367,-764749483,-1,999,-1,5445124771,2018-05-31 00:06:18,1115
0,31-MAY-18,-1,-1,33592517,-765118183,-1,999,-1,5445124770,2018-05-31 00:06:18,1233
0,31-MAY-18,513185,-1,34884933,-765032450,625,332,9996,5445124767,2018-05-31 00:06:18,193
0,31-MAY-18,519192,-1,34653783,-765235350,937,306,9982,5445124764,2018-05-31 00:06:18,198
0,31-MAY-18,-1,-1,33587017,-765111483,-1,999,-1,5445124766,2018-05-31 00:06:18,26
0,31-MAY-18,-1,342,34961950,-765040667,-1,999,-1,5445124765,2018-05-31 00:06:18,300
0,31-MAY-18,-1,-1,33705817,-765369950,-1,999,-1,5445124768,2018-05-31 00:06:18,873
0,31-MAY-18,-1,-1,34043200,-764761167,-1,-1,-1,5445124763,2018-05-31 00:06:18,919
0,31-MAY-18,-1,507,34300650,-764748833,-1,999,-1,5445124781,2018-05-31 00:06:19,1113
0,31-MAY-18,-1,5762,33593783,-765119283,-1,999,-1,5445124772,2018-05-31 00:06:19,1129
0,31-MAY-18,-1,441,34965750,-765034967,-1,999,-1,5445124782,2018-05-31 00:06:19,1185
0,31-MAY-18,511352,10848,33584100,-765114933,276,3122,9931,5445124783,2018-05-31 00:06:19,121
0,31-MAY-18,-1,-1,33587383,-765113250,314,3133,9886,5445124784,2018-05-31 00:06:19,123
0,31-MAY-18,500102,-1,34890517,-765083767,337,552,1526,5445124779,2018-05-31 00:06:19,181
0,31-MAY-18,514270,2038,34047133,-764758250,869,3411,725,5445124774,2018-05-31 00:06:19,253
0,31-MAY-18,-1,-1,34047650,-764756267,446,376,9988,5445124775,2018-05-31 00:06:19,269
0,31-MAY-18,-1,-1,34037417,-764754333,-1,-1,-1,5445124785,2018-05-31 00:06:19,289
0,31-MAY-18,-1,398,33595333,-765118000,-1,999,-1,5445124773,2018-05-31 00:06:19,382
0,31-MAY-18,-1,2758,33592750,-765114833,-1,999,-1,5445124787,2018-05-31 00:06:19,42
0,31-MAY-18,-1,-1,34303183,-764749267,-1,999,-1,5445124777,2018-05-31 00:06:19,744
0,31-MAY-18,517076,13084,34231633,-764776850,561,373,9986,5445124778,2018-05-31 00:06:19,764
0,31-MAY-18,-1,97,34297033,-764754400,-1,999,-1,5445124776,2018-05-31 00:06:19,775
0,31-MAY-18,516193,407,33867500,-765253667,555,2121,2178,5445124786,2018-05-31 00:06:19,844
0,31-MAY-18,514279,-1,34140067,-764718050,618,2841,302,5445124780,2018-05-31 00:06:19,968
0,31-MAY-18,513251,527,34890800,-765049967,545,2121,1882,5445124788,2018-05-31 00:06:20,53
0,31-MAY-18,-1,-1,34040733,-764756467,-1,-1,-1,5445124789,2018-05-31 00:06:20,624
0,31-MAY-18,-1,-1,34301433,-764747783,-1,-1,-1,5445124791,2018-05-31 00:06:20,802
0,31-MAY-18,-1,-1,33597750,-765119533,-1,-1,-1,5445124790,2018-05-31 00:06:20,83
0,31-MAY-18,-1,12488,34303600,-764754317,-1,999,-1,5445124793,2018-05-31 00:06:21,1094
0,31-MAY-18,-1,-1,34972850,-765005750,-1,999,-1,5445124800,2018-05-31 00:06:21,1197
0,31-MAY-18,-1,-1,33592550,-765117700,-1,-1,-1,5445124802,2018-05-31 00:06:21,1217
0,31-MAY-18,514450,25,34629517,-764840267,1087,3452,362,5445124797,2018-05-31 00:06:21,1263
0,31-MAY-18,514450,25,34629633,-764839767,1087,3452,362,5445124801,2018-05-31 00:06:21,1263
0,31-MAY-18,517076,7630,34582367,-765312367,614,373,9980,5445124798,2018-05-31 00:06:21,186
0,31-MAY-18,514232,150,34128433,-764714850,455,347,743,5445124799,2018-05-31 00:06:21,226
0,31-MAY-18,-1,-1,34047650,-764756267,446,376,9988,5445124796,2018-05-31 00:06:21,269
0,31-MAY-18,-1,-1,33591233,-765112150,-1,-1,-1,5445124792,2018-05-31 00:06:21,823
0,31-MAY-18,-1,-1,34046750,-764757333,874,3411,9990,5445124795,2018-05-31 00:06:21,928
0,31-MAY-18,-1,43,34301617,-764754383,-1,999,-1,5445124794,2018-05-31 00:06:21,975
0,31-MAY-18,-1,3926,34290417,-764749017,-1,999,-1,5445124805,2018-05-31 00:06:22,1093
0,31-MAY-18,-1,-1,34291617,-764748100,-1,999,-1,5445124804,2018-05-31 00:06:22,1108
0,31-MAY-18,-1,-1,34965067,-765036000,-1,-1,-1,5445124807,2018-05-31 00:06:22,1201
0,31-MAY-18,-1,423,34956833,-765049033,-1,999,-1,5445124810,2018-05-31 00:06:22,166
0,31-MAY-18,514233,3,34128433,-764714850,455,347,743,5445124811,2018-05-31 00:06:22,226
0,31-MAY-18,-1,-1,34034950,-764761983,-1,-1,-1,5445124806,2018-05-31 00:06:22,259
0,31-MAY-18,515190,-1,34157000,-764747350,606,353,9952,5445124803,2018-05-31 00:06:22,272
0,31-MAY-18,501850,14066,34292983,-764750367,-1,999,-1,5445124808,2018-05-31 00:06:22,45
0,31-MAY-18,-1,-1,33590033,-765113050,-1,-1,-1,5445124809,2018-05-31 00:06:22,67
0,31-MAY-18,-1,-1,33585917,-765110333,401,3121,9831,5445124818,2018-05-31 00:06:23,104
0,31-MAY-18,-1,897,34290150,-764748333,-1,999,-1,5445124813,2018-05-31 00:06:23,1110
0,31-MAY-18,-1,-1,33591517,-765120917,-1,999,-1,5445124815,2018-05-31 00:06:23,1161
0,31-MAY-18,511080,-1,33824300,-765747867,116,3192,227,5445124819,2018-05-31 00:06:23,119
0,31-MAY-18,-1,5591,34962033,-765040000,-1,999,-1,5445124820,2018-05-31 00:06:23,213
0,31-MAY-18,-1,-1,34035567,-764761567,-1,-1,-1,5445124816,2018-05-31 00:06:23,221
0,31-MAY-18,-1,-1,34970883,-765030083,-1,-1,-1,5445124822,2018-05-31 00:06:23,293
0,31-MAY-18,-1,253,33594650,-765115367,-1,999,-1,5445124823,2018-05-31 00:06:23,37
0,31-MAY-18,-1,-1,34045817,-764760950,-1,999,-1,5445124814,2018-05-31 00:06:23,618
0,31-MAY-18,-1,-1,33609067,-765121650,-1,-1,-1,5445124821,2018-05-31 00:06:23,848
0,31-MAY-18,-1,-1,34969833,-765031933,-1,-1,-1,5445124812,2018-05-31 00:06:23,878
0,31-MAY-18,-1,-1,34969467,-765038150,-1,-1,-1,5445124817,2018-05-31 00:06:23,894
0,31-MAY-18,-1,6249,33573900,-765119533,-1,999,-1,5445124825,2018-05-31 00:06:24,1046
0,31-MAY-18,502302,2389,33470200,-765241683,1045,3141,586,5445124828,2018-05-31 00:06:24,1145
0,31-MAY-18,-1,28,34964750,-765056917,-1,999,-1,5445124824,2018-05-31 00:06:24,1179
0,31-MAY-18,512186,24,34894400,-765097333,799,323,228,5445124827,2018-05-31 00:06:24,1214
0,31-MAY-18,-1,-1,34974150,-765024433,-1,-1,-1,5445124831,2018-05-31 00:06:24,163
0,31-MAY-18,-1,-1,34035300,-764758783,-1,-1,-1,5445124832,2018-05-31 00:06:24,241
0,31-MAY-18,-1,273,33586517,-765120533,-1,999,-1,5445124829,2018-05-31 00:06:24,27
0,31-MAY-18,-1,113,34294883,-764751500,-1,999,-1,5445124826,2018-05-31 00:06:24,767
0,31-MAY-18,-1,-1,34306533,-764751967,-1,999,-1,5445124830,2018-05-31 00:06:24,959
0,31-MAY-18,513040,5,34826850,-765010650,511,2121,1884,5445124838,2018-05-31 00:06:25,1078
0,31-MAY-18,500103,7,34888850,-765078650,337,552,1526,5445124834,2018-05-31 00:06:25,181
0,31-MAY-18,514233,36,34126417,-764716117,455,347,743,5445124833,2018-05-31 00:06:25,226
0,31-MAY-18,-1,3352,34963183,-765037067,-1,999,-1,5445124839,2018-05-31 00:06:25,307
0,31-MAY-18,-1,-1,33599100,-765121800,-1,-1,-1,5445124835,2018-05-31 00:06:25,402
0,31-MAY-18,-1,-1,33600817,-765117767,-1,-1,-1,5445124837,2018-05-31 00:06:25,437
0,31-MAY-18,-1,-1,34970217,-765031350,-1,-1,-1,5445124842,2018-05-31 00:06:25,637
0,31-MAY-18,-1,-1,33608150,-765121250,-1,999,-1,5445124841,2018-05-31 00:06:25,71
0,31-MAY-18,-1,616,34300200,-764747050,-1,999,-1,5445124840,2018-05-31 00:06:25,745
0,31-MAY-18,-1,-1,34294083,-764747333,-1,-1,-1,5445124836,2018-05-31 00:06:25,974
0,31-MAY-18,-1,113,33590433,-765114483,-1,999,-1,5445124846,2018-05-31 00:06:26,1049
0,31-MAY-18,-1,-1,33584567,-765110317,-1,-1,-1,5445124851,2018-05-31 00:06:26,130
0,31-MAY-18,500103,33,34889417,-765076533,337,552,1526,5445124844,2018-05-31 00:06:26,181
0,31-MAY-18,519281,10362,34961800,-765040533,-1,999,-1,5445124849,2018-05-31 00:06:26,188
0,31-MAY-18,-1,-1,34035750,-764763133,-1,-1,-1,5445124848,2018-05-31 00:06:26,218
0,31-MAY-18,-1,-1,34041017,-764756467,-1,-1,-1,5445124850,2018-05-31 00:06:26,239
0,31-MAY-18,-1,-1,33603700,-765122350,-1,-1,-1,5445124845,2018-05-31 00:06:26,835
0,31-MAY-18,-1,6093,33593083,-765121467,-1,999,-1,5445124843,2018-05-31 00:06:26,850
0,31-MAY-18,511443,-1,33706567,-765554717,12,3124,239,5445124847,2018-05-31 00:06:26,876
0,31-MAY-18,-1,-1,34974717,-765022183,-1,-1,-1,5445124854,2018-05-31 00:06:27,1072
0,31-MAY-18,513106,979,34705967,-764857283,436,3372,9994,5445124856,2018-05-31 00:06:27,1193
0,31-MAY-18,-1,3492,33594483,-765114683,-1,999,-1,5445124855,2018-05-31 00:06:27,128
0,31-MAY-18,-1,-1,33600500,-765122050,-1,-1,-1,5445124852,2018-05-31 00:06:27,23
0,31-MAY-18,-1,7757,33590233,-765111800,-1,999,-1,5445124853,2018-05-31 00:06:27,863
0,31-MAY-18,-1,-1,34953717,-765053383,-1,-1,-1,5445124865,2018-05-31 00:06:28,1032
0,31-MAY-18,-1,1850,34973450,-765008600,-1,999,-1,5445124861,2018-05-31 00:06:28,1071
0,31-MAY-18,513040,32,34828233,-765012733,511,2121,1884,5445124863,2018-05-31 00:06:28,1078
0,31-MAY-18,-1,-1,34959500,-765044983,-1,999,-1,5445124864,2018-05-31 00:06:28,1203
0,31-MAY-18,-1,-1,34963017,-765053733,-1,999,-1,5445124862,2018-05-31 00:06:28,180
0,31-MAY-18,-1,126,34034750,-764763767,423,1571,9885,5445124857,2018-05-31 00:06:28,216
0,31-MAY-18,514233,107,34123350,-764717850,455,347,743,5445124858,2018-05-31 00:06:28,226
0,31-MAY-18,-1,5,34035433,-764763217,115,150,9948,5445124859,2018-05-31 00:06:28,551
0,31-MAY-18,-1,-1,34971117,-765034850,-1,-1,-1,5445124860,2018-05-31 00:06:28,809
0,31-MAY-18,511039,-1,33508983,-765248550,842,3141,587,5445124870,2018-05-31 00:06:29,1009
0,31-MAY-18,-1,153,34294083,-764750383,-1,999,-1,5445124876,2018-05-31 00:06:29,1107
0,31-MAY-18,-1,367,34959400,-765043567,-1,999,-1,5445124879,2018-05-31 00:06:29,1172
0,31-MAY-18,-1,351,33593850,-765120267,-1,999,-1,5445124873,2018-05-31 00:06:29,125
0,31-MAY-18,514233,107,34121167,-764719217,455,347,743,5445124868,2018-05-31 00:06:29,226
0,31-MAY-18,-1,-1,34047633,-764756317,-1,999,-1,5445124878,2018-05-31 00:06:29,269
0,31-MAY-18,-1,-1,33601517,-765122117,-1,-1,-1,5445124877,2018-05-31 00:06:29,626
0,31-MAY-18,-1,5071,34857217,-764941017,176,1571,9949,5445124867,2018-05-31 00:06:29,653
0,31-MAY-18,501703,12675,-1,-1,-1,-1,-1,5445124880,2018-05-31 00:06:29,706
0,31-MAY-18,-1,-1,34304567,-764750350,-1,999,-1,5445124874,2018-05-31 00:06:29,709
0,31-MAY-18,-1,2247,34301117,-764747700,-1,999,-1,5445124871,2018-05-31 00:06:29,788
0,31-MAY-18,-1,-1,34034350,-764762300,-1,999,-1,5445124872,2018-05-31 00:06:29,940
0,31-MAY-18,-1,-1,34306550,-764751967,-1,999,-1,5445124875,2018-05-31 00:06:29,959
0,31-MAY-18,514279,32,34138533,-764715417,618,2841,302,5445124869,2018-05-31 00:06:29,968
0,31-MAY-18,514279,32,34138733,-764715767,618,2841,302,5445124866,2018-05-31 00:06:29,968
0,31-MAY-18,513040,32,34828683,-765013417,511,2121,1884,5445124893,2018-05-31 00:06:30,1078
0,31-MAY-18,-1,236,33587817,-765114717,-1,999,-1,5445124892,2018-05-31 00:06:30,1135
0,31-MAY-18,-1,-1,34970950,-765035317,-1,-1,-1,5445124891,2018-05-31 00:06:30,137
0,31-MAY-18,500108,-1,34892117,-765075283,337,552,1526,5445124884,2018-05-31 00:06:30,181
0,31-MAY-18,500110,-1,34898650,-765083567,754,322,153,5445124882,2018-05-31 00:06:30,200
0,31-MAY-18,514232,20,34120050,-764719933,455,347,743,5445124886,2018-05-31 00:06:30,226
0,31-MAY-18,-1,1953,34056483,-764752167,-1,999,-1,5445124889,2018-05-31 00:06:30,227
0,31-MAY-18,-1,499,34034600,-764761850,707,142,9964,5445124881,2018-05-31 00:06:30,616
0,31-MAY-18,-1,19094,34294317,-764746333,-1,999,-1,5445124887,2018-05-31 00:06:30,749
0,31-MAY-18,-1,631,33588767,-765111150,-1,999,-1,5445124888,2018-05-31 00:06:30,828
0,31-MAY-18,-1,4198,33589083,-765114567,-1,999,-1,5445124883,2018-05-31 00:06:30,856
0,31-MAY-18,513316,-1,34907200,-764916800,215,553,615,5445124890,2018-05-31 00:06:30,899
0,31-MAY-18,514069,36,34322000,-764785683,622,3441,501,5445124885,2018-05-31 00:06:30,970
0,31-MAY-18,-1,6982,34966900,-765044667,-1,999,-1,5445124906,2018-05-31 00:06:31,1076
0,31-MAY-18,-1,-1,34300467,-764748250,-1,-1,-1,5445124901,2018-05-31 00:06:31,1095
0,31-MAY-18,-1,5,33586133,-765109683,-1,-1,-1,5445124905,2018-05-31 00:06:31,116
0,31-MAY-18,513316,-1,34964733,-765058683,471,553,9998,5445124902,2018-05-31 00:06:31,1213
0,31-MAY-18,511352,-1,33743367,-765547850,160,3122,9943,5445124897,2018-05-31 00:06:31,124
0,31-MAY-18,514450,29,34627233,-764838267,1087,3452,362,5445124894,2018-05-31 00:06:31,1263
0,31-MAY-18,514232,10,34118883,-764720633,455,347,743,5445124899,2018-05-31 00:06:31,226
0,31-MAY-18,514232,41,34118883,-764720633,455,347,743,5445124898,2018-05-31 00:06:31,226
0,31-MAY-18,514232,41,34120050,-764719933,455,347,743,5445124896,2018-05-31 00:06:31,226
0,31-MAY-18,500164,285,34439100,-764820217,904,3411,356,5445124895,2018-05-31 00:06:31,250
0,31-MAY-18,-1,-1,34968917,-765038800,-1,-1,-1,5445124904,2018-05-31 00:06:31,810
0,31-MAY-18,511204,-1,34151483,-765481683,611,3191,9892,5445124903,2018-05-31 00:06:31,900
0,31-MAY-18,-1,115,34047650,-764759367,-1,999,-1,5445124900,2018-05-31 00:06:31,926
0,31-MAY-18,500101,12510,34294200,-764750550,-1,999,-1,5445124913,2018-05-31 00:06:32,1005
0,31-MAY-18,-1,111,34298067,-764753050,-1,999,-1,5445124916,2018-05-31 00:06:32,1103
0,31-MAY-18,511274,2093,33769250,-765251467,373,2211,9861,5445124908,2018-05-31 00:06:32,1139
0,31-MAY-18,514232,10,34117733,-764721317,455,347,743,5445124911,2018-05-31 00:06:32,226
0,31-MAY-18,514232,10,34117733,-764721317,455,347,743,5445124912,2018-05-31 00:06:32,226
0,31-MAY-18,-1,15687,33590883,-765118883,-1,-1,-1,5445124910,2018-05-31 00:06:32,314
0,31-MAY-18,-1,-1,34301767,-764746533,-1,-1,-1,5445124909,2018-05-31 00:06:32,760
0,31-MAY-18,-1,594,34299517,-764746300,-1,999,-1,5445124907,2018-05-31 00:06:32,797
0,31-MAY-18,-1,-1,34968350,-765038083,-1,-1,-1,5445124917,2018-05-31 00:06:32,8
0,31-MAY-18,-1,-1,34040100,-764764383,-1,999,-1,5445124915,2018-05-31 00:06:32,910
0,31-MAY-18,-1,-1,34042600,-764762400,-1,-1,-1,5445124914,2018-05-31 00:06:32,935
0,31-MAY-18,-1,-1,34974517,-765023650,-1,-1,-1,5445124920,2018-05-31 00:06:33,1070
0,31-MAY-18,519041,4446,34781483,-765175867,259,305,9992,5445124921,2018-05-31 00:06:33,1189
0,31-MAY-18,514232,10,34116550,-764722033,455,347,743,5445124918,2018-05-31 00:06:33,226
0,31-MAY-18,-1,-1,34038250,-764753633,-1,-1,-1,5445124922,2018-05-31 00:06:33,288
0,31-MAY-18,511274,4654,33576633,-765238083,702,2211,9874,5445124923,2018-05-31 00:06:33,312
0,31-MAY-18,-1,1691,34299833,-764755000,-1,999,-1,5445124924,2018-05-31 00:06:33,761
0,31-MAY-18,-1,230,34288633,-764746850,-1,999,-1,5445124919,2018-05-31 00:06:33,953
0,31-MAY-18,-1,-1,34957850,-765047517,-1,-1,-1,5445124928,2018-05-31 00:06:34,1074
0,31-MAY-18,513040,28,34830350,-765016017,511,2121,1884,5445124933,2018-05-31 00:06:34,1078
0,31-MAY-18,511268,-1,33823817,-765162567,228,3131,305,5445124925,2018-05-31 00:06:34,1130
0,31-MAY-18,-1,-1,33616633,-765138633,-1,-1,-1,5445124929,2018-05-31 00:06:34,126
0,31-MAY-18,-1,3493,34958450,-765054350,-1,999,-1,5445124935,2018-05-31 00:06:34,145
0,31-MAY-18,514361,-1,34251533,-764695133,96,3442,9865,5445124930,2018-05-31 00:06:34,263
0,31-MAY-18,-1,403,33586483,-765110900,-1,999,-1,5445124932,2018-05-31 00:06:34,65
0,31-MAY-18,-1,-1,34289867,-764745017,-1,-1,-1,5445124937,2018-05-31 00:06:34,705
0,31-MAY-18,-1,15116,34300683,-764754833,-1,999,-1,5445124926,2018-05-31 00:06:34,774
0,31-MAY-18,-1,1182,34300650,-764747667,-1,999,-1,5445124927,2018-05-31 00:06:34,785
0,31-MAY-18,-1,-1,33587133,-765115467,-1,-1,-1,5445124936,2018-05-31 00:06:34,81
0,31-MAY-18,-1,-1,33604400,-765119483,-1,-1,-1,5445124934,2018-05-31 00:06:34,832
0,31-MAY-18,-1,-1,34300100,-764748067,-1,-1,-1,5445124931,2018-05-31 00:06:34,984
0,31-MAY-18,-1,3745,33587650,-765111217,-1,999,-1,5445124947,2018-05-31 00:06:35,1008
0,31-MAY-18,-1,2071,34964300,-765055400,-1,999,-1,5445124952,2018-05-31 00:06:35,1068
0,31-MAY-18,-1,-1,33584700,-765113233,-1,-1,-1,5445124943,2018-05-31 00:06:35,1159
0,31-MAY-18,514450,29,34623667,-764837283,1087,3452,362,5445124946,2018-05-31 00:06:35,1263
0,31-MAY-18,-1,1489,34959850,-765043533,-1,999,-1,5445124950,2018-05-31 00:06:35,190
0,31-MAY-18,-1,-1,34963267,-765040167,-1,-1,-1,5445124949,2018-05-31 00:06:35,192
0,31-MAY-18,-1,13574,34954633,-765050100,-1,999,-1,5445124948,2018-05-31 00:06:35,203
0,31-MAY-18,500168,-1,34432583,-764819900,1167,3441,9949,5445124951,2018-05-31 00:06:35,260
0,31-MAY-18,514367,269,34383217,-764841833,53,3442,645,5445124954,2018-05-31 00:06:35,274
0,31-MAY-18,-1,-1,34293450,-764740300,-1,-1,-1,5445124944,2018-05-31 00:06:35,740
0,31-MAY-18,-1,598,34301200,-764746017,-1,999,-1,5445124939,2018-05-31 00:06:35,747
0,31-MAY-18,-1,-1,34288350,-764737733,-1,-1,-1,5445124941,2018-05-31 00:06:35,754
0,31-MAY-18,-1,-1,34296433,-764746650,-1,999,-1,5445124940,2018-05-31 00:06:35,966
0,31-MAY-18,514279,23,34136850,-764712717,618,2841,302,5445124945,2018-05-31 00:06:35,968
0,31-MAY-18,514279,23,34137183,-764713100,618,2841,302,5445124938,2018-05-31 00:06:35,968
0,31-MAY-18,-1,202,33594383,-765113500,-1,999,-1,5445124942,2018-05-31 00:06:35,992
0,31-MAY-18,-1,-1,33588950,-765119383,-1,-1,-1,5445124953,2018-05-31 00:06:35,994
0,31-MAY-18,-1,719,33589350,-765114050,-1,999,-1,5445124959,2018-05-31 00:06:36,1033
0,31-MAY-18,500153,7852,34293850,-764745217,-1,999,-1,5445124955,2018-05-31 00:06:36,1109
0,31-MAY-18,-1,1963,33586650,-765113467,-1,999,-1,5445124960,2018-05-31 00:06:36,1220
0,31-MAY-18,500110,-1,34897967,-765080183,754,322,9996,5445124961,2018-05-31 00:06:36,200
0,31-MAY-18,514195,2006,34191883,-764678050,733,355,9992,5445124957,2018-05-31 00:06:36,700
0,31-MAY-18,-1,-1,-1,-1,-1,999,-1,5445124962,2018-05-31 00:06:36,725
0,31-MAY-18,514044,270,34252817,-764633700,790,2841,300,5445124956,2018-05-31 00:06:36,789
0,31-MAY-18,-1,22523,33591217,-765114167,-1,999,-1,5445124958,2018-05-31 00:06:36,991
0,31-MAY-18,511162,263,33613500,-765242050,986,3171,261,5445124971,2018-05-31 00:06:37,1006
0,31-MAY-18,513040,28,34831183,-765017333,511,2121,1884,5445124972,2018-05-31 00:06:37,1078
0,31-MAY-18,-1,-1,33551400,-765075717,-1,-1,-1,5445124967,2018-05-31 00:06:37,1128
0,31-MAY-18,-1,7339,34629383,-765269767,-1,999,-1,5445124964,2018-05-31 00:06:37,1202
0,31-MAY-18,513001,3296,34869000,-764978700,79,336,9998,5445124965,2018-05-31 00:06:37,1211
0,31-MAY-18,514232,191,34111600,-764725017,455,347,743,5445124966,2018-05-31 00:06:37,226
0,31-MAY-18,514405,195,34041550,-764763300,560,347,9998,5445124968,2018-05-31 00:06:37,240
0,31-MAY-18,-1,17935,34959700,-765053733,-1,999,-1,5445124969,2018-05-31 00:06:37,888
0,31-MAY-18,-1,-1,34183817,-765482383,-1,-1,-1,5445124963,2018-05-31 00:06:37,951
0,31-MAY-18,-1,168,34293350,-764749300,-1,999,-1,5445124970,2018-05-31 00:06:37,977
0,31-MAY-18,-1,110,34294300,-764749967,-1,999,-1,5445124977,2018-05-31 00:06:38,1112
0,31-MAY-18,513042,3,34971817,-764931850,393,333,317,5445124974,2018-05-31 00:06:38,1210
0,31-MAY-18,-1,14,34038667,-764765217,188,1472,9759,5445124978,2018-05-31 00:06:38,219
0,31-MAY-18,-1,5205,33609217,-765121917,-1,999,-1,5445124976,2018-05-31 00:06:38,439
0,31-MAY-18,-1,-1,34303783,-764748133,-1,-1,-1,5445124975,2018-05-31 00:06:38,757
0,31-MAY-18,-1,-1,33585533,-765111517,-1,999,-1,5445124973,2018-05-31 00:06:38,855
0,31-MAY-18,511268,35,33828967,-765162533,228,3131,305,5445124982,2018-05-31 00:06:39,1130
0,31-MAY-18,511059,10635,33895917,-765241133,580,3192,9996,5445124985,2018-05-31 00:06:39,281
0,31-MAY-18,-1,-1,33586283,-765112383,-1,-1,-1,5445124979,2018-05-31 00:06:39,30
0,31-MAY-18,514045,3,34255800,-764633367,790,2841,300,5445124981,2018-05-31 00:06:39,789
0,31-MAY-18,-1,-1,34955200,-765050633,-1,999,-1,5445124980,2018-05-31 00:06:39,817
0,31-MAY-18,504016,10484,34181967,-765362100,497,131,9921,5445124984,2018-05-31 00:06:39,837
0,31-MAY-18,500104,12425,34300267,-764754567,-1,999,-1,5445124983,2018-05-31 00:06:39,960
0,31-MAY-18,-1,-1,34969750,-765037367,-1,-1,-1,5445124993,2018-05-31 00:06:40,1026
0,31-MAY-18,511441,-1,33594650,-765119533,657,3124,9881,5445124988,2018-05-31 00:06:40,103
0,31-MAY-18,-1,-1,33603533,-765122233,-1,-1,-1,5445124992,2018-05-31 00:06:40,1120
0,31-MAY-18,-1,5462,33587083,-765110683,-1,999,-1,5445124987,2018-05-31 00:06:40,1154
0,31-MAY-18,504006,-1,34930400,-765090717,649,334,9998,5445124989,2018-05-31 00:06:40,1212
0,31-MAY-18,514400,3,34380983,-764841783,53,3442,645,5445124996,2018-05-31 00:06:40,274
0,31-MAY-18,502302,2824,33457333,-765241450,154,3141,9984,5445124990,2018-05-31 00:06:40,32
0,31-MAY-18,-1,-1,34302967,-764754200,-1,999,-1,5445124994,2018-05-31 00:06:40,765
0,31-MAY-18,-1,1336,34041350,-764758900,-1,999,-1,5445124986,2018-05-31 00:06:40,932
0,31-MAY-18,-1,5814,34034967,-764759033,-1,999,-1,5445124995,2018-05-31 00:06:40,936
0,31-MAY-18,511033,1997,33578083,-765237917,641,3133,9855,5445124991,2018-05-31 00:06:40,95
0,31-MAY-18,500165,3557,34290450,-764747383,-1,999,-1,5445125001,2018-05-31 00:06:41,1045
0,31-MAY-18,503012,224,34259467,-765012917,861,2842,433,5445125009,2018-05-31 00:06:41,1096
0,31-MAY-18,-1,12312,33587717,-765120717,-1,999,-1,5445124998,2018-05-31 00:06:41,1138
0,31-MAY-18,-1,-1,-1,-1,-1,-1,-1,5445125002,2018-05-31 00:06:41,151
0,31-MAY-18,-1,-1,33590433,-765117533,-1,-1,-1,5445124999,2018-05-31 00:06:41,18
0,31-MAY-18,514233,22,34110317,-764725733,455,347,743,5445125005,2018-05-31 00:06:41,226
0,31-MAY-18,-1,-1,34045033,-764757883,-1,-1,-1,5445125010,2018-05-31 00:06:41,238
0,31-MAY-18,-1,161,34294033,-764751083,-1,999,-1,5445124997,2018-05-31 00:06:41,302
0,31-MAY-18,-1,-1,34289467,-764738533,-1,999,-1,5445125007,2018-05-31 00:06:41,34
0,31-MAY-18,-1,132,34292300,-764749267,-1,999,-1,5445125006,2018-05-31 00:06:41,717
0,31-MAY-18,511276,-1,33847117,-765250033,555,2121,2178,5445125004,2018-05-31 00:06:41,844
0,31-MAY-18,-1,-1,34035500,-764762183,-1,999,-1,5445125008,2018-05-31 00:06:41,924
0,31-MAY-18,502313,-1,33667417,-765282417,598,3172,192,5445125000,2018-05-31 00:06:41,94
0,31-MAY-18,514069,91,34311467,-764782083,622,3441,501,5445125003,2018-05-31 00:06:41,970
0,31-MAY-18,-1,-1,34975133,-765022317,-1,-1,-1,5445125018,2018-05-31 00:06:42,1029
0,31-MAY-18,513041,1599,34905017,-765095417,110,321,9893,5445125016,2018-05-31 00:06:42,1067
0,31-MAY-18,511268,35,33828967,-765162533,228,3131,305,5445125014,2018-05-31 00:06:42,1130
0,31-MAY-18,-1,-1,34978033,-765020967,-1,-1,-1,5445125011,2018-05-31 00:06:42,1208
0,31-MAY-18,-1,-1,34975183,-765022667,-1,-1,-1,5445125015,2018-05-31 00:06:42,177
0,31-MAY-18,-1,5718,33414183,-765243250,-1,999,-1,5445125017,2018-05-31 00:06:42,199
0,31-MAY-18,-1,1691,34032517,-764764300,-1,999,-1,5445125012,2018-05-31 00:06:42,258
0,31-MAY-18,514279,3,34133433,-764712083,618,2841,302,5445125013,2018-05-31 00:06:42,968
0,31-MAY-18,-1,2871,34953217,-765054350,-1,999,-1,5445125022,2018-05-31 00:06:43,1075
0,31-MAY-18,-1,430,34294900,-764751750,-1,999,-1,5445125019,2018-05-31 00:06:43,1155
0,31-MAY-18,-1,253,34961400,-765053250,-1,999,-1,5445125028,2018-05-31 00:06:43,1178
0,31-MAY-18,-1,1865,34956117,-765048367,-1,999,-1,5445125029,2018-05-31 00:06:43,1192
0,31-MAY-18,-1,-1,33616583,-765097300,-1,-1,-1,5445125026,2018-05-31 00:06:43,19
0,31-MAY-18,-1,613,34297967,-764744883,-1,999,-1,5445125024,2018-05-31 00:06:43,743
0,31-MAY-18,502304,14239,34289133,-764747500,-1,999,-1,5445125027,2018-05-31 00:06:43,746
0,31-MAY-18,-1,-1,33593067,-765118333,-1,999,-1,5445125025,2018-05-31 00:06:43,866
0,31-MAY-18,-1,10127,34970583,-765035983,-1,999,-1,5445125023,2018-05-31 00:06:43,889
0,31-MAY-18,515190,3057,34047717,-764757150,105,353,9904,5445125020,2018-05-31 00:06:43,949
0,31-MAY-18,514279,3,34132767,-764712333,618,2841,302,5445125021,2018-05-31 00:06:43,968
0,31-MAY-18,-1,4146,34039917,-764760383,-1,999,-1,5445125036,2018-05-31 00:06:44,11
0,31-MAY-18,500110,32,34897217,-765076600,754,322,9996,5445125031,2018-05-31 00:06:44,200
0,31-MAY-18,514204,16,34104033,-764729233,455,347,743,5445125034,2018-05-31 00:06:44,226
0,31-MAY-18,514204,50,34102900,-764729833,455,347,743,5445125035,2018-05-31 00:06:44,226
0,31-MAY-18,-1,874,-1,-1,-1,999,-1,5445125030,2018-05-31 00:06:44,304
0,31-MAY-18,-1,323,33589050,-765111717,-1,999,-1,5445125039,2018-05-31 00:06:44,51
0,31-MAY-18,-1,-1,34302100,-764746883,-1,-1,-1,5445125038,2018-05-31 00:06:44,772
0,31-MAY-18,-1,-1,34970700,-765035667,-1,-1,-1,5445125037,2018-05-31 00:06:44,805
0,31-MAY-18,-1,-1,33593683,-765116667,-1,-1,-1,5445125032,2018-05-31 00:06:44,836
0,31-MAY-18,511276,31,33845133,-765249950,555,2121,2178,5445125033,2018-05-31 00:06:44,844
0,31-MAY-18,511046,-1,33509650,-765237800,842,3141,587,5445125044,2018-05-31 00:06:45,1009
0,31-MAY-18,-1,216,34292417,-764748433,-1,999,-1,5445125047,2018-05-31 00:06:45,1111
0,31-MAY-18,513237,302,34890333,-764851050,896,3351,529,5445125045,2018-05-31 00:06:45,202
0,31-MAY-18,513238,-1,34890333,-764851050,896,3351,529,5445125040,2018-05-31 00:06:45,202
0,31-MAY-18,-1,3312,34591867,-765299417,729,302,9982,5445125041,2018-05-31 00:06:45,210
0,31-MAY-18,-1,8908,33591550,-765114667,-1,999,-1,5445125049,2018-05-31 00:06:45,299
0,31-MAY-18,-1,-1,34971350,-765028933,-1,-1,-1,5445125046,2018-05-31 00:06:45,303
0,31-MAY-18,-1,177,33580300,-765120583,-1,999,-1,5445125051,2018-05-31 00:06:45,54
0,31-MAY-18,-1,-1,33599683,-765117250,-1,-1,-1,5445125043,2018-05-31 00:06:45,68
0,31-MAY-18,-1,638,33591867,-765112067,-1,999,-1,5445125048,2018-05-31 00:06:45,829
0,31-MAY-18,-1,5827,33594367,-765120750,-1,999,-1,5445125042,2018-05-31 00:06:45,88
0,31-MAY-18,-1,-1,34035233,-764758883,-1,-1,-1,5445125050,2018-05-31 00:06:45,929
0,31-MAY-18,-1,330,33593900,-765115167,-1,999,-1,5445125061,2018-05-31 00:06:46,1007
0,31-MAY-18,-1,-1,33591883,-765113333,-1,-1,-1,5445125060,2018-05-31 00:06:46,1124
0,31-MAY-18,-1,-1,34953083,-765048467,-1,-1,-1,5445125055,2018-05-31 00:06:46,1180
0,31-MAY-18,514233,12,34100733,-764731000,455,347,743,5445125057,2018-05-31 00:06:46,226
0,31-MAY-18,-1,1298,34295350,-764750833,-1,999,-1,5445125053,2018-05-31 00:06:46,771
0,31-MAY-18,514045,34,34258900,-764633033,790,2841,300,5445125054,2018-05-31 00:06:46,789
0,31-MAY-18,-1,-1,34970100,-765037033,-1,-1,-1,5445125058,2018-05-31 00:06:46,893
0,31-MAY-18,-1,-1,34300917,-764748600,-1,-1,-1,5445125059,2018-05-31 00:06:46,962
0,31-MAY-18,-1,1,33593433,-765118950,-1,999,-1,5445125052,2018-05-31 00:06:46,98
0,31-MAY-18,-1,612,34304133,-764750100,-1,999,-1,5445125056,2018-05-31 00:06:46,983
0,31-MAY-18,-1,6473,34288833,-764738000,-1,999,-1,5445125066,2018-05-31 00:06:47,1011
0,31-MAY-18,-1,8313,34953333,-765053883,-1,999,-1,5445125064,2018-05-31 00:06:47,1190
0,31-MAY-18,513185,-1,34892567,-765055983,625,332,9996,5445125071,2018-05-31 00:06:47,193
0,31-MAY-18,519192,-1,34684800,-765230283,937,306,9982,5445125069,2018-05-31 00:06:47,198
0,31-MAY-18,-1,40,33594500,-765116667,-1,999,-1,5445125065,2018-05-31 00:06:47,24
0,31-MAY-18,-1,-1,33587000,-765111467,-1,999,-1,5445125067,2018-05-31 00:06:47,26
0,31-MAY-18,-1,-1,33605850,-765121950,-1,-1,-1,5445125068,2018-05-31 00:06:47,632
0,31-MAY-18,515054,6990,34302250,-764748983,999,2524,728,5445125062,2018-05-31 00:06:47,792
0,31-MAY-18,-1,-1,34970417,-765036667,-1,-1,-1,5445125070,2018-05-31 00:06:47,813
0,31-MAY-18,514405,769,34036800,-764765700,-1,999,-1,5445125063,2018-05-31 00:06:47,937
0,31-MAY-18,-1,-1,34963717,-765037767,-1,-1,-1,5445125079,2018-05-31 00:06:48,1061
0,31-MAY-18,-1,506,34303367,-764749467,-1,999,-1,5445125078,2018-05-31 00:06:48,1115
0,31-MAY-18,-1,5762,33593800,-765119300,-1,999,-1,5445125080,2018-05-31 00:06:48,1129
0,31-MAY-18,513042,32,34966883,-764935000,393,333,317,5445125072,2018-05-31 00:06:48,1210
0,31-MAY-18,-1,-1,33587367,-765113233,314,3133,9886,5445125073,2018-05-31 00:06:48,123
0,31-MAY-18,-1,-1,33592517,-765118200,-1,999,-1,5445125074,2018-05-31 00:06:48,1233
0,31-MAY-18,514270,2038,34047300,-764758617,869,3411,725,5445125082,2018-05-31 00:06:48,253
0,31-MAY-18,-1,398,33595300,-765118017,-1,999,-1,5445125081,2018-05-31 00:06:48,382
0,31-MAY-18,-1,2758,33592750,-765114833,-1,999,-1,5445125077,2018-05-31 00:06:48,42
0,31-MAY-18,-1,-1,33606550,-765123117,-1,-1,-1,5445125075,2018-05-31 00:06:48,56
0,31-MAY-18,-1,-1,33696817,-765346683,-1,999,-1,5445125076,2018-05-31 00:06:48,873
0,31-MAY-18,511046,32,33508767,-765235133,842,3141,587,5445125084,2018-05-31 00:06:49,1009
0,31-MAY-18,-1,507,34300667,-764748817,-1,999,-1,5445125089,2018-05-31 00:06:49,1113
0,31-MAY-18,-1,451,34966233,-765034150,-1,999,-1,5445125088,2018-05-31 00:06:49,1185
0,31-MAY-18,511352,10901,33587533,-765117433,276,3122,9931,5445125087,2018-05-31 00:06:49,121
0,31-MAY-18,-1,-1,34278250,-764994633,-1,-1,-1,5445125083,2018-05-31 00:06:49,251
0,31-MAY-18,514400,33,34376483,-764841683,53,3442,645,5445125092,2018-05-31 00:06:49,274
0,31-MAY-18,-1,-1,34303017,-764749317,-1,999,-1,5445125085,2018-05-31 00:06:49,744
0,31-MAY-18,-1,-1,34302450,-764746983,-1,-1,-1,5445125090,2018-05-31 00:06:49,759
0,31-MAY-18,-1,-1,34969117,-765038567,-1,-1,-1,5445125086,2018-05-31 00:06:49,815
0,31-MAY-18,-1,-1,34043233,-764761283,-1,-1,-1,5445125091,2018-05-31 00:06:49,919
0,31-MAY-18,-1,-1,33591267,-765113267,-1,-1,-1,5445125093,2018-05-31 00:06:50,1048
0,31-MAY-18,-1,12489,34303600,-764754300,-1,999,-1,5445125097,2018-05-31 00:06:50,1094
0,31-MAY-18,-1,46,34964433,-765055533,-1,999,-1,5445125099,2018-05-31 00:06:50,1179
0,31-MAY-18,500108,-1,34895567,-765074250,337,552,9999,5445125094,2018-05-31 00:06:50,181
0,31-MAY-18,-1,-1,33590633,-765112217,-1,-1,-1,5445125096,2018-05-31 00:06:50,44
0,31-MAY-18,513251,582,34892433,-765055517,545,2121,1882,5445125098,2018-05-31 00:06:50,53
0,31-MAY-18,517076,13429,34263850,-764770733,561,373,9986,5445125095,2018-05-31 00:06:50,764
0,31-MAY-18,-1,143,34294700,-764750900,-1,999,-1,5445125100,2018-05-31 00:06:50,775
0,31-MAY-18,-1,3926,34290433,-764749000,-1,999,-1,5445125110,2018-05-31 00:06:51,1093
0,31-MAY-18,-1,-1,34291600,-764748100,-1,999,-1,5445125109,2018-05-31 00:06:51,1108
0,31-MAY-18,-1,-1,33591517,-765120933,-1,999,-1,5445125107,2018-05-31 00:06:51,1161
0,31-MAY-18,-1,-1,34972833,-765005750,-1,999,-1,5445125102,2018-05-31 00:06:51,1197
0,31-MAY-18,500108,-1,34896200,-765073867,337,552,9999,5445125101,2018-05-31 00:06:51,181
0,31-MAY-18,517076,7851,34594050,-765296450,614,373,9980,5445125103,2018-05-31 00:06:51,186
0,31-MAY-18,515190,-1,34143350,-764724117,606,353,9952,5445125108,2018-05-31 00:06:51,272
0,31-MAY-18,-1,-1,34037417,-764754333,-1,-1,-1,5445125105,2018-05-31 00:06:51,289
0,31-MAY-18,501850,14066,34292983,-764750367,-1,999,-1,5445125104,2018-05-31 00:06:51,45
0,31-MAY-18,-1,-1,34305350,-764753000,-1,999,-1,5445125106,2018-05-31 00:06:51,959
0,31-MAY-18,-1,6278,33576500,-765119750,-1,999,-1,5445125114,2018-05-31 00:06:52,1046
0,31-MAY-18,-1,897,34290150,-764748333,-1,999,-1,5445125116,2018-05-31 00:06:52,1110
0,31-MAY-18,502302,2656,33445533,-765242967,1045,3141,586,5445125118,2018-05-31 00:06:52,1145
0,31-MAY-18,511080,-1,33830483,-765768350,116,3192,227,5445125111,2018-05-31 00:06:52,119
0,31-MAY-18,-1,-1,34045817,-764760950,-1,999,-1,5445125115,2018-05-31 00:06:52,618
0,31-MAY-18,-1,-1,34040750,-764756467,-1,-1,-1,5445125119,2018-05-31 00:06:52,624
0,31-MAY-18,-1,-1,34301417,-764747767,-1,-1,-1,5445125113,2018-05-31 00:06:52,802
0,31-MAY-18,-1,-1,33591233,-765112150,-1,-1,-1,5445125117,2018-05-31 00:06:52,823
0,31-MAY-18,-1,-1,33597767,-765119500,-1,-1,-1,5445125112,2018-05-31 00:06:52,83
0,31-MAY-18,512186,131,34890583,-765087200,799,323,228,5445125128,2018-05-31 00:06:53,1214
0,31-MAY-18,-1,-1,33592550,-765117700,-1,-1,-1,5445125123,2018-05-31 00:06:53,1217
0,31-MAY-18,-1,423,34956700,-765049017,-1,999,-1,5445125120,2018-05-31 00:06:53,166
0,31-MAY-18,-1,5631,34964433,-765037067,-1,999,-1,5445125121,2018-05-31 00:06:53,213
0,31-MAY-18,514233,36,34097483,-764733233,455,347,743,5445125125,2018-05-31 00:06:53,226
0,31-MAY-18,-1,-1,34034917,-764762000,-1,-1,-1,5445125126,2018-05-31 00:06:53,259
0,31-MAY-18,-1,273,33586517,-765120517,-1,999,-1,5445125129,2018-05-31 00:06:53,27
0,31-MAY-18,-1,342,34961917,-765040667,-1,999,-1,5445125127,2018-05-31 00:06:53,300
0,31-MAY-18,-1,253,33594667,-765115367,-1,999,-1,5445125122,2018-05-31 00:06:53,37
0,31-MAY-18,-1,-1,33609050,-765121700,-1,-1,-1,5445125124,2018-05-31 00:06:53,848
0,31-MAY-18,-1,-1,34965017,-765035567,-1,-1,-1,5445125131,2018-05-31 00:06:54,1201
0,31-MAY-18,-1,-1,34035633,-764761483,-1,-1,-1,5445125137,2018-05-31 00:06:54,221
0,31-MAY-18,514233,81,34094650,-764735533,455,347,743,5445125132,2018-05-31 00:06:54,226
0,31-MAY-18,-1,3352,34963183,-765037050,-1,999,-1,5445125135,2018-05-31 00:06:54,307
0,31-MAY-18,-1,-1,33590033,-765113050,-1,-1,-1,5445125130,2018-05-31 00:06:54,67
0,31-MAY-18,-1,-1,33608200,-765121417,-1,999,-1,5445125134,2018-05-31 00:06:54,71
0,31-MAY-18,-1,616,34300200,-764747033,-1,999,-1,5445125133,2018-05-31 00:06:54,745
0,31-MAY-18,-1,113,34294900,-764751500,-1,999,-1,5445125138,2018-05-31 00:06:54,767
0,31-MAY-18,-1,-1,34969483,-765038150,-1,-1,-1,5445125139,2018-05-31 00:06:54,894
0,31-MAY-18,-1,13,34046217,-764758333,874,3411,9990,5445125136,2018-05-31 00:06:54,928
0,31-MAY-18,-1,113,33590450,-765114467,-1,999,-1,5445125149,2018-05-31 00:06:55,1049
0,31-MAY-18,-1,134,33837683,-765162433,228,3131,305,5445125142,2018-05-31 00:06:55,1130
0,31-MAY-18,-1,46,34964433,-765055567,-1,999,-1,5445125148,2018-05-31 00:06:55,1179
0,31-MAY-18,-1,-1,34974150,-765024433,-1,-1,-1,5445125151,2018-05-31 00:06:55,163
0,31-MAY-18,519281,10398,34963350,-765038100,-1,999,-1,5445125147,2018-05-31 00:06:55,188
0,31-MAY-18,514204,8,34093667,-764735750,455,347,743,5445125143,2018-05-31 00:06:55,226
0,31-MAY-18,-1,-1,34035283,-764758783,-1,-1,-1,5445125150,2018-05-31 00:06:55,241
0,31-MAY-18,-1,-1,34047600,-764756350,-1,999,-1,5445125146,2018-05-31 00:06:55,269
0,31-MAY-18,-1,6111,33591383,-765121150,-1,999,-1,5445125141,2018-05-31 00:06:55,850
0,31-MAY-18,-1,7757,33590233,-765111783,-1,999,-1,5445125140,2018-05-31 00:06:55,863
0,31-MAY-18,-1,-1,34046783,-764753383,-1,-1,-1,5445125145,2018-05-31 00:06:55,944
0,31-MAY-18,-1,-1,34048017,-764751000,-1,-1,-1,5445125144,2018-05-31 00:06:55,944
0,31-MAY-18,-1,-1,33585917,-765110350,401,3121,9831,5445125153,2018-05-31 00:06:56,104
0,31-MAY-18,513106,1457,34747783,-764870250,436,3372,9994,5445125161,2018-05-31 00:06:56,1193
0,31-MAY-18,-1,3492,33594517,-765114683,-1,999,-1,5445125159,2018-05-31 00:06:56,128
0,31-MAY-18,514204,40,34092683,-764735917,455,347,743,5445125156,2018-05-31 00:06:56,226
0,31-MAY-18,-1,-1,34970883,-765030083,-1,-1,-1,5445125152,2018-05-31 00:06:56,293
0,31-MAY-18,-1,-1,33599100,-765121783,-1,-1,-1,5445125154,2018-05-31 00:06:56,402
0,31-MAY-18,-1,-1,33600817,-765117783,-1,-1,-1,5445125157,2018-05-31 00:06:56,437
0,31-MAY-18,-1,-1,34970217,-765031367,-1,-1,-1,5445125160,2018-05-31 00:06:56,637
0,31-MAY-18,511443,-1,33706033,-765553100,12,3124,239,5445125158,2018-05-31 00:06:56,876
0,31-MAY-18,-1,-1,-1,-1,-1,-1,-1,5445125155,2018-05-31 00:06:56,974
0,31-MAY-18,-1,-1,34975267,-765021917,-1,-1,-1,5445125162,2018-05-31 00:06:57,1072
0,31-MAY-18,-1,-1,34959517,-765044950,-1,999,-1,5445125168,2018-05-31 00:06:57,1203
0,31-MAY-18,-1,-1,33584617,-765110267,-1,-1,-1,5445125170,2018-05-31 00:06:57,130
0,31-MAY-18,513238,31,34885717,-764849683,896,3351,529,5445125163,2018-05-31 00:06:57,202
0,31-MAY-18,514204,40,34091683,-764736200,455,347,743,5445125165,2018-05-31 00:06:57,226
0,31-MAY-18,-1,-1,34041033,-764756433,-1,-1,-1,5445125172,2018-05-31 00:06:57,239
0,31-MAY-18,501703,12675,-1,-1,-1,-1,-1,5445125173,2018-05-31 00:06:57,706
0,31-MAY-18,-1,-1,34304567,-764750367,-1,999,-1,5445125166,2018-05-31 00:06:57,709
0,31-MAY-18,-1,-1,33603717,-765122333,-1,-1,-1,5445125171,2018-05-31 00:06:57,835
0,31-MAY-18,-1,-1,34969833,-765031933,-1,-1,-1,5445125167,2018-05-31 00:06:57,878
0,31-MAY-18,514232,8,34120100,-764719683,618,2841,302,5445125164,2018-05-31 00:06:57,968
0,31-MAY-18,-1,43,34301417,-764754533,-1,999,-1,5445125169,2018-05-31 00:06:57,975
0,31-MAY-18,-1,1863,34974483,-765009283,-1,999,-1,5445125180,2018-05-31 00:06:58,1071
0,31-MAY-18,-1,161,34293500,-764749950,-1,999,-1,5445125178,2018-05-31 00:06:58,1107
0,31-MAY-18,-1,367,34959400,-765043567,-1,999,-1,5445125182,2018-05-31 00:06:58,1172
0,31-MAY-18,-1,-1,34961950,-765053300,-1,999,-1,5445125181,2018-05-31 00:06:58,180
0,31-MAY-18,-1,-1,33600517,-765122050,-1,-1,-1,5445125175,2018-05-31 00:06:58,23
0,31-MAY-18,-1,5418,34866983,-764970533,176,1571,9949,5445125176,2018-05-31 00:06:58,653
0,31-MAY-18,-1,19094,34294367,-764746283,-1,999,-1,5445125174,2018-05-31 00:06:58,749
0,31-MAY-18,-1,2247,34301117,-764747667,-1,999,-1,5445125177,2018-05-31 00:06:58,788
0,31-MAY-18,-1,-1,34034433,-764762417,-1,999,-1,5445125179,2018-05-31 00:06:58,940
0,31-MAY-18,-1,-1,34953750,-765053233,-1,-1,-1,5445125193,2018-05-31 00:06:59,1032
0,31-MAY-18,511268,185,33842800,-765162267,228,3131,305,5445125186,2018-05-31 00:06:59,1130
0,31-MAY-18,-1,236,33587817,-765114700,-1,999,-1,5445125190,2018-05-31 00:06:59,1135
0,31-MAY-18,-1,359,33593417,-765120583,-1,999,-1,5445125189,2018-05-31 00:06:59,125
0,31-MAY-18,-1,126,34034750,-764763767,423,1571,9885,5445125187,2018-05-31 00:06:59,216
0,31-MAY-18,-1,1953,34056417,-764752117,-1,999,-1,5445125192,2018-05-31 00:06:59,227
0,31-MAY-18,-1,5,34035417,-764763217,115,150,9948,5445125185,2018-05-31 00:06:59,551
0,31-MAY-18,-1,-1,33601517,-765122100,-1,-1,-1,5445125191,2018-05-31 00:06:59,626
0,31-MAY-18,-1,-1,34970883,-765034950,-1,-1,-1,5445125188,2018-05-31 00:06:59,809
0,31-MAY-18,-1,631,33588733,-765111167,-1,999,-1,5445125184,2018-05-31 00:06:59,828
0,31-MAY-18,-1,4198,33589100,-765114533,-1,999,-1,5445125183,2018-05-31 00:06:59,856
0,31-MAY-18,-1,6982,34966850,-765044550,-1,999,-1,5445125199,2018-05-31 00:07:00,1076
0,31-MAY-18,-1,5,33586133,-765109667,-1,-1,-1,5445125197,2018-05-31 00:07:00,116
0,31-MAY-18,500164,285,34438867,-764819433,904,3411,356,5445125196,2018-05-31 00:07:00,250
0,31-MAY-18,-1,499,34034600,-764761817,707,142,9964,5445125195,2018-05-31 00:07:00,616
0,31-MAY-18,-1,594,34299500,-764746300,-1,999,-1,5445125194,2018-05-31 00:07:00,797
0,31-MAY-18,-1,115,34047633,-764759417,-1,999,-1,5445125198,2018-05-31 00:07:00,926
0,31-MAY-18,-1,111,34298033,-764752983,-1,999,-1,5445125207,2018-05-31 00:07:01,1103
0,31-MAY-18,511274,2442,33734017,-765252483,373,2211,9861,5445125200,2018-05-31 00:07:01,1139
0,31-MAY-18,511352,-1,33743467,-765525900,160,3122,9943,5445125202,2018-05-31 00:07:01,124
0,31-MAY-18,-1,-1,34970967,-765035317,-1,-1,-1,5445125205,2018-05-31 00:07:01,137
0,31-MAY-18,513316,-1,34907150,-764916900,215,553,615,5445125204,2018-05-31 00:07:01,899
0,31-MAY-18,511204,-1,34177883,-765481750,611,3191,9892,5445125203,2018-05-31 00:07:01,900
0,31-MAY-18,-1,-1,34040100,-764764383,-1,999,-1,5445125206,2018-05-31 00:07:01,910
0,31-MAY-18,514232,37,34115533,-764722467,618,2841,302,5445125201,2018-05-31 00:07:01,968
0,31-MAY-18,500101,12510,34294167,-764750567,-1,999,-1,5445125211,2018-05-31 00:07:02,1005
0,31-MAY-18,519041,4446,34781617,-765175867,259,305,9992,5445125210,2018-05-31 00:07:02,1189
0,31-MAY-18,511274,5172,33533883,-765233850,702,2211,9874,5445125213,2018-05-31 00:07:02,312
0,31-MAY-18,-1,15687,33591233,-765118733,-1,-1,-1,5445125208,2018-05-31 00:07:02,314
0,31-MAY-18,-1,1721,34297317,-764754417,-1,999,-1,5445125214,2018-05-31 00:07:02,761
0,31-MAY-18,-1,230,34288650,-764746833,-1,999,-1,5445125212,2018-05-31 00:07:02,953
0,31-MAY-18,514070,-1,34291467,-764774950,622,3441,501,5445125209,2018-05-31 00:07:02,970
0,31-MAY-18,-1,-1,34300450,-764748267,-1,-1,-1,5445125224,2018-05-31 00:07:03,1095
0,31-MAY-18,514451,1,34607000,-764839683,1087,3452,362,5445125219,2018-05-31 00:07:03,1263
0,31-MAY-18,-1,3566,34952383,-765055933,-1,999,-1,5445125221,2018-05-31 00:07:03,145
0,31-MAY-18,513238,31,34885033,-764849450,896,3351,529,5445125215,2018-05-31 00:07:03,202
0,31-MAY-18,-1,-1,34035750,-764763100,-1,-1,-1,5445125223,2018-05-31 00:07:03,218
0,31-MAY-18,514361,-1,34262717,-764686367,96,3442,9865,5445125220,2018-05-31 00:07:03,263
0,31-MAY-18,-1,-1,34301750,-764746533,-1,-1,-1,5445125217,2018-05-31 00:07:03,760
0,31-MAY-18,-1,1182,34300683,-764747467,-1,999,-1,5445125216,2018-05-31 00:07:03,785
0,31-MAY-18,-1,-1,34042883,-764762400,-1,-1,-1,5445125222,2018-05-31 00:07:03,935
0,31-MAY-18,-1,202,33594383,-765113517,-1,999,-1,5445125218,2018-05-31 00:07:03,992
0,31-MAY-18,-1,3745,33587650,-765111217,-1,999,-1,5445125231,2018-05-31 00:07:04,1008
0,31-MAY-18,-1,2096,34963200,-765053617,-1,999,-1,5445125235,2018-05-31 00:07:04,1068
0,31-MAY-18,512186,192,34889317,-765083350,799,323,228,5445125233,2018-05-31 00:07:04,1214
0,31-MAY-18,-1,1497,34959900,-765043583,-1,999,-1,5445125237,2018-05-31 00:07:04,190
0,31-MAY-18,-1,13645,34957283,-765046467,-1,999,-1,5445125232,2018-05-31 00:07:04,203
0,31-MAY-18,514204,39,34084650,-764740033,455,347,743,5445125230,2018-05-31 00:07:04,226
0,31-MAY-18,514204,39,34085717,-764739400,455,347,743,5445125226,2018-05-31 00:07:04,226
0,31-MAY-18,-1,-1,34038233,-764753617,-1,-1,-1,5445125234,2018-05-31 00:07:04,288
0,31-MAY-18,-1,403,33586483,-765110867,-1,999,-1,5445125236,2018-05-31 00:07:04,65
0,31-MAY-18,-1,598,34301200,-764745967,-1,999,-1,5445125228,2018-05-31 00:07:04,747
0,31-MAY-18,511276,228,33826550,-765250583,555,2121,2178,5445125225,2018-05-31 00:07:04,844
0,31-MAY-18,-1,-1,34296750,-764746167,-1,999,-1,5445125227,2018-05-31 00:07:04,966
0,31-MAY-18,-1,22523,33591200,-765114117,-1,999,-1,5445125229,2018-05-31 00:07:04,991
0,31-MAY-18,511162,593,33646750,-765245100,986,3171,261,5445125251,2018-05-31 00:07:05,1006
0,31-MAY-18,-1,719,33589367,-765114050,-1,999,-1,5445125247,2018-05-31 00:07:05,1033
0,31-MAY-18,-1,-1,34957900,-765047467,-1,-1,-1,5445125241,2018-05-31 00:07:05,1074
0,31-MAY-18,500153,7852,34293733,-764745067,-1,999,-1,5445125242,2018-05-31 00:07:05,1109
0,31-MAY-18,511269,-1,33852133,-765162550,228,3131,305,5445125238,2018-05-31 00:07:05,1130
0,31-MAY-18,511081,-1,33831550,-765777717,116,3192,227,5445125240,2018-05-31 00:07:05,119
0,31-MAY-18,-1,1,33590583,-765117867,276,3122,9931,5445125245,2018-05-31 00:07:05,121
0,31-MAY-18,-1,1963,33586633,-765113417,-1,999,-1,5445125244,2018-05-31 00:07:05,1220
0,31-MAY-18,-1,-1,33611783,-765148917,-1,-1,-1,5445125246,2018-05-31 00:07:05,126
0,31-MAY-18,514204,39,34082433,-764741333,455,347,743,5445125239,2018-05-31 00:07:05,226
0,31-MAY-18,514405,195,34041550,-764763300,560,347,9998,5445125252,2018-05-31 00:07:05,240
0,31-MAY-18,514195,2473,34157183,-764697917,733,355,9992,5445125243,2018-05-31 00:07:05,700
0,31-MAY-18,-1,-1,34292550,-764744567,-1,-1,-1,5445125255,2018-05-31 00:07:05,705
0,31-MAY-18,-1,-1,34299217,-764750500,-1,999,-1,5445125249,2018-05-31 00:07:05,725
0,31-MAY-18,-1,-1,33587167,-765115467,-1,-1,-1,5445125254,2018-05-31 00:07:05,81
0,31-MAY-18,-1,-1,34968917,-765038817,-1,-1,-1,5445125253,2018-05-31 00:07:05,810
0,31-MAY-18,-1,-1,33604383,-765119500,-1,-1,-1,5445125248,2018-05-31 00:07:05,832
0,31-MAY-18,-1,-1,34300050,-764748133,-1,-1,-1,5445125250,2018-05-31 00:07:05,984
0,31-MAY-18,511046,164,33497667,-765237000,842,3141,587,5445125258,2018-05-31 00:07:06,1009
0,31-MAY-18,-1,-1,33584733,-765113267,-1,-1,-1,5445125259,2018-05-31 00:07:06,1159
0,31-MAY-18,513001,3547,34871467,-764986183,79,336,9998,5445125260,2018-05-31 00:07:06,1211
0,31-MAY-18,514450,343,34606600,-764841400,1087,3452,362,5445125261,2018-05-31 00:07:06,1263
0,31-MAY-18,-1,-1,34963267,-765040150,-1,-1,-1,5445125265,2018-05-31 00:07:06,192
0,31-MAY-18,514204,39,34082433,-764741333,455,347,743,5445125262,2018-05-31 00:07:06,226
0,31-MAY-18,-1,-1,34293450,-764740250,-1,-1,-1,5445125257,2018-05-31 00:07:06,740
0,31-MAY-18,-1,-1,34298683,-764744883,-1,-1,-1,5445125256,2018-05-31 00:07:06,754
0,31-MAY-18,-1,17950,34958433,-765054167,-1,999,-1,5445125264,2018-05-31 00:07:06,888
0,31-MAY-18,-1,168,34293350,-764749283,-1,999,-1,5445125263,2018-05-31 00:07:06,977
0,31-MAY-18,-1,110,34294333,-764750017,-1,999,-1,5445125269,2018-05-31 00:07:07,1112
0,31-MAY-18,-1,7495,34634567,-765259500,-1,999,-1,5445125267,2018-05-31 00:07:07,1202
0,31-MAY-18,504016,10933,34146000,-765373367,497,131,9921,5445125268,2018-05-31 00:07:07,837
0,31-MAY-18,-1,-1,33585567,-765111500,-1,999,-1,5445125266,2018-05-31 00:07:07,855
0,31-MAY-18,-1,-1,33604517,-765122133,-1,-1,-1,5445125270,2018-05-31 00:07:08,1003
0,31-MAY-18,513040,1,34831250,-765017383,511,2121,1884,5445125276,2018-05-31 00:07:08,1078
0,31-MAY-18,503012,236,34260383,-765010833,861,2842,433,5445125277,2018-05-31 00:07:08,1096
0,31-MAY-18,513043,3,34954400,-764941617,393,333,317,5445125272,2018-05-31 00:07:08,1210
0,31-MAY-18,-1,5205,33609233,-765121917,-1,999,-1,5445125273,2018-05-31 00:07:08,439
0,31-MAY-18,-1,15123,34300117,-764754867,-1,999,-1,5445125274,2018-05-31 00:07:08,774
0,31-MAY-18,500104,12425,34300267,-764754583,-1,999,-1,5445125275,2018-05-31 00:07:08,960
0,31-MAY-18,514070,35,34287650,-764773600,622,3441,501,5445125271,2018-05-31 00:07:08,970
0,31-MAY-18,511441,-1,33594650,-765119517,657,3124,9881,5445125285,2018-05-31 00:07:09,103
0,31-MAY-18,500165,3557,34290433,-764747383,-1,999,-1,5445125283,2018-05-31 00:07:09,1045
0,31-MAY-18,511059,-1,33828950,-765781800,116,3192,227,5445125289,2018-05-31 00:07:09,119
0,31-MAY-18,511059,-1,33829083,-765781233,116,3192,227,5445125288,2018-05-31 00:07:09,119
0,31-MAY-18,504006,-1,34965550,-765077250,649,334,9998,5445125282,2018-05-31 00:07:09,1212
0,31-MAY-18,514451,33,34606217,-764842667,1087,3452,362,5445125287,2018-05-31 00:07:09,1263
0,31-MAY-18,-1,14,34038667,-764765200,188,1472,9759,5445125290,2018-05-31 00:07:09,219
0,31-MAY-18,511059,10993,33927350,-765237333,580,3192,9996,5445125292,2018-05-31 00:07:09,281
0,31-MAY-18,-1,161,34294033,-764751050,-1,999,-1,5445125278,2018-05-31 00:07:09,302
0,31-MAY-18,502302,3345,33503417,-765235483,154,3141,9984,5445125279,2018-05-31 00:07:09,32
0,31-MAY-18,-1,-1,34303783,-764748133,-1,-1,-1,5445125286,2018-05-31 00:07:09,757
0,31-MAY-18,514045,178,34272350,-764631967,790,2841,300,5445125284,2018-05-31 00:07:09,789
0,31-MAY-18,-1,-1,34955200,-765050633,-1,999,-1,5445125281,2018-05-31 00:07:09,817
0,31-MAY-18,-1,-1,34035533,-764762217,-1,999,-1,5445125293,2018-05-31 00:07:09,924
0,31-MAY-18,-1,1336,34041367,-764758883,-1,999,-1,5445125280,2018-05-31 00:07:09,932
0,31-MAY-18,-1,5814,34034950,-764759017,-1,999,-1,5445125291,2018-05-31 00:07:09,936
0,31-MAY-18,-1,-1,34969767,-765037367,-1,-1,-1,5445125301,2018-05-31 00:07:10,1026
0,31-MAY-18,-1,12313,33587967,-765121033,-1,999,-1,5445125295,2018-05-31 00:07:10,1138
0,31-MAY-18,-1,5462,33587083,-765110700,-1,999,-1,5445125296,2018-05-31 00:07:10,1154
0,31-MAY-18,511059,-1,33828950,-765781800,116,3192,227,5445125297,2018-05-31 00:07:10,119
0,31-MAY-18,513316,-1,34964600,-765056867,471,553,9998,5445125298,2018-05-31 00:07:10,1213
0,31-MAY-18,-1,132,34292283,-764749267,-1,999,-1,5445125300,2018-05-31 00:07:10,717
0,31-MAY-18,502313,-1,33667433,-765282433,598,3172,192,5445125294,2018-05-31 00:07:10,94
0,31-MAY-18,511033,2449,33532900,-765233267,641,3133,9855,5445125299,2018-05-31 00:07:10,95
0,31-MAY-18,513041,1942,34936500,-765089033,110,321,9893,5445125308,2018-05-31 00:07:11,1067
0,31-MAY-18,-1,-1,33603550,-765122250,-1,-1,-1,5445125307,2018-05-31 00:07:11,1120
0,31-MAY-18,-1,6126,33451500,-765241550,-1,999,-1,5445125310,2018-05-31 00:07:11,199
0,31-MAY-18,514205,12,34075617,-764745300,455,347,743,5445125304,2018-05-31 00:07:11,226
0,31-MAY-18,-1,1691,34032700,-764764617,-1,999,-1,5445125303,2018-05-31 00:07:11,258
0,31-MAY-18,-1,-1,34289483,-764738550,-1,999,-1,5445125306,2018-05-31 00:07:11,34
0,31-MAY-18,-1,613,34298000,-764744900,-1,999,-1,5445125305,2018-05-31 00:07:11,743
0,31-MAY-18,502304,14239,34289117,-764747500,-1,999,-1,5445125309,2018-05-31 00:07:11,746
0,31-MAY-18,-1,-1,34183833,-765482450,-1,-1,-1,5445125302,2018-05-31 00:07:11,951
0,31-MAY-18,-1,430,34294917,-764751750,-1,999,-1,5445125314,2018-05-31 00:07:12,1155
0,31-MAY-18,-1,267,34960150,-765053400,-1,999,-1,5445125317,2018-05-31 00:07:12,1178
0,31-MAY-18,-1,1865,34956117,-765048467,-1,999,-1,5445125319,2018-05-31 00:07:12,1192
0,31-MAY-18,514451,38,34605750,-764844133,1087,3452,362,5445125316,2018-05-31 00:07:12,1263
0,31-MAY-18,-1,-1,-1,-1,-1,-1,-1,5445125315,2018-05-31 00:07:12,151
0,31-MAY-18,-1,-1,33598200,-765119267,-1,-1,-1,5445125313,2018-05-31 00:07:12,18
0,31-MAY-18,-1,-1,33593050,-765118333,-1,999,-1,5445125318,2018-05-31 00:07:12,866
0,31-MAY-18,-1,10127,34970600,-765035983,-1,999,-1,5445125312,2018-05-31 00:07:12,889
0,31-MAY-18,515190,3057,34047717,-764757167,105,353,9904,5445125311,2018-05-31 00:07:12,949
0,31-MAY-18,-1,2871,34953200,-765054367,-1,999,-1,5445125320,2018-05-31 00:07:13,1075
0,31-MAY-18,-1,4146,34039933,-764760400,-1,999,-1,5445125327,2018-05-31 00:07:13,11
0,31-MAY-18,-1,-1,33551017,-765076250,-1,-1,-1,5445125325,2018-05-31 00:07:13,1128
0,31-MAY-18,-1,-1,34978033,-765020967,-1,-1,-1,5445125322,2018-05-31 00:07:13,1208
0,31-MAY-18,-1,-1,34975167,-765022633,-1,-1,-1,5445125324,2018-05-31 00:07:13,177
0,31-MAY-18,500110,333,34889433,-765049017,754,322,9996,5445125323,2018-05-31 00:07:13,200
0,31-MAY-18,514205,33,34074450,-764745950,455,347,743,5445125326,2018-05-31 00:07:13,226
0,31-MAY-18,-1,323,33589033,-765111667,-1,999,-1,5445125328,2018-05-31 00:07:13,51
0,31-MAY-18,514233,5,34101617,-764730550,618,2841,302,5445125321,2018-05-31 00:07:13,968
0,31-MAY-18,-1,216,34292433,-764748433,-1,999,-1,5445125334,2018-05-31 00:07:14,1111
0,31-MAY-18,-1,-1,33616550,-765097317,-1,-1,-1,5445125336,2018-05-31 00:07:14,19
0,31-MAY-18,-1,3743,34621500,-765275033,729,302,9982,5445125332,2018-05-31 00:07:14,210
0,31-MAY-18,-1,8908,33591550,-765114667,-1,999,-1,5445125333,2018-05-31 00:07:14,299
0,31-MAY-18,-1,-1,33586283,-765112350,-1,-1,-1,5445125329,2018-05-31 00:07:14,30
0,31-MAY-18,-1,638,33591883,-765112067,-1,999,-1,5445125335,2018-05-31 00:07:14,829
0,31-MAY-18,-1,5827,33594367,-765120717,-1,999,-1,5445125331,2018-05-31 00:07:14,88
0,31-MAY-18,-1,1,33593450,-765118933,-1,999,-1,5445125330,2018-05-31 00:07:14,98
0,31-MAY-18,-1,-1,34975133,-765022317,-1,-1,-1,5445125337,2018-05-31 00:07:15,1029
0,31-MAY-18,-1,-1,34971367,-765028917,-1,-1,-1,5445125341,2018-05-31 00:07:15,303
0,31-MAY-18,513253,7,34895983,-765067533,545,2121,1882,5445125343,2018-05-31 00:07:15,53
0,31-MAY-18,-1,177,33580067,-765120200,-1,999,-1,5445125338,2018-05-31 00:07:15,54
0,31-MAY-18,-1,1298,34295333,-764750817,-1,999,-1,5445125339,2018-05-31 00:07:15,771
0,31-MAY-18,-1,-1,34302083,-764746867,-1,-1,-1,5445125344,2018-05-31 00:07:15,772
0,31-MAY-18,-1,-1,34970700,-765035650,-1,-1,-1,5445125342,2018-05-31 00:07:15,805
0,31-MAY-18,-1,612,34304133,-764750067,-1,999,-1,5445125340,2018-05-31 00:07:15,983
0,31-MAY-18,-1,330,33593900,-765115167,-1,999,-1,5445125345,2018-05-31 00:07:16,1007
0,31-MAY-18,-1,8313,34953317,-765053883,-1,999,-1,5445125351,2018-05-31 00:07:16,1190
0,31-MAY-18,519192,-1,34710050,-765213083,937,306,9982,5445125353,2018-05-31 00:07:16,198
0,31-MAY-18,-1,40,33594483,-765116683,-1,999,-1,5445125348,2018-05-31 00:07:16,24
0,31-MAY-18,-1,-1,33586983,-765111467,-1,999,-1,5445125354,2018-05-31 00:07:16,26
0,31-MAY-18,-1,-1,33600033,-765117683,-1,-1,-1,5445125350,2018-05-31 00:07:16,68
0,31-MAY-18,515054,6990,34302283,-764748933,999,2524,728,5445125346,2018-05-31 00:07:16,792
0,31-MAY-18,-1,-1,33593667,-765116650,-1,-1,-1,5445125347,2018-05-31 00:07:16,836
0,31-MAY-18,-1,-1,34035233,-764758883,-1,-1,-1,5445125352,2018-05-31 00:07:16,929
0,31-MAY-18,514070,56,34284983,-764772433,622,3441,501,5445125349,2018-05-31 00:07:16,970
0,31-MAY-18,-1,6473,34288833,-764738017,-1,999,-1,5445125361,2018-05-31 00:07:17,1011
0,31-MAY-18,-1,507,34300683,-764748800,-1,999,-1,5445125364,2018-05-31 00:07:17,1113
0,31-MAY-18,-1,506,34303367,-764749450,-1,999,-1,5445125363,2018-05-31 00:07:17,1115
0,31-MAY-18,-1,5762,33593800,-765119300,-1,999,-1,5445125371,2018-05-31 00:07:17,1129
0,31-MAY-18,-1,-1,34956400,-765047617,-1,-1,-1,5445125356,2018-05-31 00:07:17,1180
0,31-MAY-18,-1,-1,33587367,-765113233,314,3133,9886,5445125366,2018-05-31 00:07:17,123
0,31-MAY-18,-1,-1,33592533,-765118250,-1,999,-1,5445125362,2018-05-31 00:07:17,1233
0,31-MAY-18,513185,-1,34899033,-765077817,625,332,9996,5445125355,2018-05-31 00:07:17,193
0,31-MAY-18,514270,2038,34047383,-764758750,869,3411,725,5445125370,2018-05-31 00:07:17,253
0,31-MAY-18,-1,398,33595283,-765118033,-1,999,-1,5445125368,2018-05-31 00:07:17,382
0,31-MAY-18,-1,2758,33592750,-765114817,-1,999,-1,5445125357,2018-05-31 00:07:17,42
0,31-MAY-18,500157,-1,34308300,-764753950,148,2842,9857,5445125358,2018-05-31 00:07:17,739
0,31-MAY-18,-1,-1,34303083,-764749333,-1,999,-1,5445125359,2018-05-31 00:07:17,744
0,31-MAY-18,-1,-1,33683600,-765320817,-1,999,-1,5445125365,2018-05-31 00:07:17,873
0,31-MAY-18,-1,-1,34970083,-765037050,-1,-1,-1,5445125367,2018-05-31 00:07:17,893
0,31-MAY-18,514405,769,34036800,-764765700,-1,999,-1,5445125360,2018-05-31 00:07:17,937
0,31-MAY-18,-1,-1,34300517,-764748867,-1,-1,-1,5445125369,2018-05-31 00:07:17,962
0,31-MAY-18,-1,-1,33591883,-765113333,-1,-1,-1,5445125383,2018-05-31 00:07:18,1124
0,31-MAY-18,-1,463,34966683,-765033150,-1,999,-1,5445125376,2018-05-31 00:07:18,1185
0,31-MAY-18,514451,19,34604867,-764847200,1087,3452,362,5445125372,2018-05-31 00:07:18,1263
0,31-MAY-18,514205,147,34068133,-764749567,455,347,743,5445125380,2018-05-31 00:07:18,226
0,31-MAY-18,514205,147,34069000,-764749050,455,347,743,5445125379,2018-05-31 00:07:18,226
0,31-MAY-18,514205,147,34069983,-764748500,455,347,743,5445125378,2018-05-31 00:07:18,226
0,31-MAY-18,500168,-1,34435000,-764818250,1167,3441,9949,5445125381,2018-05-31 00:07:18,260
0,31-MAY-18,-1,-1,33605850,-765121950,-1,-1,-1,5445125382,2018-05-31 00:07:18,632
0,31-MAY-18,-1,-1,34307983,-764752700,-1,999,-1,5445125377,2018-05-31 00:07:18,739
0,31-MAY-18,500157,-1,34308283,-764753117,148,2842,9857,5445125373,2018-05-31 00:07:18,739
0,31-MAY-18,517076,13741,34291883,-764773233,561,373,9986,5445125374,2018-05-31 00:07:18,764
0,31-MAY-18,514046,4,34275233,-764632167,790,2841,300,5445125375,2018-05-31 00:07:18,789
0,31-MAY-18,-1,-1,34970917,-765036900,-1,-1,-1,5445125384,2018-05-31 00:07:18,813
0,31-MAY-18,-1,-1,34964050,-765037233,-1,-1,-1,5445125388,2018-05-31 00:07:19,1061
0,31-MAY-18,-1,3926,34290450,-764748983,-1,999,-1,5445125387,2018-05-31 00:07:19,1093
0,31-MAY-18,-1,12489,34303550,-764754067,-1,999,-1,5445125389,2018-05-31 00:07:19,1094
0,31-MAY-18,513043,33,34949500,-764944217,393,333,317,5445125385,2018-05-31 00:07:19,1210
0,31-MAY-18,515190,-1,34127900,-764715383,606,353,9952,5445125391,2018-05-31 00:07:19,272
0,31-MAY-18,513251,783,34897583,-765072717,545,2121,1882,5445125390,2018-05-31 00:07:19,53
0,31-MAY-18,-1,-1,33606550,-765123133,-1,-1,-1,5445125386,2018-05-31 00:07:19,56
0,31-MAY-18,-1,-1,34291633,-764748083,-1,999,-1,5445125400,2018-05-31 00:07:20,1108
0,31-MAY-18,517076,8260,34622933,-765274267,614,373,9980,5445125398,2018-05-31 00:07:20,186
0,31-MAY-18,-1,-1,34278850,-764995533,-1,-1,-1,5445125396,2018-05-31 00:07:20,251
0,31-MAY-18,514400,203,34358083,-764840850,53,3442,645,5445125393,2018-05-31 00:07:20,274
0,31-MAY-18,501850,14066,34292983,-764750350,-1,999,-1,5445125394,2018-05-31 00:07:20,45
0,31-MAY-18,513253,31,34897583,-765072717,545,2121,1882,5445125403,2018-05-31 00:07:20,53
0,31-MAY-18,-1,-1,34302433,-764746983,-1,-1,-1,5445125399,2018-05-31 00:07:20,759
0,31-MAY-18,-1,-1,34301250,-764754183,-1,999,-1,5445125404,2018-05-31 00:07:20,765
0,31-MAY-18,-1,143,34294783,-764750983,-1,999,-1,5445125392,2018-05-31 00:07:20,775
0,31-MAY-18,-1,-1,34969117,-765038517,-1,-1,-1,5445125395,2018-05-31 00:07:20,815
0,31-MAY-18,-1,-1,34043233,-764761333,-1,-1,-1,5445125402,2018-05-31 00:07:20,919
0,31-MAY-18,-1,-1,34304800,-764754017,-1,999,-1,5445125401,2018-05-31 00:07:20,959
0,31-MAY-18,514233,32,34097033,-764733917,618,2841,302,5445125397,2018-05-31 00:07:20,968
0,31-MAY-18,-1,6362,33582817,-765122700,-1,999,-1,5445125414,2018-05-31 00:07:21,1046
0,31-MAY-18,-1,-1,33591267,-765113267,-1,-1,-1,5445125406,2018-05-31 00:07:21,1048
0,31-MAY-18,-1,897,34290167,-764748333,-1,999,-1,5445125413,2018-05-31 00:07:21,1110
0,31-MAY-18,502302,2991,33472350,-765240700,1045,3141,586,5445125412,2018-05-31 00:07:21,1145
0,31-MAY-18,-1,-1,33591517,-765120950,-1,999,-1,5445125410,2018-05-31 00:07:21,1161
0,31-MAY-18,-1,423,34956550,-765048700,-1,999,-1,5445125407,2018-05-31 00:07:21,166
0,31-MAY-18,-1,5631,34964400,-765036983,-1,999,-1,5445125408,2018-05-31 00:07:21,213
0,31-MAY-18,514205,147,34066517,-764750450,455,347,743,5445125409,2018-05-31 00:07:21,226
0,31-MAY-18,-1,-1,33590617,-765112233,-1,-1,-1,5445125405,2018-05-31 00:07:21,44
0,31-MAY-18,-1,-1,34045800,-764760967,-1,999,-1,5445125411,2018-05-31 00:07:21,618
0,31-MAY-18,-1,273,33586467,-765120600,-1,999,-1,5445125420,2018-05-31 00:07:22,27
0,31-MAY-18,-1,-1,34037417,-764754333,-1,-1,-1,5445125416,2018-05-31 00:07:22,289
0,31-MAY-18,-1,3352,34963183,-765037017,-1,999,-1,5445125422,2018-05-31 00:07:22,307
0,31-MAY-18,-1,253,33594683,-765115383,-1,999,-1,5445125417,2018-05-31 00:07:22,37
0,31-MAY-18,-1,-1,34040767,-764756483,-1,-1,-1,5445125419,2018-05-31 00:07:22,624
0,31-MAY-18,-1,113,34294917,-764751500,-1,999,-1,5445125421,2018-05-31 00:07:22,767
0,31-MAY-18,-1,-1,33597800,-765119483,-1,-1,-1,5445125415,2018-05-31 00:07:22,83
0,31-MAY-18,-1,-1,33609317,-765121583,-1,-1,-1,5445125418,2018-05-31 00:07:22,848
0,31-MAY-18,511261,38,33466950,-765241750,842,3141,587,5445125426,2018-05-31 00:07:23,1009
0,31-MAY-18,511261,4,33470000,-765241567,842,3141,587,5445125424,2018-05-31 00:07:23,1009
0,31-MAY-18,500108,287,34888850,-765047383,337,552,9999,5445125423,2018-05-31 00:07:23,181
0,31-MAY-18,-1,-1,33608167,-765121433,-1,999,-1,5445125430,2018-05-31 00:07:23,71
0,31-MAY-18,-1,616,34300200,-764747033,-1,999,-1,5445125427,2018-05-31 00:07:23,745
0,31-MAY-18,-1,-1,34301400,-764747767,-1,-1,-1,5445125425,2018-05-31 00:07:23,802
0,31-MAY-18,-1,-1,33591217,-765112150,-1,-1,-1,5445125428,2018-05-31 00:07:23,823
0,31-MAY-18,-1,13,34046233,-764758383,874,3411,9990,5445125429,2018-05-31 00:07:23,928
0,31-MAY-18,-1,-1,33604533,-765122167,-1,-1,-1,5445125431,2018-05-31 00:07:24,1003
0,31-MAY-18,-1,113,33590450,-765114450,-1,999,-1,5445125439,2018-05-31 00:07:24,1049
0,31-MAY-18,-1,-1,34972817,-765005733,-1,999,-1,5445125434,2018-05-31 00:07:24,1197
0,31-MAY-18,514451,38,34603933,-764849683,1087,3452,362,5445125433,2018-05-31 00:07:24,1263
0,31-MAY-18,519281,10398,34963367,-765038067,-1,999,-1,5445125437,2018-05-31 00:07:24,188
0,31-MAY-18,-1,-1,34034900,-764762000,-1,-1,-1,5445125438,2018-05-31 00:07:24,259
0,31-MAY-18,-1,6111,33591350,-765121150,-1,999,-1,5445125432,2018-05-31 00:07:24,850
0,31-MAY-18,-1,7757,33590217,-765111767,-1,999,-1,5445125435,2018-05-31 00:07:24,863
0,31-MAY-18,511443,-1,33706383,-765554933,12,3124,239,5445125436,2018-05-31 00:07:24,876
0,31-MAY-18,-1,-1,33592567,-765117700,-1,-1,-1,5445125442,2018-05-31 00:07:25,1217
0,31-MAY-18,-1,3492,33594533,-765114700,-1,999,-1,5445125444,2018-05-31 00:07:25,128
0,31-MAY-18,-1,-1,34035667,-764761483,-1,-1,-1,5445125443,2018-05-31 00:07:25,221
0,31-MAY-18,-1,-1,33590050,-765113050,-1,-1,-1,5445125440,2018-05-31 00:07:25,67
0,31-MAY-18,514046,34,34279233,-764633933,790,2841,300,5445125441,2018-05-31 00:07:25,789
0,31-MAY-18,-1,56,34964417,-765054850,-1,999,-1,5445125452,2018-05-31 00:07:26,1179
0,31-MAY-18,511059,-1,33828300,-765783883,116,3192,9990,5445125448,2018-05-31 00:07:26,119
0,31-MAY-18,-1,-1,34959517,-765044967,-1,999,-1,5445125451,2018-05-31 00:07:26,1203
0,31-MAY-18,514205,66,34062583,-764752700,455,347,743,5445125447,2018-05-31 00:07:26,226
0,31-MAY-18,-1,-1,33599117,-765121767,-1,-1,-1,5445125446,2018-05-31 00:07:26,402
0,31-MAY-18,501703,12675,-1,-1,-1,-1,-1,5445125450,2018-05-31 00:07:26,706
0,31-MAY-18,-1,-1,34304567,-764750367,-1,999,-1,5445125449,2018-05-31 00:07:26,709
0,31-MAY-18,-1,-1,34969500,-765038150,-1,-1,-1,5445125445,2018-05-31 00:07:26,894
0,31-MAY-18,-1,161,34293567,-764749950,-1,999,-1,5445125462,2018-05-31 00:07:27,1107
0,31-MAY-18,-1,367,34959400,-765043533,-1,999,-1,5445125460,2018-05-31 00:07:27,1172
0,31-MAY-18,-1,-1,34965517,-765034733,-1,-1,-1,5445125456,2018-05-31 00:07:27,1201
0,31-MAY-18,-1,367,33592267,-765120750,-1,999,-1,5445125464,2018-05-31 00:07:27,125
0,31-MAY-18,-1,-1,34974150,-765024433,-1,-1,-1,5445125454,2018-05-31 00:07:27,163
0,31-MAY-18,514405,6,34061750,-764753250,455,347,743,5445125459,2018-05-31 00:07:27,226
0,31-MAY-18,-1,-1,34035283,-764758767,-1,-1,-1,5445125453,2018-05-31 00:07:27,241
0,31-MAY-18,-1,-1,34970883,-765030083,-1,-1,-1,5445125455,2018-05-31 00:07:27,293
0,31-MAY-18,-1,342,34961917,-765040617,-1,999,-1,5445125461,2018-05-31 00:07:27,300
0,31-MAY-18,-1,-1,33600817,-765117783,-1,-1,-1,5445125463,2018-05-31 00:07:27,437
0,31-MAY-18,-1,2247,34301150,-764747667,-1,999,-1,5445125458,2018-05-31 00:07:27,788
0,31-MAY-18,-1,-1,34034333,-764762250,-1,999,-1,5445125465,2018-05-31 00:07:27,940
0,31-MAY-18,-1,-1,34295450,-764748633,-1,-1,-1,5445125457,2018-05-31 00:07:27,974
0,31-MAY-18,-1,-1,34975333,-765021900,-1,-1,-1,5445125467,2018-05-31 00:07:28,1072
0,31-MAY-18,-1,236,33587817,-765114683,-1,999,-1,5445125475,2018-05-31 00:07:28,1135
0,31-MAY-18,-1,5,33586133,-765109667,-1,-1,-1,5445125472,2018-05-31 00:07:28,116
0,31-MAY-18,-1,-1,34961533,-765053333,-1,999,-1,5445125474,2018-05-31 00:07:28,180
0,31-MAY-18,-1,1953,34056333,-764752233,-1,999,-1,5445125471,2018-05-31 00:07:28,227
0,31-MAY-18,-1,-1,34041033,-764756400,-1,-1,-1,5445125476,2018-05-31 00:07:28,239
0,31-MAY-18,514400,272,34353283,-764840683,53,3442,645,5445125466,2018-05-31 00:07:28,274
0,31-MAY-18,-1,19094,34294400,-764746200,-1,999,-1,5445125469,2018-05-31 00:07:28,749
0,31-MAY-18,-1,631,33588717,-765111183,-1,999,-1,5445125468,2018-05-31 00:07:28,828
0,31-MAY-18,-1,-1,33603717,-765122317,-1,-1,-1,5445125473,2018-05-31 00:07:28,835
0,31-MAY-18,-1,4198,33589117,-765114550,-1,999,-1,5445125470,2018-05-31 00:07:28,856
0,31-MAY-18,-1,43,34301617,-764754150,-1,999,-1,5445125477,2018-05-31 00:07:28,975
0,31-MAY-18,-1,111,34298000,-764752950,-1,999,-1,5445125488,2018-05-31 00:07:29,1103
0,31-MAY-18,511274,2816,33702000,-765253133,373,2211,9861,5445125485,2018-05-31 00:07:29,1139
0,31-MAY-18,513106,1966,34792450,-764884500,436,3372,9994,5445125479,2018-05-31 00:07:29,1193
0,31-MAY-18,511352,-1,33753083,-765517050,160,3122,9943,5445125483,2018-05-31 00:07:29,124
0,31-MAY-18,-1,-1,33584433,-765110800,-1,-1,-1,5445125489,2018-05-31 00:07:29,130
0,31-MAY-18,-1,-1,33600517,-765122050,-1,-1,-1,5445125484,2018-05-31 00:07:29,23
0,31-MAY-18,500164,285,34439017,-764820250,904,3411,356,5445125480,2018-05-31 00:07:29,250
0,31-MAY-18,-1,-1,34970217,-765031383,-1,-1,-1,5445125478,2018-05-31 00:07:29,637
0,31-MAY-18,-1,5710,34874850,-764995433,176,1571,9949,5445125481,2018-05-31 00:07:29,653
0,31-MAY-18,-1,594,34299517,-764746300,-1,999,-1,5445125482,2018-05-31 00:07:29,797
0,31-MAY-18,-1,115,34047650,-764759750,-1,999,-1,5445125487,2018-05-31 00:07:29,926
0,31-MAY-18,-1,-1,34046350,-764754383,-1,-1,-1,5445125486,2018-05-31 00:07:29,944
0,31-MAY-18,-1,-1,34953783,-765053083,-1,-1,-1,5445125490,2018-05-31 00:07:30,1032
0,31-MAY-18,-1,1863,34974417,-765009400,-1,999,-1,5445125498,2018-05-31 00:07:30,1071
0,31-MAY-18,-1,6982,34966850,-765044617,-1,999,-1,5445125495,2018-05-31 00:07:30,1076
0,31-MAY-18,-1,-1,34964633,-765056950,-1,999,-1,5445125499,2018-05-31 00:07:30,1213
0,31-MAY-18,500058,-1,34282317,-764984100,62,376,9998,5445125491,2018-05-31 00:07:30,1262
0,31-MAY-18,-1,126,34034767,-764763750,423,1571,9885,5445125492,2018-05-31 00:07:30,216
0,31-MAY-18,-1,5,34035417,-764763217,115,150,9948,5445125493,2018-05-31 00:07:30,551
0,31-MAY-18,-1,-1,34970917,-765034917,-1,-1,-1,5445125494,2018-05-31 00:07:30,809
0,31-MAY-18,511204,-1,34198017,-765482167,611,3191,9892,5445125497,2018-05-31 00:07:30,900
0,31-MAY-18,-1,-1,34040117,-764764367,-1,999,-1,5445125496,2018-05-31 00:07:30,910
0,31-MAY-18,500101,12510,34294133,-764750583,-1,999,-1,5445125505,2018-05-31 00:07:31,1005
0,31-MAY-18,519041,4446,34781667,-765175867,259,305,9992,5445125506,2018-05-31 00:07:31,1189
0,31-MAY-18,500058,-1,34260233,-764958083,62,376,9998,5445125504,2018-05-31 00:07:31,1262
0,31-MAY-18,-1,15687,33591183,-765118733,-1,-1,-1,5445125501,2018-05-31 00:07:31,314
0,31-MAY-18,-1,499,34034600,-764761817,707,142,9964,5445125502,2018-05-31 00:07:31,616
0,31-MAY-18,-1,1721,34297350,-764754367,-1,999,-1,5445125500,2018-05-31 00:07:31,761
0,31-MAY-18,-1,1182,34300650,-764747600,-1,999,-1,5445125503,2018-05-31 00:07:31,785
0,31-MAY-18,-1,349,34284417,-764742117,-1,999,-1,5445125507,2018-05-31 00:07:31,953
0,31-MAY-18,-1,3745,33587667,-765111233,-1,999,-1,5445125516,2018-05-31 00:07:32,1008
0,31-MAY-18,-1,-1,34970950,-765035317,-1,-1,-1,5445125517,2018-05-31 00:07:32,137
0,31-MAY-18,-1,3639,34955450,-765049850,-1,999,-1,5445125511,2018-05-31 00:07:32,145
0,31-MAY-18,514361,-1,34273717,-764675750,96,3442,9865,5445125510,2018-05-31 00:07:32,263
0,31-MAY-18,511274,5694,33489483,-765238450,702,2211,9874,5445125512,2018-05-31 00:07:32,312
0,31-MAY-18,-1,-1,33601517,-765122100,-1,-1,-1,5445125513,2018-05-31 00:07:32,626
0,31-MAY-18,-1,403,33586500,-765110850,-1,999,-1,5445125515,2018-05-31 00:07:32,65
0,31-MAY-18,513316,-1,34907117,-764916967,215,553,615,5445125514,2018-05-31 00:07:32,899
0,31-MAY-18,-1,-1,34296650,-764746550,-1,999,-1,5445125509,2018-05-31 00:07:32,966
0,31-MAY-18,-1,202,33594400,-765113533,-1,999,-1,5445125508,2018-05-31 00:07:32,992
0,31-MAY-18,-1,719,33589383,-765114050,-1,999,-1,5445125522,2018-05-31 00:07:33,1033
0,31-MAY-18,-1,2098,34962917,-765053367,-1,999,-1,5445125527,2018-05-31 00:07:33,1068
0,31-MAY-18,-1,-1,34300450,-764748233,-1,-1,-1,5445125528,2018-05-31 00:07:33,1095
0,31-MAY-18,500153,7852,34293967,-764744950,-1,999,-1,5445125523,2018-05-31 00:07:33,1109
0,31-MAY-18,512186,287,34889300,-765075183,799,323,228,5445125529,2018-05-31 00:07:33,1214
0,31-MAY-18,-1,1963,33586617,-765113383,-1,999,-1,5445125521,2018-05-31 00:07:33,1220
0,31-MAY-18,-1,1497,34959900,-765043567,-1,999,-1,5445125526,2018-05-31 00:07:33,190
0,31-MAY-18,-1,13671,34958983,-765045500,-1,999,-1,5445125525,2018-05-31 00:07:33,203
0,31-MAY-18,514195,2789,34132083,-764712717,733,355,9992,5445125520,2018-05-31 00:07:33,700
0,31-MAY-18,-1,-1,34299300,-764750550,-1,999,-1,5445125524,2018-05-31 00:07:33,725
0,31-MAY-18,514427,-1,34264667,-764772133,622,3441,501,5445125518,2018-05-31 00:07:33,970
0,31-MAY-18,-1,22523,33591183,-765114083,-1,999,-1,5445125519,2018-05-31 00:07:33,991
0,31-MAY-18,511162,882,33668483,-765251833,986,3171,261,5445125536,2018-05-31 00:07:34,1006
0,31-MAY-18,514405,-1,34057533,-764755833,455,347,9990,5445125532,2018-05-31 00:07:34,226
0,31-MAY-18,514405,195,34041550,-764763300,560,347,9998,5445125533,2018-05-31 00:07:34,240
0,31-MAY-18,-1,-1,34301750,-764746533,-1,-1,-1,5445125530,2018-05-31 00:07:34,760
0,31-MAY-18,511276,490,33803217,-765251250,555,2121,2178,5445125531,2018-05-31 00:07:34,844
0,31-MAY-18,-1,-1,34969867,-765031950,-1,-1,-1,5445125535,2018-05-31 00:07:34,878
0,31-MAY-18,-1,168,34293350,-764749300,-1,999,-1,5445125534,2018-05-31 00:07:34,977
0,31-MAY-18,-1,55,33593833,-765120250,276,3122,9931,5445125538,2018-05-31 00:07:35,121
0,31-MAY-18,-1,-1,34035750,-764763083,-1,-1,-1,5445125541,2018-05-31 00:07:35,218
0,31-MAY-18,-1,-1,34038200,-764753583,-1,-1,-1,5445125540,2018-05-31 00:07:35,288
0,31-MAY-18,-1,598,34301217,-764745933,-1,999,-1,5445125537,2018-05-31 00:07:35,747
0,31-MAY-18,-1,17958,34958017,-765054350,-1,999,-1,5445125539,2018-05-31 00:07:35,888
0,31-MAY-18,-1,-1,34957817,-765047550,-1,-1,-1,5445125547,2018-05-31 00:07:36,1074
0,31-MAY-18,-1,110,34294350,-764750017,-1,999,-1,5445125553,2018-05-31 00:07:36,1112
0,31-MAY-18,511269,199,33872917,-765162683,228,3131,305,5445125546,2018-05-31 00:07:36,1130
0,31-MAY-18,-1,7511,34633550,-765258050,-1,999,-1,5445125545,2018-05-31 00:07:36,1202
0,31-MAY-18,-1,-1,33592883,-765149350,-1,-1,-1,5445125548,2018-05-31 00:07:36,126
0,31-MAY-18,-1,-1,34043433,-764761183,-1,-1,-1,5445125542,2018-05-31 00:07:36,238
0,31-MAY-18,-1,15123,34300167,-764754883,-1,999,-1,5445125544,2018-05-31 00:07:36,774
0,31-MAY-18,-1,-1,33587167,-765115450,-1,-1,-1,5445125549,2018-05-31 00:07:36,81
0,31-MAY-18,-1,-1,33604367,-765119517,-1,-1,-1,5445125552,2018-05-31 00:07:36,832
0,31-MAY-18,504016,11416,34107217,-765385850,497,131,9921,5445125554,2018-05-31 00:07:36,837
0,31-MAY-18,-1,-1,33585583,-765111500,-1,999,-1,5445125543,2018-05-31 00:07:36,855
0,31-MAY-18,511444,-1,33707100,-765559033,12,3124,239,5445125551,2018-05-31 00:07:36,876
0,31-MAY-18,500104,12425,34300250,-764754600,-1,999,-1,5445125555,2018-05-31 00:07:36,960
0,31-MAY-18,-1,-1,34300150,-764748367,-1,-1,-1,5445125550,2018-05-31 00:07:36,984
0,31-MAY-18,513040,2,34831333,-765017467,511,2121,1884,5445125563,2018-05-31 00:07:37,1078
0,31-MAY-18,-1,-1,33584750,-765113317,-1,-1,-1,5445125559,2018-05-31 00:07:37,1159
0,31-MAY-18,513001,3964,34878067,-765008050,79,336,9998,5445125560,2018-05-31 00:07:37,1211
0,31-MAY-18,504006,-1,34964850,-765064067,649,334,9998,5445125561,2018-05-31 00:07:37,1212
0,31-MAY-18,-1,-1,34963267,-765040133,-1,-1,-1,5445125564,2018-05-31 00:07:37,192
0,31-MAY-18,511059,11442,33968800,-765232917,580,3192,9996,5445125565,2018-05-31 00:07:37,281
0,31-MAY-18,-1,5205,33609250,-765121917,-1,999,-1,5445125557,2018-05-31 00:07:37,439
0,31-MAY-18,-1,-1,34293450,-764740233,-1,-1,-1,5445125558,2018-05-31 00:07:37,740
0,31-MAY-18,-1,-1,34956000,-765049983,-1,999,-1,5445125556,2018-05-31 00:07:37,817
0,31-MAY-18,-1,1336,34041367,-764758867,-1,999,-1,5445125562,2018-05-31 00:07:37,932
0,31-MAY-18,511441,-1,33594650,-765119483,657,3124,9881,5445125569,2018-05-31 00:07:38,103
0,31-MAY-18,500165,3570,34289217,-764746933,-1,999,-1,5445125567,2018-05-31 00:07:38,1045
0,31-MAY-18,-1,5462,33587100,-765110700,-1,999,-1,5445125568,2018-05-31 00:07:38,1154
0,31-MAY-18,-1,-1,34904617,-765051417,-1,-1,-1,5445125573,2018-05-31 00:07:38,297
0,31-MAY-18,-1,161,34294033,-764751033,-1,999,-1,5445125570,2018-05-31 00:07:38,302
0,31-MAY-18,-1,-1,34292450,-764744500,-1,-1,-1,5445125566,2018-05-31 00:07:38,705
0,31-MAY-18,-1,5814,34034950,-764759033,-1,999,-1,5445125574,2018-05-31 00:07:38,936
0,31-MAY-18,502313,-1,33667433,-765282450,598,3172,192,5445125572,2018-05-31 00:07:38,94
0,31-MAY-18,514070,323,34263500,-764772450,622,3441,501,5445125571,2018-05-31 00:07:38,970
0,31-MAY-18,-1,12313,33587950,-765121033,-1,999,-1,5445125577,2018-05-31 00:07:39,1138
0,31-MAY-18,513043,151,34939400,-764950217,393,333,317,5445125576,2018-05-31 00:07:39,1210
0,31-MAY-18,-1,6632,33496117,-765237033,-1,999,-1,5445125579,2018-05-31 00:07:39,199
0,31-MAY-18,-1,132,34292183,-764749200,-1,999,-1,5445125581,2018-05-31 00:07:39,717
0,31-MAY-18,-1,-1,34968900,-765038833,-1,-1,-1,5445125580,2018-05-31 00:07:39,810
0,31-MAY-18,-1,-1,34035367,-764761950,-1,999,-1,5445125575,2018-05-31 00:07:39,924
0,31-MAY-18,511033,2893,33489717,-765238367,641,3133,9855,5445125578,2018-05-31 00:07:39,95
0,31-MAY-18,513041,2282,34965300,-765073817,110,321,9893,5445125589,2018-05-31 00:07:40,1067
0,31-MAY-18,503012,156,34282850,-764987400,861,2842,433,5445125582,2018-05-31 00:07:40,1096
0,31-MAY-18,-1,1691,34032567,-764764417,-1,999,-1,5445125583,2018-05-31 00:07:40,258
0,31-MAY-18,502302,3782,33542683,-765233433,154,3141,9984,5445125585,2018-05-31 00:07:40,32
0,31-MAY-18,-1,613,34298017,-764744900,-1,999,-1,5445125590,2018-05-31 00:07:40,743
0,31-MAY-18,502304,14239,34289100,-764747500,-1,999,-1,5445125587,2018-05-31 00:07:40,746
0,31-MAY-18,-1,-1,34303783,-764748133,-1,-1,-1,5445125586,2018-05-31 00:07:40,757
0,31-MAY-18,-1,-1,33593050,-765118350,-1,999,-1,5445125588,2018-05-31 00:07:40,866
0,31-MAY-18,-1,10127,34970617,-765035983,-1,999,-1,5445125584,2018-05-31 00:07:40,889
0,31-MAY-18,-1,430,34294917,-764751733,-1,999,-1,5445125595,2018-05-31 00:07:41,1155
0,31-MAY-18,-1,283,34959083,-765053817,-1,999,-1,5445125598,2018-05-31 00:07:41,1178
0,31-MAY-18,514371,4,34345733,-764840633,53,3442,645,5445125591,2018-05-31 00:07:41,274
0,31-MAY-18,-1,-1,34289483,-764738567,-1,999,-1,5445125596,2018-05-31 00:07:41,34
0,31-MAY-18,-1,-1,34297967,-764743500,-1,-1,-1,5445125592,2018-05-31 00:07:41,754
0,31-MAY-18,511278,33,33797417,-765251417,555,2121,2178,5445125593,2018-05-31 00:07:41,844
0,31-MAY-18,-1,-1,34042733,-764762400,-1,-1,-1,5445125597,2018-05-31 00:07:41,935
0,31-MAY-18,515190,3057,34047717,-764757183,105,353,9904,5445125594,2018-05-31 00:07:41,949
0,31-MAY-18,-1,1865,34956100,-765048567,-1,999,-1,5445125599,2018-05-31 00:07:42,1192
0,31-MAY-18,-1,-1,-1,-1,-1,-1,-1,5445125600,2018-05-31 00:07:42,151
0,31-MAY-18,500110,737,34880450,-765018817,754,322,9996,5445125602,2018-05-31 00:07:42,200
0,31-MAY-18,514481,5,34091150,-764727933,618,2841,302,5445125601,2018-05-31 00:07:42,968
0,31-MAY-18,-1,-1,34969783,-765037350,-1,-1,-1,5445125603,2018-05-31 00:07:43,1026
0,31-MAY-18,-1,2871,34953183,-765054383,-1,999,-1,5445125608,2018-05-31 00:07:43,1075
0,31-MAY-18,-1,4146,34039933,-764760417,-1,999,-1,5445125607,2018-05-31 00:07:43,11
0,31-MAY-18,-1,-1,34978017,-765020950,-1,-1,-1,5445125614,2018-05-31 00:07:43,1208
0,31-MAY-18,-1,-1,33598617,-765119500,-1,-1,-1,5445125609,2018-05-31 00:07:43,18
0,31-MAY-18,-1,4040,34632567,-765257467,729,302,9982,5445125611,2018-05-31 00:07:43,210
0,31-MAY-18,-1,8908,33591567,-765114650,-1,999,-1,5445125604,2018-05-31 00:07:43,299
0,31-MAY-18,-1,323,33589033,-765111667,-1,999,-1,5445125606,2018-05-31 00:07:43,51
0,31-MAY-18,513253,271,34906117,-765096900,545,2121,1882,5445125605,2018-05-31 00:07:43,53
0,31-MAY-18,-1,5827,33594383,-765120700,-1,999,-1,5445125613,2018-05-31 00:07:43,88
0,31-MAY-18,-1,1,33594017,-765119783,-1,999,-1,5445125610,2018-05-31 00:07:43,98
0,31-MAY-18,-1,612,34304133,-764750067,-1,999,-1,5445125612,2018-05-31 00:07:43,983
0,31-MAY-18,-1,216,34292450,-764748417,-1,999,-1,5445125616,2018-05-31 00:07:44,1111
0,31-MAY-18,-1,3293,33499600,-765236250,-1,999,-1,5445125617,2018-05-31 00:07:44,1145
0,31-MAY-18,-1,8313,34953317,-765053883,-1,999,-1,5445125623,2018-05-31 00:07:44,1190
0,31-MAY-18,-1,-1,34964483,-765055517,-1,999,-1,5445125619,2018-05-31 00:07:44,1213
0,31-MAY-18,-1,-1,34975167,-765022633,-1,-1,-1,5445125624,2018-05-31 00:07:44,177
0,31-MAY-18,-1,-1,34038683,-764765183,188,1472,9759,5445125615,2018-05-31 00:07:44,219
0,31-MAY-18,-1,-1,34043617,-764761083,-1,-1,-1,5445125620,2018-05-31 00:07:44,238
0,31-MAY-18,-1,177,33580100,-765120250,-1,999,-1,5445125621,2018-05-31 00:07:44,54
0,31-MAY-18,-1,1298,34295333,-764750800,-1,999,-1,5445125622,2018-05-31 00:07:44,771
0,31-MAY-18,-1,638,33591883,-765112067,-1,999,-1,5445125618,2018-05-31 00:07:44,829
0,31-MAY-18,-1,330,33593900,-765115167,-1,999,-1,5445125628,2018-05-31 00:07:45,1007
0,31-MAY-18,-1,-1,33603567,-765122283,-1,-1,-1,5445125625,2018-05-31 00:07:45,1120
0,31-MAY-18,-1,-1,33591017,-765112333,-1,-1,-1,5445125629,2018-05-31 00:07:45,1144
0,31-MAY-18,519192,-1,34743233,-765194283,937,306,9982,5445125626,2018-05-31 00:07:45,198
0,31-MAY-18,514405,34,34054067,-764754683,455,347,9990,5445125633,2018-05-31 00:07:45,226
0,31-MAY-18,-1,40,33594483,-765116700,-1,999,-1,5445125630,2018-05-31 00:07:45,24
0,31-MAY-18,514371,32,34343450,-764840633,53,3442,645,5445125627,2018-05-31 00:07:45,274
0,31-MAY-18,514405,769,34036800,-764765700,-1,999,-1,5445125632,2018-05-31 00:07:45,937
0,31-MAY-18,-1,-1,34183833,-765482483,-1,-1,-1,5445125631,2018-05-31 00:07:45,951
0,31-MAY-18,-1,-1,34975133,-765022300,-1,-1,-1,5445125636,2018-05-31 00:07:46,1029
0,31-MAY-18,-1,506,34303350,-764749450,-1,999,-1,5445125645,2018-05-31 00:07:46,1115
0,31-MAY-18,-1,-1,33567517,-765096083,-1,-1,-1,5445125648,2018-05-31 00:07:46,1128
0,31-MAY-18,513044,4,34936700,-764951533,393,333,317,5445125643,2018-05-31 00:07:46,1210
0,31-MAY-18,-1,-1,33587367,-765113233,314,3133,9886,5445125642,2018-05-31 00:07:46,123
0,31-MAY-18,-1,-1,33592500,-765118283,-1,999,-1,5445125640,2018-05-31 00:07:46,1233
0,31-MAY-18,-1,-1,33616433,-765097300,-1,-1,-1,5445125634,2018-05-31 00:07:46,19
0,31-MAY-18,513185,-1,34925033,-765091867,625,332,9996,5445125637,2018-05-31 00:07:46,193
0,31-MAY-18,-1,-1,33586967,-765111483,-1,999,-1,5445125635,2018-05-31 00:07:46,26
0,31-MAY-18,514371,32,34342883,-764840617,53,3442,645,5445125638,2018-05-31 00:07:46,274
0,31-MAY-18,-1,2758,33592750,-765114800,-1,999,-1,5445125647,2018-05-31 00:07:46,42
0,31-MAY-18,-1,-1,34303083,-764749100,-1,999,-1,5445125639,2018-05-31 00:07:46,744
0,31-MAY-18,515054,6990,34302300,-764748883,999,2524,728,5445125646,2018-05-31 00:07:46,792
0,31-MAY-18,-1,-1,33672067,-765301267,-1,999,-1,5445125644,2018-05-31 00:07:46,873
0,31-MAY-18,514427,31,34262400,-764772783,622,3441,501,5445125641,2018-05-31 00:07:46,970
0,31-MAY-18,-1,507,34300700,-764748783,-1,999,-1,5445125659,2018-05-31 00:07:47,1113
0,31-MAY-18,-1,5762,33593783,-765119300,-1,999,-1,5445125649,2018-05-31 00:07:47,1129
0,31-MAY-18,-1,666,34975283,-765018067,-1,999,-1,5445125657,2018-05-31 00:07:47,1185
0,31-MAY-18,-1,-1,34047533,-764756333,-1,999,-1,5445125654,2018-05-31 00:07:47,269
0,31-MAY-18,-1,-1,34971367,-765028833,-1,-1,-1,5445125660,2018-05-31 00:07:47,303
0,31-MAY-18,-1,398,33595250,-765118050,-1,999,-1,5445125652,2018-05-31 00:07:47,382
0,31-MAY-18,-1,-1,33600017,-765117717,-1,-1,-1,5445125655,2018-05-31 00:07:47,68
0,31-MAY-18,-1,-1,34302067,-764746850,-1,-1,-1,5445125650,2018-05-31 00:07:47,772
0,31-MAY-18,-1,-1,34970683,-765035667,-1,-1,-1,5445125651,2018-05-31 00:07:47,805
0,31-MAY-18,-1,-1,33593683,-765116633,-1,-1,-1,5445125658,2018-05-31 00:07:47,836
0,31-MAY-18,-1,-1,34197983,-765482267,611,3191,9892,5445125653,2018-05-31 00:07:47,900
0,31-MAY-18,514481,33,34088733,-764723433,618,2841,302,5445125656,2018-05-31 00:07:47,968
0,31-MAY-18,-1,6473,34288817,-764738033,-1,999,-1,5445125662,2018-05-31 00:07:48,1011
0,31-MAY-18,-1,-1,34956817,-765047533,-1,-1,-1,5445125664,2018-05-31 00:07:48,1180
0,31-MAY-18,-1,-1,33586300,-765112417,-1,-1,-1,5445125663,2018-05-31 00:07:48,30
0,31-MAY-18,-1,-1,34035250,-764758867,-1,-1,-1,5445125661,2018-05-31 00:07:48,929
0,31-MAY-18,513040,20,34834583,-765017750,511,2121,1884,5445125666,2018-05-31 00:07:49,1078
0,31-MAY-18,-1,3926,34290483,-764748983,-1,999,-1,5445125665,2018-05-31 00:07:49,1093
0,31-MAY-18,-1,12489,34303600,-764754117,-1,999,-1,5445125668,2018-05-31 00:07:49,1094
0,31-MAY-18,-1,-1,33591900,-765113317,-1,-1,-1,5445125671,2018-05-31 00:07:49,1124
0,31-MAY-18,515190,-1,34096700,-764733850,606,353,9952,5445125667,2018-05-31 00:07:49,272
0,31-MAY-18,501850,14066,34293000,-764750367,-1,999,-1,5445125674,2018-05-31 00:07:49,45
0,31-MAY-18,-1,-1,34970050,-765037067,-1,-1,-1,5445125669,2018-05-31 00:07:49,893
0,31-MAY-18,-1,-1,34304800,-764754050,-1,999,-1,5445125670,2018-05-31 00:07:49,959
0,31-MAY-18,514481,33,34087683,-764721283,618,2841,302,5445125673,2018-05-31 00:07:49,968
0,31-MAY-18,514427,31,34262033,-764772867,622,3441,501,5445125672,2018-05-31 00:07:49,970
0,31-MAY-18,-1,-1,34290817,-764747267,-1,999,-1,5445125675,2018-05-31 00:07:50,1108
0,31-MAY-18,-1,423,34956467,-765048650,-1,999,-1,5445125680,2018-05-31 00:07:50,166
0,31-MAY-18,517076,8629,34649267,-765255000,614,373,9980,5445125679,2018-05-31 00:07:50,186
0,31-MAY-18,-1,-1,33606533,-765123167,-1,-1,-1,5445125678,2018-05-31 00:07:50,56
0,31-MAY-18,-1,-1,33605850,-765121950,-1,-1,-1,5445125677,2018-05-31 00:07:50,632
0,31-MAY-18,-1,-1,34970450,-765036550,-1,-1,-1,5445125676,2018-05-31 00:07:50,813
0,31-MAY-18,-1,6364,33582933,-765122450,-1,999,-1,5445125687,2018-05-31 00:07:51,1046
0,31-MAY-18,-1,-1,34964967,-765036367,-1,-1,-1,5445125681,2018-05-31 00:07:51,1061
0,31-MAY-18,-1,897,34290167,-764748317,-1,999,-1,5445125683,2018-05-31 00:07:51,1110
0,31-MAY-18,-1,-1,33590867,-765120867,-1,999,-1,5445125684,2018-05-31 00:07:51,1161
0,31-MAY-18,-1,5646,34965200,-765035850,-1,999,-1,5445125691,2018-05-31 00:07:51,213
0,31-MAY-18,-1,-1,34278850,-764995567,-1,-1,-1,5445125688,2018-05-31 00:07:51,251
0,31-MAY-18,-1,253,33594717,-765115350,-1,999,-1,5445125694,2018-05-31 00:07:51,37
0,31-MAY-18,-1,-1,34045783,-764760983,-1,999,-1,5445125682,2018-05-31 00:07:51,618
0,31-MAY-18,-1,-1,34302433,-764746967,-1,-1,-1,5445125692,2018-05-31 00:07:51,759
0,31-MAY-18,-1,-1,34301383,-764753900,-1,999,-1,5445125686,2018-05-31 00:07:51,765
0,31-MAY-18,-1,-1,34969117,-765038500,-1,-1,-1,5445125693,2018-05-31 00:07:51,815
0,31-MAY-18,-1,-1,33609367,-765121500,-1,-1,-1,5445125690,2018-05-31 00:07:51,848
0,31-MAY-18,511204,-1,34197967,-765482300,611,3191,9892,5445125685,2018-05-31 00:07:51,900
0,31-MAY-18,514481,27,34086467,-764719067,618,2841,302,5445125689,2018-05-31 00:07:51,968
0,31-MAY-18,511261,286,33446500,-765240983,842,3141,587,5445125702,2018-05-31 00:07:52,1009
0,31-MAY-18,-1,-1,33591267,-765113267,-1,-1,-1,5445125701,2018-05-31 00:07:52,1048
0,31-MAY-18,511059,-1,33832467,-765774833,116,3192,9990,5445125703,2018-05-31 00:07:52,119
0,31-MAY-18,-1,273,33586417,-765120717,-1,999,-1,5445125697,2018-05-31 00:07:52,27
0,31-MAY-18,-1,-1,33590617,-765112250,-1,-1,-1,5445125699,2018-05-31 00:07:52,44
0,31-MAY-18,-1,113,34294933,-764751483,-1,999,-1,5445125695,2018-05-31 00:07:52,767
0,31-MAY-18,-1,143,34294800,-764751000,-1,999,-1,5445125698,2018-05-31 00:07:52,775
0,31-MAY-18,511278,109,33789183,-765251583,555,2121,2178,5445125700,2018-05-31 00:07:52,844
0,31-MAY-18,-1,-1,34043333,-764761483,-1,-1,-1,5445125696,2018-05-31 00:07:52,919
0,31-MAY-18,500108,671,34881850,-765021300,337,552,9999,5445125708,2018-05-31 00:07:53,181
0,31-MAY-18,-1,-1,34037400,-764754317,-1,-1,-1,5445125710,2018-05-31 00:07:53,289
0,31-MAY-18,-1,-1,33607800,-765121317,-1,999,-1,5445125705,2018-05-31 00:07:53,71
0,31-MAY-18,-1,-1,34303183,-764754617,-1,999,-1,5445125706,2018-05-31 00:07:53,739
0,31-MAY-18,-1,616,34300183,-764747033,-1,999,-1,5445125704,2018-05-31 00:07:53,745
0,31-MAY-18,-1,-1,33597817,-765119467,-1,-1,-1,5445125707,2018-05-31 00:07:53,83
0,31-MAY-18,-1,7757,33590217,-765111767,-1,999,-1,5445125709,2018-05-31 00:07:53,863
0,31-MAY-18,-1,113,33590467,-765114433,-1,999,-1,5445125715,2018-05-31 00:07:54,1049
0,31-MAY-18,-1,-1,33591017,-765112333,-1,-1,-1,5445125717,2018-05-31 00:07:54,1144
0,31-MAY-18,-1,3487,33517650,-765233650,-1,999,-1,5445125713,2018-05-31 00:07:54,1145
0,31-MAY-18,514241,2,34598667,-764863900,1087,3452,362,5445125719,2018-05-31 00:07:54,1263
0,31-MAY-18,519281,10398,34963350,-765038017,-1,999,-1,5445125711,2018-05-31 00:07:54,188
0,31-MAY-18,514371,27,34339017,-764840183,53,3442,645,5445125716,2018-05-31 00:07:54,274
0,31-MAY-18,-1,3352,34963183,-765037000,-1,999,-1,5445125714,2018-05-31 00:07:54,307
0,31-MAY-18,-1,-1,34042917,-764755000,-1,-1,-1,5445125722,2018-05-31 00:07:54,555
0,31-MAY-18,-1,-1,34045800,-764755450,-1,-1,-1,5445125723,2018-05-31 00:07:54,555
0,31-MAY-18,-1,-1,34301400,-764747767,-1,-1,-1,5445125720,2018-05-31 00:07:54,802
0,31-MAY-18,-1,6111,33591350,-765121167,-1,999,-1,5445125721,2018-05-31 00:07:54,850
0,31-MAY-18,511444,-1,33709733,-765562050,12,3124,239,5445125712,2018-05-31 00:07:54,876
0,31-MAY-18,514427,15,34260450,-764773167,622,3441,501,5445125718,2018-05-31 00:07:54,970
0,31-MAY-18,-1,-1,33604533,-765122183,-1,-1,-1,5445125729,2018-05-31 00:07:55,1003
0,31-MAY-18,513106,2295,34820817,-764893117,436,3372,9994,5445125728,2018-05-31 00:07:55,1193
0,31-MAY-18,-1,-1,34972817,-765005733,-1,999,-1,5445125731,2018-05-31 00:07:55,1197
0,31-MAY-18,513044,34,34931650,-764954417,393,333,317,5445125732,2018-05-31 00:07:55,1210
0,31-MAY-18,-1,3492,33594567,-765114733,-1,999,-1,5445125727,2018-05-31 00:07:55,128
0,31-MAY-18,-1,-1,34040750,-764756467,-1,-1,-1,5445125724,2018-05-31 00:07:55,624
0,31-MAY-18,-1,6067,34884117,-765026183,176,1571,9949,5445125730,2018-05-31 00:07:55,653
0,31-MAY-18,501703,12675,-1,-1,-1,-1,-1,5445125725,2018-05-31 00:07:55,706
0,31-MAY-18,-1,-1,33591200,-765112150,-1,-1,-1,5445125726,2018-05-31 00:07:55,823
0,31-MAY-18,513211,-1,34841083,-765015967,511,2121,1884,5445125735,2018-05-31 00:07:56,1078
0,31-MAY-18,-1,79,34962650,-765053233,-1,999,-1,5445125734,2018-05-31 00:07:56,1179
0,31-MAY-18,-1,-1,34959500,-765045017,-1,999,-1,5445125736,2018-05-31 00:07:56,1203
0,31-MAY-18,-1,-1,33594083,-765118367,-1,-1,-1,5445125741,2018-05-31 00:07:56,1217
0,31-MAY-18,514451,317,34598350,-764863800,1087,3452,362,5445125742,2018-05-31 00:07:56,1263
0,31-MAY-18,-1,-1,34034833,-764761900,-1,-1,-1,5445125733,2018-05-31 00:07:56,259
0,31-MAY-18,-1,-1,33590050,-765113050,-1,-1,-1,5445125739,2018-05-31 00:07:56,67
0,31-MAY-18,-1,-1,34304567,-764750350,-1,999,-1,5445125737,2018-05-31 00:07:56,709
0,31-MAY-18,-1,19094,34294433,-764746117,-1,999,-1,5445125740,2018-05-31 00:07:56,749
0,31-MAY-18,-1,2247,34301233,-764747717,-1,999,-1,5445125743,2018-05-31 00:07:56,788
0,31-MAY-18,-1,13,34046233,-764758417,874,3411,9990,5445125738,2018-05-31 00:07:56,928
0,31-MAY-18,511346,-1,33452667,-765241517,842,3141,587,5445125753,2018-05-31 00:07:57,1009
0,31-MAY-18,-1,171,34292800,-764749317,-1,999,-1,5445125744,2018-05-31 00:07:57,1107
0,31-MAY-18,-1,367,34959433,-765043467,-1,999,-1,5445125748,2018-05-31 00:07:57,1172
0,31-MAY-18,-1,367,33592283,-765120767,-1,999,-1,5445125749,2018-05-31 00:07:57,125
0,31-MAY-18,-1,-1,34035650,-764761567,-1,-1,-1,5445125747,2018-05-31 00:07:57,221
0,31-MAY-18,-1,342,34961917,-765040600,-1,999,-1,5445125745,2018-05-31 00:07:57,300
0,31-MAY-18,-1,-1,33599117,-765121733,-1,-1,-1,5445125751,2018-05-31 00:07:57,402
0,31-MAY-18,-1,631,33588717,-765111200,-1,999,-1,5445125752,2018-05-31 00:07:57,828
0,31-MAY-18,-1,-1,34969500,-765038150,-1,-1,-1,5445125750,2018-05-31 00:07:57,894
0,31-MAY-18,-1,-1,34034333,-764762250,-1,999,-1,5445125746,2018-05-31 00:07:57,940
0,31-MAY-18,-1,236,33587817,-765114683,-1,999,-1,5445125756,2018-05-31 00:07:58,1135
0,31-MAY-18,511274,3120,33674100,-765256833,373,2211,9861,5445125764,2018-05-31 00:07:58,1139
0,31-MAY-18,-1,5,33586150,-765109667,-1,-1,-1,5445125757,2018-05-31 00:07:58,116
0,31-MAY-18,-1,-1,34966500,-765032550,-1,-1,-1,5445125761,2018-05-31 00:07:58,1201
0,31-MAY-18,511352,-1,33745900,-765503083,160,3122,9943,5445125762,2018-05-31 00:07:58,124
0,31-MAY-18,-1,-1,34959717,-765053817,-1,999,-1,5445125755,2018-05-31 00:07:58,180
0,31-MAY-18,-1,1953,34056300,-764752233,-1,999,-1,5445125758,2018-05-31 00:07:58,227
0,31-MAY-18,-1,-1,34035283,-764758833,-1,-1,-1,5445125759,2018-05-31 00:07:58,241
0,31-MAY-18,-1,-1,33600817,-765117767,-1,-1,-1,5445125754,2018-05-31 00:07:58,437
0,31-MAY-18,517076,13966,34304333,-764759483,561,373,9986,5445125763,2018-05-31 00:07:58,764
0,31-MAY-18,-1,594,34299517,-764746283,-1,999,-1,5445125765,2018-05-31 00:07:58,797
0,31-MAY-18,-1,4198,33589117,-765114567,-1,999,-1,5445125760,2018-05-31 00:07:58,856
0,31-MAY-18,-1,-1,34295417,-764748567,-1,-1,-1,5445125766,2018-05-31 00:07:58,974
0,31-MAY-18,-1,-1,34975367,-765021917,-1,-1,-1,5445125770,2018-05-31 00:07:59,1072
0,31-MAY-18,-1,111,34298000,-764752933,-1,999,-1,5445125768,2018-05-31 00:07:59,1103
0,31-MAY-18,500164,285,34439000,-764820083,904,3411,356,5445125771,2018-05-31 00:07:59,250
0,31-MAY-18,-1,-1,34970900,-765030067,-1,-1,-1,5445125769,2018-05-31 00:07:59,293
0,31-MAY-18,-1,115,34047633,-764759733,-1,999,-1,5445125767,2018-05-31 00:07:59,926
0,31-MAY-18,511264,36,33457617,-765241450,842,3141,587,5445125776,2018-05-31 00:08:00,1009
0,31-MAY-18,-1,-1,33600517,-765122050,-1,-1,-1,5445125779,2018-05-31 00:08:00,23
0,31-MAY-18,-1,-1,34041033,-764756367,-1,-1,-1,5445125773,2018-05-31 00:08:00,239
0,31-MAY-18,-1,15687,33591633,-765119000,-1,-1,-1,5445125777,2018-05-31 00:08:00,314
0,31-MAY-18,-1,5,34035400,-764763233,115,150,9948,5445125778,2018-05-31 00:08:00,551
0,31-MAY-18,-1,1721,34297300,-764754350,-1,999,-1,5445125775,2018-05-31 00:08:00,761
0,31-MAY-18,-1,-1,33603733,-765122300,-1,-1,-1,5445125774,2018-05-31 00:08:00,835
0,31-MAY-18,-1,-1,34040117,-764764367,-1,999,-1,5445125772,2018-05-31 00:08:00,910
0,31-MAY-18,500101,12510,34294100,-764750583,-1,999,-1,5445125784,2018-05-31 00:08:01,1005
0,31-MAY-18,-1,-1,34953817,-765053050,-1,-1,-1,5445125787,2018-05-31 00:08:01,1032
0,31-MAY-18,-1,6982,34966850,-765044600,-1,999,-1,5445125782,2018-05-31 00:08:01,1076
0,31-MAY-18,519041,4446,34781617,-765175900,259,305,9992,5445125785,2018-05-31 00:08:01,1189
0,31-MAY-18,-1,-1,33584417,-765110217,-1,-1,-1,5445125786,2018-05-31 00:08:01,130
0,31-MAY-18,-1,126,34034750,-764763767,423,1571,9885,5445125792,2018-05-31 00:08:01,216
0,31-MAY-18,514361,-1,34282433,-764662283,96,3442,9865,5445125793,2018-05-31 00:08:01,263
0,31-MAY-18,511274,6027,33456467,-765242133,702,2211,9874,5445125783,2018-05-31 00:08:01,312
0,31-MAY-18,513257,6,34910500,-765115333,545,2121,1882,5445125780,2018-05-31 00:08:01,53
0,31-MAY-18,-1,-1,34970217,-765031400,-1,-1,-1,5445125788,2018-05-31 00:08:01,637
0,31-MAY-18,-1,-1,34970950,-765034883,-1,-1,-1,5445125794,2018-05-31 00:08:01,809
0,31-MAY-18,-1,471,34294133,-764746033,-1,999,-1,5445125781,2018-05-31 00:08:01,953
0,31-MAY-18,-1,-1,34296600,-764747117,-1,999,-1,5445125789,2018-05-31 00:08:01,966
0,31-MAY-18,514482,7,34080317,-764708033,618,2841,302,5445125790,2018-05-31 00:08:01,968
0,31-MAY-18,-1,202,33594400,-765113533,-1,999,-1,5445125791,2018-05-31 00:08:01,992
0,31-MAY-18,-1,3745,33587700,-765111250,-1,999,-1,5445125795,2018-05-31 00:08:02,1008
0,31-MAY-18,-1,719,33589400,-765114050,-1,999,-1,5445125801,2018-05-31 00:08:02,1033
0,31-MAY-18,500153,7852,34293850,-764745017,-1,999,-1,5445125802,2018-05-31 00:08:02,1109
0,31-MAY-18,-1,1963,33586617,-765113383,-1,999,-1,5445125803,2018-05-31 00:08:02,1220
0,31-MAY-18,-1,3688,34958300,-765046350,-1,999,-1,5445125797,2018-05-31 00:08:02,145
0,31-MAY-18,-1,403,33586517,-765110850,-1,999,-1,5445125796,2018-05-31 00:08:02,65
0,31-MAY-18,-1,-1,34046300,-764754483,-1,-1,-1,5445125800,2018-05-31 00:08:02,944
0,31-MAY-18,-1,43,34301650,-764754067,-1,999,-1,5445125798,2018-05-31 00:08:02,975
0,31-MAY-18,-1,22523,33591183,-765114083,-1,999,-1,5445125799,2018-05-31 00:08:02,991
0,31-MAY-18,-1,2117,34961033,-765053233,-1,999,-1,5445125808,2018-05-31 00:08:03,1068
0,31-MAY-18,-1,-1,34964500,-765055650,-1,999,-1,5445125807,2018-05-31 00:08:03,1213
0,31-MAY-18,512186,375,34895617,-765072733,799,323,228,5445125809,2018-05-31 00:08:03,1214
0,31-MAY-18,-1,-1,34974150,-765024450,-1,-1,-1,5445125811,2018-05-31 00:08:03,163
0,31-MAY-18,-1,1497,34960000,-765043433,-1,999,-1,5445125806,2018-05-31 00:08:03,190
0,31-MAY-18,-1,13671,34958967,-765045450,-1,999,-1,5445125805,2018-05-31 00:08:03,203
0,31-MAY-18,514371,44,34339300,-764837217,53,3442,645,5445125810,2018-05-31 00:08:03,274
0,31-MAY-18,-1,499,34034617,-764761833,707,142,9964,5445125813,2018-05-31 00:08:03,616
0,31-MAY-18,-1,-1,34299267,-764750500,-1,999,-1,5445125804,2018-05-31 00:08:03,725
0,31-MAY-18,514427,122,34252067,-764774550,622,3441,501,5445125812,2018-05-31 00:08:03,970
0,31-MAY-18,511162,972,33673533,-765255850,986,3171,261,5445125819,2018-05-31 00:08:04,1006
0,31-MAY-18,513001,4710,34887883,-765040767,79,336,9998,5445125821,2018-05-31 00:08:04,1211
0,31-MAY-18,-1,-1,34970933,-765035317,-1,-1,-1,5445125818,2018-05-31 00:08:04,137
0,31-MAY-18,514405,195,34041550,-764763300,560,347,9998,5445125817,2018-05-31 00:08:04,240
0,31-MAY-18,-1,-1,33601517,-765122117,-1,-1,-1,5445125814,2018-05-31 00:08:04,626
0,31-MAY-18,514195,3222,34099233,-764731567,733,355,9992,5445125822,2018-05-31 00:08:04,700
0,31-MAY-18,513316,-1,34907083,-764917017,215,553,615,5445125815,2018-05-31 00:08:04,899
0,31-MAY-18,514482,31,34078100,-764704267,618,2841,302,5445125820,2018-05-31 00:08:04,968
0,31-MAY-18,-1,168,34293350,-764749300,-1,999,-1,5445125816,2018-05-31 00:08:04,977
0,31-MAY-18,513211,31,34845417,-765014650,511,2121,1884,5445125824,2018-05-31 00:08:05,1078
0,31-MAY-18,-1,598,34301233,-764745950,-1,999,-1,5445125827,2018-05-31 00:08:05,747
0,31-MAY-18,-1,-1,34301567,-764747033,-1,-1,-1,5445125826,2018-05-31 00:08:05,760
0,31-MAY-18,-1,15123,34300200,-764754883,-1,999,-1,5445125828,2018-05-31 00:08:05,774
0,31-MAY-18,-1,-1,33585583,-765111517,-1,999,-1,5445125825,2018-05-31 00:08:05,855
0,31-MAY-18,-1,18096,34955383,-765050017,-1,999,-1,5445125823,2018-05-31 00:08:05,888
0,31-MAY-18,-1,1863,34974433,-765009450,-1,999,-1,5445125832,2018-05-31 00:08:06,1071
0,31-MAY-18,-1,-1,34300467,-764748233,-1,-1,-1,5445125829,2018-05-31 00:08:06,1095
0,31-MAY-18,-1,110,34294383,-764750000,-1,999,-1,5445125831,2018-05-31 00:08:06,1112
0,31-MAY-18,-1,7618,34635517,-765251167,-1,999,-1,5445125838,2018-05-31 00:08:06,1202
0,31-MAY-18,511059,11999,34019833,-765227767,580,3192,9996,5445125833,2018-05-31 00:08:06,281
0,31-MAY-18,502302,4278,33588217,-765238500,154,3141,9984,5445125837,2018-05-31 00:08:06,32
0,31-MAY-18,-1,5205,33609283,-765121933,-1,999,-1,5445125836,2018-05-31 00:08:06,439
0,31-MAY-18,-1,-1,34956017,-765049833,-1,999,-1,5445125835,2018-05-31 00:08:06,817
0,31-MAY-18,504016,11823,34068283,-765397750,497,131,9921,5445125830,2018-05-31 00:08:06,837
0,31-MAY-18,-1,1336,34041367,-764758850,-1,999,-1,5445125839,2018-05-31 00:08:06,932
0,31-MAY-18,500104,12425,34300233,-764754600,-1,999,-1,5445125834,2018-05-31 00:08:06,960
0,31-MAY-18,511441,-1,33594633,-765119483,657,3124,9881,5445125849,2018-05-31 00:08:07,103
0,31-MAY-18,500165,3570,34289267,-764746933,-1,999,-1,5445125846,2018-05-31 00:08:07,1045
0,31-MAY-18,-1,5462,33587100,-765110717,-1,999,-1,5445125851,2018-05-31 00:08:07,1154
0,31-MAY-18,-1,-1,33590167,-765149133,-1,-1,-1,5445125855,2018-05-31 00:08:07,126
0,31-MAY-18,513238,100,34878667,-764847617,896,3351,529,5445125847,2018-05-31 00:08:07,202
0,31-MAY-18,513238,255,34865233,-764843200,896,3351,529,5445125852,2018-05-31 00:08:07,202
0,31-MAY-18,513239,-1,34868283,-764843800,896,3351,529,5445125850,2018-05-31 00:08:07,202
0,31-MAY-18,513239,33,34862800,-764842617,896,3351,529,5445125854,2018-05-31 00:08:07,202
0,31-MAY-18,513239,33,34863633,-764842850,896,3351,529,5445125853,2018-05-31 00:08:07,202
0,31-MAY-18,-1,-1,34035750,-764763083,-1,-1,-1,5445125840,2018-05-31 00:08:07,218
0,31-MAY-18,500168,-1,34431983,-764820317,1167,3441,9949,5445125844,2018-05-31 00:08:07,260
0,31-MAY-18,-1,-1,34038183,-764753567,-1,-1,-1,5445125841,2018-05-31 00:08:07,288
0,31-MAY-18,513257,33,34912350,-765121050,545,2121,1882,5445125842,2018-05-31 00:08:07,53
0,31-MAY-18,513257,33,34912350,-765121050,545,2121,1882,5445125843,2018-05-31 00:08:07,53
0,31-MAY-18,502313,-1,33667450,-765282483,598,3172,192,5445125848,2018-05-31 00:08:07,94
0,31-MAY-18,514071,-1,34251067,-764774750,622,3441,501,5445125845,2018-05-31 00:08:07,970
0,31-MAY-18,-1,-1,34957550,-765047917,-1,-1,-1,5445125863,2018-05-31 00:08:08,1074
0,31-MAY-18,-1,12313,33587917,-765121083,-1,999,-1,5445125862,2018-05-31 00:08:08,1138
0,31-MAY-18,-1,-1,33584733,-765113367,-1,-1,-1,5445125861,2018-05-31 00:08:08,1159
0,31-MAY-18,-1,-1,33587150,-765115450,-1,-1,-1,5445125858,2018-05-31 00:08:08,81
0,31-MAY-18,-1,-1,33604383,-765119500,-1,-1,-1,5445125859,2018-05-31 00:08:08,832
0,31-MAY-18,-1,-1,34035283,-764761833,-1,999,-1,5445125860,2018-05-31 00:08:08,924
0,31-MAY-18,-1,5814,34034950,-764759033,-1,999,-1,5445125856,2018-05-31 00:08:08,936
0,31-MAY-18,-1,-1,34300167,-764748400,-1,-1,-1,5445125857,2018-05-31 00:08:08,984
0,31-MAY-18,511264,127,33466233,-765241133,842,3141,587,5445125872,2018-05-31 00:08:09,1009
0,31-MAY-18,511269,-1,33884900,-765170733,228,3131,620,5445125874,2018-05-31 00:08:09,1130
0,31-MAY-18,514241,32,34595667,-764861483,1087,3452,362,5445125871,2018-05-31 00:08:09,1263
0,31-MAY-18,-1,-1,34963267,-765040117,-1,-1,-1,5445125865,2018-05-31 00:08:09,192
0,31-MAY-18,-1,7071,33536000,-765233300,-1,999,-1,5445125868,2018-05-31 00:08:09,199
0,31-MAY-18,-1,1691,34032850,-764764683,-1,999,-1,5445125870,2018-05-31 00:08:09,258
0,31-MAY-18,-1,-1,34962217,-765033450,-1,-1,-1,5445125864,2018-05-31 00:08:09,297
0,31-MAY-18,-1,144,34291350,-764748500,-1,999,-1,5445125867,2018-05-31 00:08:09,717
0,31-MAY-18,-1,-1,34293467,-764740250,-1,-1,-1,5445125873,2018-05-31 00:08:09,740
0,31-MAY-18,-1,10127,34970633,-765035967,-1,999,-1,5445125869,2018-05-31 00:08:09,889
0,31-MAY-18,511033,3208,33458000,-765242150,641,3133,9855,5445125866,2018-05-31 00:08:09,95
0,31-MAY-18,-1,430,34294933,-764751750,-1,999,-1,5445125877,2018-05-31 00:08:10,1155
0,31-MAY-18,-1,613,34297983,-764744817,-1,999,-1,5445125876,2018-05-31 00:08:10,743
0,31-MAY-18,502304,14239,34289100,-764747517,-1,999,-1,5445125875,2018-05-31 00:08:10,746
0,31-MAY-18,514071,36,34245817,-764775617,622,3441,501,5445125878,2018-05-31 00:08:10,970
0,31-MAY-18,-1,-1,34958650,-765043950,-1,-1,-1,5445125884,2018-05-31 00:08:11,1079
0,31-MAY-18,503012,160,34282583,-764987533,861,2842,433,5445125883,2018-05-31 00:08:11,1096
0,31-MAY-18,-1,4146,34039950,-764760433,-1,999,-1,5445125880,2018-05-31 00:08:11,11
0,31-MAY-18,-1,287,34958433,-765053983,-1,999,-1,5445125879,2018-05-31 00:08:11,1178
0,31-MAY-18,-1,1865,34956133,-765048500,-1,999,-1,5445125882,2018-05-31 00:08:11,1192
0,31-MAY-18,500110,1082,34891267,-765052367,754,322,9996,5445125886,2018-05-31 00:08:11,200
0,31-MAY-18,-1,4298,34647267,-765243083,729,302,9982,5445125885,2018-05-31 00:08:11,210
0,31-MAY-18,514405,155,34049900,-764755767,455,347,9990,5445125888,2018-05-31 00:08:11,226
0,31-MAY-18,-1,-1,34303783,-764748183,-1,-1,-1,5445125887,2018-05-31 00:08:11,757
0,31-MAY-18,-1,-1,33593033,-765118367,-1,999,-1,5445125881,2018-05-31 00:08:11,866
0,31-MAY-18,-1,2871,34953167,-765054383,-1,999,-1,5445125904,2018-05-31 00:08:12,1075
0,31-MAY-18,514241,36,34595433,-764859967,1087,3452,362,5445125896,2018-05-31 00:08:12,1263
0,31-MAY-18,-1,-1,-1,-1,-1,-1,-1,5445125895,2018-05-31 00:08:12,151
0,31-MAY-18,-1,42,34037817,-764765750,188,1472,9759,5445125892,2018-05-31 00:08:12,219
0,31-MAY-18,-1,8908,33591567,-765114633,-1,999,-1,5445125893,2018-05-31 00:08:12,299
0,31-MAY-18,-1,-1,34289467,-764738567,-1,999,-1,5445125890,2018-05-31 00:08:12,34
0,31-MAY-18,-1,323,33589050,-765111683,-1,999,-1,5445125891,2018-05-31 00:08:12,51
0,31-MAY-18,-1,177,33580100,-765120300,-1,999,-1,5445125894,2018-05-31 00:08:12,54
0,31-MAY-18,-1,1298,34295333,-764750767,-1,999,-1,5445125898,2018-05-31 00:08:12,771
0,31-MAY-18,514046,165,34290350,-764637583,790,2841,300,5445125897,2018-05-31 00:08:12,789
0,31-MAY-18,514047,31,34295783,-764639667,790,2841,300,5445125905,2018-05-31 00:08:12,789
0,31-MAY-18,514047,31,34296750,-764640033,790,2841,300,5445125906,2018-05-31 00:08:12,789
0,31-MAY-18,514047,5,34292083,-764638233,790,2841,300,5445125900,2018-05-31 00:08:12,789
0,31-MAY-18,-1,-1,34969883,-765031967,-1,-1,-1,5445125889,2018-05-31 00:08:12,878
0,31-MAY-18,-1,5848,33592633,-765121417,-1,999,-1,5445125902,2018-05-31 00:08:12,88
0,31-MAY-18,515190,3057,34047700,-764757183,105,353,9904,5445125901,2018-05-31 00:08:12,949
0,31-MAY-18,-1,1,33594133,-765119783,-1,999,-1,5445125903,2018-05-31 00:08:12,98
0,31-MAY-18,-1,612,34304133,-764750050,-1,999,-1,5445125899,2018-05-31 00:08:12,983
0,31-MAY-18,-1,-1,34969783,-765037333,-1,-1,-1,5445125907,2018-05-31 00:08:13,1026
0,31-MAY-18,-1,216,34292450,-764748417,-1,999,-1,5445125908,2018-05-31 00:08:13,1111
0,31-MAY-18,-1,8313,34953333,-765053883,-1,999,-1,5445125911,2018-05-31 00:08:13,1190
0,31-MAY-18,-1,-1,34968917,-765038833,-1,-1,-1,5445125910,2018-05-31 00:08:13,810
0,31-MAY-18,-1,638,33591883,-765112067,-1,999,-1,5445125909,2018-05-31 00:08:13,829
0,31-MAY-18,-1,330,33593883,-765115167,-1,999,-1,5445125913,2018-05-31 00:08:14,1007
0,31-MAY-18,-1,506,34303350,-764749450,-1,999,-1,5445125919,2018-05-31 00:08:14,1115
0,31-MAY-18,-1,-1,34978017,-765020950,-1,-1,-1,5445125914,2018-05-31 00:08:14,1208
0,31-MAY-18,-1,-1,33598500,-765119317,-1,-1,-1,5445125918,2018-05-31 00:08:14,18
0,31-MAY-18,519192,-1,34776433,-765173417,937,306,9982,5445125912,2018-05-31 00:08:14,198
0,31-MAY-18,-1,40,33594483,-765116700,-1,999,-1,5445125917,2018-05-31 00:08:14,24
0,31-MAY-18,515054,6990,34302517,-764748467,999,2524,728,5445125915,2018-05-31 00:08:14,792
0,31-MAY-18,514405,769,34036783,-764765683,-1,999,-1,5445125916,2018-05-31 00:08:14,937
0,31-MAY-18,-1,60,33593683,-765120500,276,3122,9931,5445125933,2018-05-31 00:08:15,121
0,31-MAY-18,-1,-1,33587367,-765113250,314,3133,9886,5445125928,2018-05-31 00:08:15,123
0,31-MAY-18,-1,-1,33592500,-765118267,-1,999,-1,5445125929,2018-05-31 00:08:15,1233
0,31-MAY-18,-1,-1,34975150,-765022633,-1,-1,-1,5445125932,2018-05-31 00:08:15,177
0,31-MAY-18,513185,-1,34965667,-765076233,625,332,9996,5445125925,2018-05-31 00:08:15,193
0,31-MAY-18,-1,-1,34043800,-764761117,-1,-1,-1,5445125924,2018-05-31 00:08:15,238
0,31-MAY-18,-1,-1,33586950,-765111483,-1,999,-1,5445125921,2018-05-31 00:08:15,26
0,31-MAY-18,-1,398,33595233,-765118067,-1,999,-1,5445125920,2018-05-31 00:08:15,382
0,31-MAY-18,-1,2758,33592750,-765114783,-1,999,-1,5445125930,2018-05-31 00:08:15,42
0,31-MAY-18,-1,-1,34303067,-764748983,-1,999,-1,5445125926,2018-05-31 00:08:15,744
0,31-MAY-18,-1,-1,33673083,-765300017,-1,999,-1,5445125927,2018-05-31 00:08:15,873
0,31-MAY-18,-1,-1,34042683,-764762400,-1,-1,-1,5445125922,2018-05-31 00:08:15,935
0,31-MAY-18,514482,66,34076683,-764699667,618,2841,302,5445125931,2018-05-31 00:08:15,968
0,31-MAY-18,-1,43,34301667,-764754067,-1,999,-1,5445125923,2018-05-31 00:08:15,975
0,31-MAY-18,-1,507,34300700,-764748767,-1,999,-1,5445125939,2018-05-31 00:08:16,1113
0,31-MAY-18,-1,-1,33603567,-765122300,-1,-1,-1,5445125934,2018-05-31 00:08:16,1120
0,31-MAY-18,-1,5762,33593750,-765119267,-1,999,-1,5445125935,2018-05-31 00:08:16,1129
0,31-MAY-18,-1,827,34972033,-765007433,-1,999,-1,5445125938,2018-05-31 00:08:16,1185
0,31-MAY-18,-1,-1,34297883,-764743633,-1,-1,-1,5445125937,2018-05-31 00:08:16,754
0,31-MAY-18,514047,189,34311333,-764644933,790,2841,300,5445125936,2018-05-31 00:08:16,789
0,31-MAY-18,-1,12494,34303150,-764754083,-1,999,-1,5445125940,2018-05-31 00:08:17,1094
0,31-MAY-18,-1,-1,34964583,-765056733,-1,999,-1,5445125945,2018-05-31 00:08:17,1212
0,31-MAY-18,514241,11,34592767,-764859100,1087,3452,362,5445125944,2018-05-31 00:08:17,1263
0,31-MAY-18,-1,-1,33616400,-765097317,-1,-1,-1,5445125942,2018-05-31 00:08:17,19
0,31-MAY-18,514371,17,34346300,-764836850,53,3442,645,5445125943,2018-05-31 00:08:17,274
0,31-MAY-18,-1,-1,34971367,-765028833,-1,-1,-1,5445125946,2018-05-31 00:08:17,303
0,31-MAY-18,511204,-1,34210633,-765478467,611,3191,9892,5445125941,2018-05-31 00:08:17,900
0,31-MAY-18,-1,-1,34975150,-765022300,-1,-1,-1,5445125952,2018-05-31 00:08:18,1029
0,31-MAY-18,-1,3926,34290467,-764748967,-1,999,-1,5445125951,2018-05-31 00:08:18,1093
0,31-MAY-18,-1,-1,-1,-1,-1,-1,-1,5445125958,2018-05-31 00:08:18,1128
0,31-MAY-18,517076,8850,34659983,-765244567,614,373,9980,5445125957,2018-05-31 00:08:18,186
0,31-MAY-18,515190,-1,34073983,-764746017,606,353,9952,5445125947,2018-05-31 00:08:18,272
0,31-MAY-18,501850,14066,34293017,-764750367,-1,999,-1,5445125954,2018-05-31 00:08:18,45
0,31-MAY-18,-1,-1,33599800,-765117533,-1,-1,-1,5445125956,2018-05-31 00:08:18,68
0,31-MAY-18,-1,-1,34302067,-764746833,-1,-1,-1,5445125949,2018-05-31 00:08:18,772
0,31-MAY-18,-1,-1,34970667,-765035650,-1,-1,-1,5445125948,2018-05-31 00:08:18,805
0,31-MAY-18,-1,-1,33593717,-765116650,-1,-1,-1,5445125955,2018-05-31 00:08:18,836
0,31-MAY-18,-1,-1,34183833,-765482533,-1,-1,-1,5445125953,2018-05-31 00:08:18,951
0,31-MAY-18,-1,-1,34304783,-764754067,-1,999,-1,5445125950,2018-05-31 00:08:18,959
0,31-MAY-18,-1,-1,34290817,-764747267,-1,999,-1,5445125960,2018-05-31 00:08:19,1108
0,31-MAY-18,-1,897,34290167,-764748333,-1,999,-1,5445125961,2018-05-31 00:08:19,1110
0,31-MAY-18,-1,-1,33587983,-765120433,-1,999,-1,5445125962,2018-05-31 00:08:19,1161
0,31-MAY-18,-1,-1,34956850,-765047583,-1,-1,-1,5445125964,2018-05-31 00:08:19,1180
0,31-MAY-18,-1,5652,34965333,-765035533,-1,999,-1,5445125963,2018-05-31 00:08:19,213
0,31-MAY-18,-1,-1,33586317,-765112450,-1,-1,-1,5445125965,2018-05-31 00:08:19,30
0,31-MAY-18,-1,-1,34035250,-764758850,-1,-1,-1,5445125959,2018-05-31 00:08:19,929
0,31-MAY-18,-1,6364,33582883,-765122567,-1,999,-1,5445125968,2018-05-31 00:08:20,1046
0,31-MAY-18,-1,-1,33591900,-765113317,-1,-1,-1,5445125970,2018-05-31 00:08:20,1124
0,31-MAY-18,500109,1,34894533,-765066883,799,323,228,5445125969,2018-05-31 00:08:20,1214
0,31-MAY-18,-1,253,33594733,-765115383,-1,999,-1,5445125971,2018-05-31 00:08:20,37
0,31-MAY-18,-1,-1,34045767,-764761000,-1,999,-1,5445125967,2018-05-31 00:08:20,618
0,31-MAY-18,-1,-1,34970017,-765037083,-1,-1,-1,5445125966,2018-05-31 00:08:20,893
0,31-MAY-18,-1,-1,34965217,-765035517,-1,-1,-1,5445125974,2018-05-31 00:08:21,1061
0,31-MAY-18,511059,-1,33827083,-765759200,116,3192,9990,5445125984,2018-05-31 00:08:21,119
0,31-MAY-18,-1,273,33586433,-765120617,-1,999,-1,5445125976,2018-05-31 00:08:21,27
0,31-MAY-18,512003,7,34918250,-765139433,545,2121,1882,5445125975,2018-05-31 00:08:21,53
0,31-MAY-18,-1,-1,33606533,-765123183,-1,-1,-1,5445125982,2018-05-31 00:08:21,56
0,31-MAY-18,-1,-1,33605850,-765121950,-1,-1,-1,5445125979,2018-05-31 00:08:21,632
0,31-MAY-18,-1,-1,34292433,-764744517,-1,-1,-1,5445125978,2018-05-31 00:08:21,705
0,31-MAY-18,-1,616,34300183,-764747033,-1,999,-1,5445125973,2018-05-31 00:08:21,745
0,31-MAY-18,-1,113,34294917,-764751483,-1,999,-1,5445125972,2018-05-31 00:08:21,767
0,31-MAY-18,-1,143,34294817,-764751000,-1,999,-1,5445125977,2018-05-31 00:08:21,775
0,31-MAY-18,514048,3,34315467,-764646433,790,2841,300,5445125983,2018-05-31 00:08:21,789
0,31-MAY-18,-1,-1,34970400,-765036350,-1,-1,-1,5445125980,2018-05-31 00:08:21,813
0,31-MAY-18,511278,373,33765500,-765251967,555,2121,2178,5445125981,2018-05-31 00:08:21,844
0,31-MAY-18,-1,113,33590467,-765114417,-1,999,-1,5445125986,2018-05-31 00:08:22,1049
0,31-MAY-18,-1,-1,34972567,-765008700,-1,-1,-1,5445125987,2018-05-31 00:08:22,1173
0,31-MAY-18,514241,51,34590133,-764858517,1087,3452,362,5445125990,2018-05-31 00:08:22,1263
0,31-MAY-18,500108,1057,34892583,-765056467,337,552,9999,5445125989,2018-05-31 00:08:22,181
0,31-MAY-18,-1,-1,34278467,-764995150,-1,-1,-1,5445125992,2018-05-31 00:08:22,251
0,31-MAY-18,-1,-1,33607850,-765121233,-1,999,-1,5445125985,2018-05-31 00:08:22,71
0,31-MAY-18,-1,-1,34302433,-764746983,-1,-1,-1,5445125993,2018-05-31 00:08:22,759
0,31-MAY-18,-1,-1,34969100,-765038500,-1,-1,-1,5445125991,2018-05-31 00:08:22,815
0,31-MAY-18,-1,6111,33591333,-765121183,-1,999,-1,5445125995,2018-05-31 00:08:22,850
0,31-MAY-18,-1,7757,33590217,-765111767,-1,999,-1,5445125994,2018-05-31 00:08:22,863
0,31-MAY-18,514072,-1,34231200,-764778350,622,3441,501,5445125988,2018-05-31 00:08:22,970
0,31-MAY-18,-1,-1,33591283,-765113267,-1,-1,-1,5445126003,2018-05-31 00:08:23,1048
0,31-MAY-18,519281,10398,34963367,-765038000,-1,999,-1,5445125996,2018-05-31 00:08:23,188
0,31-MAY-18,513239,203,34848683,-764836700,896,3351,529,5445126002,2018-05-31 00:08:23,202
0,31-MAY-18,-1,-1,33590617,-765112250,-1,-1,-1,5445126004,2018-05-31 00:08:23,44
0,31-MAY-18,512003,-1,34918967,-765141833,545,2121,1882,5445125997,2018-05-31 00:08:23,53
0,31-MAY-18,-1,-1,34301417,-764753967,-1,999,-1,5445125998,2018-05-31 00:08:23,765
0,31-MAY-18,-1,1182,34300767,-764747833,-1,999,-1,5445126005,2018-05-31 00:08:23,785
0,31-MAY-18,511279,33,33763917,-765252000,555,2121,2178,5445126001,2018-05-31 00:08:23,844
0,31-MAY-18,511444,-1,33717867,-765563500,12,3124,239,5445126000,2018-05-31 00:08:23,876
0,31-MAY-18,-1,-1,34043417,-764761633,-1,-1,-1,5445125999,2018-05-31 00:08:23,919
0,31-MAY-18,511270,22,33884883,-765173783,228,3131,620,5445126013,2018-05-31 00:08:24,1130
0,31-MAY-18,511270,31,33884883,-765175067,228,3131,620,5445126014,2018-05-31 00:08:24,1130
0,31-MAY-18,511270,31,33884883,-765175067,228,3131,620,5445126015,2018-05-31 00:08:24,1130
0,31-MAY-18,513106,2816,34851783,-764924417,436,3372,9994,5445126008,2018-05-31 00:08:24,1193
0,31-MAY-18,513044,198,34917067,-764964850,393,333,317,5445126011,2018-05-31 00:08:24,1210
0,31-MAY-18,-1,14,34046883,-764757383,-1,999,-1,5445126006,2018-05-31 00:08:24,269
0,31-MAY-18,514371,53,34349467,-764837050,53,3442,645,5445126009,2018-05-31 00:08:24,274
0,31-MAY-18,-1,-1,34037383,-764754300,-1,-1,-1,5445126012,2018-05-31 00:08:24,289
0,31-MAY-18,-1,-1,34045500,-764758333,-1,-1,-1,5445126010,2018-05-31 00:08:24,555
0,31-MAY-18,501703,12675,-1,-1,-1,-1,-1,5445126007,2018-05-31 00:08:24,706
0,31-MAY-18,511271,-1,33884850,-765178850,228,3131,620,5445126030,2018-05-31 00:08:25,1130
0,31-MAY-18,-1,-1,33591033,-765112333,-1,-1,-1,5445126021,2018-05-31 00:08:25,1144
0,31-MAY-18,-1,3978,33561350,-765235467,-1,999,-1,5445126020,2018-05-31 00:08:25,1145
0,31-MAY-18,-1,79,34962700,-765053383,-1,999,-1,5445126017,2018-05-31 00:08:25,1179
0,31-MAY-18,-1,-1,34972817,-765005733,-1,999,-1,5445126028,2018-05-31 00:08:25,1197
0,31-MAY-18,-1,-1,34959483,-765045033,-1,999,-1,5445126016,2018-05-31 00:08:25,1203
0,31-MAY-18,-1,3492,33594517,-765114933,-1,999,-1,5445126019,2018-05-31 00:08:25,128
0,31-MAY-18,-1,6386,34893033,-765055933,176,1571,9949,5445126023,2018-05-31 00:08:25,653
0,31-MAY-18,-1,-1,34304567,-764750350,-1,999,-1,5445126018,2018-05-31 00:08:25,709
0,31-MAY-18,-1,19094,34294433,-764746117,-1,999,-1,5445126025,2018-05-31 00:08:25,749
0,31-MAY-18,-1,2247,34301267,-764747750,-1,999,-1,5445126031,2018-05-31 00:08:25,788
0,31-MAY-18,514048,32,34317867,-764647367,790,2841,300,5445126024,2018-05-31 00:08:25,789
0,31-MAY-18,514048,32,34318500,-764647633,790,2841,300,5445126029,2018-05-31 00:08:25,789
0,31-MAY-18,-1,-1,34301383,-764747750,-1,-1,-1,5445126022,2018-05-31 00:08:25,802
0,31-MAY-18,-1,631,33588700,-765111233,-1,999,-1,5445126026,2018-05-31 00:08:25,828
0,31-MAY-18,-1,-1,33597850,-765119500,-1,-1,-1,5445126027,2018-05-31 00:08:25,83
0,31-MAY-18,-1,-1,33604533,-765122200,-1,-1,-1,5445126039,2018-05-31 00:08:26,1003
0,31-MAY-18,511265,34,33497150,-765236650,842,3141,587,5445126040,2018-05-31 00:08:26,1009
0,31-MAY-18,-1,174,34292733,-764749250,-1,999,-1,5445126032,2018-05-31 00:08:26,1107
0,31-MAY-18,-1,236,33587833,-765114683,-1,999,-1,5445126033,2018-05-31 00:08:26,1135
0,31-MAY-18,-1,367,34959467,-765043417,-1,999,-1,5445126038,2018-05-31 00:08:26,1172
0,31-MAY-18,-1,-1,34040733,-764756467,-1,-1,-1,5445126034,2018-05-31 00:08:26,624
0,31-MAY-18,-1,-1,33591200,-765112150,-1,-1,-1,5445126037,2018-05-31 00:08:26,823
0,31-MAY-18,-1,13,34046250,-764758450,874,3411,9990,5445126036,2018-05-31 00:08:26,928
0,31-MAY-18,-1,-1,34034283,-764762183,-1,999,-1,5445126035,2018-05-31 00:08:26,940
0,31-MAY-18,511274,3374,33657433,-765265550,373,2211,9861,5445126048,2018-05-31 00:08:27,1139
0,31-MAY-18,-1,5,33586167,-765109650,-1,-1,-1,5445126043,2018-05-31 00:08:27,116
0,31-MAY-18,511352,-1,33740550,-765486733,160,3122,9943,5445126051,2018-05-31 00:08:27,124
0,31-MAY-18,-1,-1,34958417,-765054267,-1,999,-1,5445126045,2018-05-31 00:08:27,180
0,31-MAY-18,-1,1953,34056300,-764752233,-1,999,-1,5445126042,2018-05-31 00:08:27,227
0,31-MAY-18,-1,-1,34034867,-764761950,-1,-1,-1,5445126041,2018-05-31 00:08:27,259
0,31-MAY-18,-1,3352,34963183,-765036983,-1,999,-1,5445126044,2018-05-31 00:08:27,307
0,31-MAY-18,-1,-1,33590050,-765113050,-1,-1,-1,5445126050,2018-05-31 00:08:27,67
0,31-MAY-18,-1,594,34299517,-764746300,-1,999,-1,5445126047,2018-05-31 00:08:27,797
0,31-MAY-18,-1,4198,33589117,-765114550,-1,999,-1,5445126049,2018-05-31 00:08:27,856
0,31-MAY-18,511440,-1,33719117,-765561650,12,3124,239,5445126046,2018-05-31 00:08:27,876
0,31-MAY-18,-1,141,34295650,-764751217,-1,999,-1,5445126053,2018-05-31 00:08:28,1103
0,31-MAY-18,-1,-1,33603217,-765122200,-1,-1,-1,5445126059,2018-05-31 00:08:28,1217
0,31-MAY-18,-1,367,33592283,-765120733,-1,999,-1,5445126055,2018-05-31 00:08:28,125
0,31-MAY-18,-1,-1,34035650,-764761500,-1,-1,-1,5445126052,2018-05-31 00:08:28,221
0,31-MAY-18,-1,-1,34040517,-764764017,560,347,9998,5445126056,2018-05-31 00:08:28,240
0,31-MAY-18,500164,285,34438983,-764819567,904,3411,356,5445126058,2018-05-31 00:08:28,250
0,31-MAY-18,-1,-1,33599117,-765121733,-1,-1,-1,5445126061,2018-05-31 00:08:28,402
0,31-MAY-18,-1,-1,34969500,-765038167,-1,-1,-1,5445126057,2018-05-31 00:08:28,894
0,31-MAY-18,-1,115,34047600,-764759683,-1,999,-1,5445126054,2018-05-31 00:08:28,926
0,31-MAY-18,514072,35,34225717,-764779350,622,3441,501,5445126060,2018-05-31 00:08:28,970
0,31-MAY-18,-1,-1,-1,-1,-1,-1,-1,5445126068,2018-05-31 00:08:29,1018
0,31-MAY-18,-1,-1,34970167,-765025300,-1,-1,-1,5445126071,2018-05-31 00:08:29,1201
0,31-MAY-18,513045,3,34913383,-764967367,393,333,317,5445126069,2018-05-31 00:08:29,1210
0,31-MAY-18,-1,-1,-1,-1,-1,-1,-1,5445126067,2018-05-31 00:08:29,204
0,31-MAY-18,-1,-1,34035283,-764758883,-1,-1,-1,5445126066,2018-05-31 00:08:29,241
0,31-MAY-18,-1,342,34961933,-765040600,-1,999,-1,5445126063,2018-05-31 00:08:29,300
0,31-MAY-18,-1,-1,33600833,-765117767,-1,-1,-1,5445126064,2018-05-31 00:08:29,437
0,31-MAY-18,-1,1721,34297283,-764754350,-1,999,-1,5445126065,2018-05-31 00:08:29,761
0,31-MAY-18,-1,1182,34300583,-764747683,-1,999,-1,5445126070,2018-05-31 00:08:29,785
0,31-MAY-18,-1,-1,34039167,-764764917,-1,999,-1,5445126062,2018-05-31 00:08:29,910
0,31-MAY-18,-1,-1,34295183,-764747700,-1,-1,-1,5445126072,2018-05-31 00:08:29,974
0,31-MAY-18,500101,12510,34294067,-764750583,-1,999,-1,5445126075,2018-05-31 00:08:30,1005
0,31-MAY-18,513041,2421,34964883,-765060917,110,321,9893,5445126074,2018-05-31 00:08:30,1067
0,31-MAY-18,-1,-1,34975367,-765021917,-1,-1,-1,5445126084,2018-05-31 00:08:30,1072
0,31-MAY-18,519041,4446,34781600,-765175900,259,305,9992,5445126076,2018-05-31 00:08:30,1189
0,31-MAY-18,-1,3688,34958317,-765046383,-1,999,-1,5445126077,2018-05-31 00:08:30,145
0,31-MAY-18,514361,-1,34277967,-764659383,96,3442,9865,5445126085,2018-05-31 00:08:30,263
0,31-MAY-18,511274,6199,33445933,-765241117,702,2211,9874,5445126078,2018-05-31 00:08:30,312
0,31-MAY-18,-1,15687,33591683,-765118767,-1,-1,-1,5445126081,2018-05-31 00:08:30,314
0,31-MAY-18,511279,63,33757617,-765252283,555,2121,2178,5445126079,2018-05-31 00:08:30,844
0,31-MAY-18,511251,-1,33667450,-765282500,598,3172,192,5445126082,2018-05-31 00:08:30,94
0,31-MAY-18,-1,471,34294400,-764744617,-1,999,-1,5445126073,2018-05-31 00:08:30,953
0,31-MAY-18,-1,-1,34296567,-764747100,-1,999,-1,5445126080,2018-05-31 00:08:30,966
0,31-MAY-18,-1,202,33594400,-765113550,-1,999,-1,5445126083,2018-05-31 00:08:30,992
0,31-MAY-18,-1,3745,33587717,-765111267,-1,999,-1,5445126090,2018-05-31 00:08:31,1008
0,31-MAY-18,-1,719,33589433,-765114050,-1,999,-1,5445126098,2018-05-31 00:08:31,1033
0,31-MAY-18,500153,7852,34293800,-764745050,-1,999,-1,5445126099,2018-05-31 00:08:31,1109
0,31-MAY-18,500111,-1,34893667,-765063067,799,323,228,5445126089,2018-05-31 00:08:31,1214
0,31-MAY-18,-1,1963,33586617,-765113383,-1,999,-1,5445126100,2018-05-31 00:08:31,1220
0,31-MAY-18,-1,1497,34960033,-765043450,-1,999,-1,5445126086,2018-05-31 00:08:31,190
0,31-MAY-18,-1,-1,33600517,-765122050,-1,-1,-1,5445126096,2018-05-31 00:08:31,23
0,31-MAY-18,-1,-1,34041033,-764756350,-1,-1,-1,5445126088,2018-05-31 00:08:31,239
0,31-MAY-18,512003,-1,34920083,-765145417,545,2121,1882,5445126091,2018-05-31 00:08:31,53
0,31-MAY-18,512003,-1,34920467,-765146650,545,2121,1882,5445126093,2018-05-31 00:08:31,53
0,31-MAY-18,-1,403,33586533,-765110833,-1,999,-1,5445126087,2018-05-31 00:08:31,65
0,31-MAY-18,-1,-1,34303050,-764754467,-1,999,-1,5445126094,2018-05-31 00:08:31,739
0,31-MAY-18,514048,4,34322983,-764649267,790,2841,300,5445126097,2018-05-31 00:08:31,789
0,31-MAY-18,-1,-1,33603733,-765122283,-1,-1,-1,5445126092,2018-05-31 00:08:31,835
0,31-MAY-18,-1,22523,33591200,-765114133,-1,999,-1,5445126095,2018-05-31 00:08:31,991
0,31-MAY-18,511162,1096,33663250,-765262483,986,3171,261,5445126105,2018-05-31 00:08:32,1006
0,31-MAY-18,-1,-1,34953817,-765053050,-1,-1,-1,5445126108,2018-05-31 00:08:32,1032
0,31-MAY-18,-1,2130,34959817,-765053717,-1,999,-1,5445126102,2018-05-31 00:08:32,1068
0,31-MAY-18,-1,6982,34966883,-765044633,-1,999,-1,5445126101,2018-05-31 00:08:32,1076
0,31-MAY-18,-1,4105,33571817,-765236583,-1,999,-1,5445126106,2018-05-31 00:08:32,1145
0,31-MAY-18,-1,-1,33584400,-765110317,-1,-1,-1,5445126103,2018-05-31 00:08:32,130
0,31-MAY-18,-1,13671,34958983,-765045433,-1,999,-1,5445126107,2018-05-31 00:08:32,203
0,31-MAY-18,-1,126,34034733,-764763783,423,1571,9885,5445126110,2018-05-31 00:08:32,216
0,31-MAY-18,-1,5,34035400,-764763233,115,150,9948,5445126111,2018-05-31 00:08:32,551
0,31-MAY-18,-1,-1,34970200,-765031417,-1,-1,-1,5445126109,2018-05-31 00:08:32,637
0,31-MAY-18,514195,3609,34065867,-764750567,733,355,9992,5445126113,2018-05-31 00:08:32,700
0,31-MAY-18,-1,-1,34299283,-764750500,-1,999,-1,5445126104,2018-05-31 00:08:32,725
0,31-MAY-18,-1,-1,34970967,-765034867,-1,-1,-1,5445126112,2018-05-31 00:08:32,809
0,31-MAY-18,511271,34,33884933,-765184467,228,3131,620,5445126117,2018-05-31 00:08:33,1130
0,31-MAY-18,513001,5428,34898900,-765078567,79,336,9998,5445126116,2018-05-31 00:08:33,1211
0,31-MAY-18,-1,-1,33585583,-765111517,-1,999,-1,5445126115,2018-05-31 00:08:33,855
0,31-MAY-18,-1,168,34293350,-764749300,-1,999,-1,5445126114,2018-05-31 00:08:33,977
0,31-MAY-18,513211,185,34859533,-765010100,511,2121,1884,5445126120,2018-05-31 00:08:34,1078
0,31-MAY-18,-1,-1,34963683,-765054117,-1,999,-1,5445126119,2018-05-31 00:08:34,1213
0,31-MAY-18,513240,3,34843817,-764835167,896,3351,529,5445126125,2018-05-31 00:08:34,202
0,31-MAY-18,-1,499,34034617,-764761833,707,142,9964,5445126122,2018-05-31 00:08:34,616
0,31-MAY-18,-1,598,34301233,-764745933,-1,999,-1,5445126123,2018-05-31 00:08:34,747
0,31-MAY-18,-1,15123,34300217,-764754833,-1,999,-1,5445126124,2018-05-31 00:08:34,774
0,31-MAY-18,-1,18128,34957383,-765047450,-1,999,-1,5445126121,2018-05-31 00:08:34,888
0,31-MAY-18,-1,64,34299100,-764754583,-1,999,-1,5445126118,2018-05-31 00:08:34,975
0,31-MAY-18,511265,140,33507633,-765234717,842,3141,587,5445126134,2018-05-31 00:08:35,1009
0,31-MAY-18,513032,3,34859950,-765009983,511,2121,1884,5445126128,2018-05-31 00:08:35,1078
0,31-MAY-18,-1,110,34294400,-764750000,-1,999,-1,5445126126,2018-05-31 00:08:35,1112
0,31-MAY-18,-1,7809,34651217,-765240267,-1,999,-1,5445126135,2018-05-31 00:08:35,1202
0,31-MAY-18,-1,-1,34970933,-765035317,-1,-1,-1,5445126127,2018-05-31 00:08:35,137
0,31-MAY-18,502302,4537,33589067,-765217967,154,3141,9984,5445126131,2018-05-31 00:08:35,32
0,31-MAY-18,-1,-1,34956000,-765049800,-1,999,-1,5445126132,2018-05-31 00:08:35,817
0,31-MAY-18,504016,12276,34032367,-765410350,497,131,9921,5445126130,2018-05-31 00:08:35,837
0,31-MAY-18,513316,-1,34907067,-764917050,215,553,615,5445126129,2018-05-31 00:08:35,899
0,31-MAY-18,-1,1336,34041367,-764758833,-1,999,-1,5445126133,2018-05-31 00:08:35,932
0,31-MAY-18,511441,-1,33594100,-765121283,657,3124,9881,5445126140,2018-05-31 00:08:36,103
0,31-MAY-18,500165,3570,34289267,-764746950,-1,999,-1,5445126144,2018-05-31 00:08:36,1045
0,31-MAY-18,-1,-1,34300367,-764748267,-1,-1,-1,5445126137,2018-05-31 00:08:36,1095
0,31-MAY-18,-1,12313,33587800,-765121317,-1,999,-1,5445126142,2018-05-31 00:08:36,1138
0,31-MAY-18,-1,5462,33587083,-765110917,-1,999,-1,5445126141,2018-05-31 00:08:36,1154
0,31-MAY-18,-1,-1,34974150,-765024467,-1,-1,-1,5445126138,2018-05-31 00:08:36,163
0,31-MAY-18,-1,423,34956283,-765049217,-1,999,-1,5445126143,2018-05-31 00:08:36,166
0,31-MAY-18,-1,-1,34301500,-764747417,-1,-1,-1,5445126139,2018-05-31 00:08:36,760
0,31-MAY-18,500104,12457,34297533,-764752817,-1,999,-1,5445126136,2018-05-31 00:08:36,960
0,31-MAY-18,513045,32,34908367,-764970833,393,333,317,5445126148,2018-05-31 00:08:37,1210
0,31-MAY-18,-1,-1,34035267,-764761800,-1,999,-1,5445126147,2018-05-31 00:08:37,924
0,31-MAY-18,-1,-1,34042667,-764762400,-1,-1,-1,5445126145,2018-05-31 00:08:37,935
0,31-MAY-18,-1,5814,34034950,-764759033,-1,999,-1,5445126146,2018-05-31 00:08:37,936
0,31-MAY-18,500111,-1,34892767,-765060167,799,323,9998,5445126152,2018-05-31 00:08:38,1214
0,31-MAY-18,-1,-1,33572400,-765151183,-1,-1,-1,5445126159,2018-05-31 00:08:38,126
0,31-MAY-18,-1,7595,33583100,-765238050,-1,999,-1,5445126150,2018-05-31 00:08:38,199
0,31-MAY-18,-1,-1,34035750,-764763083,-1,-1,-1,5445126153,2018-05-31 00:08:38,218
0,31-MAY-18,-1,1692,34033000,-764764817,-1,999,-1,5445126155,2018-05-31 00:08:38,258
0,31-MAY-18,-1,-1,34038167,-764753550,-1,-1,-1,5445126149,2018-05-31 00:08:38,288
0,31-MAY-18,-1,144,34291367,-764748450,-1,999,-1,5445126151,2018-05-31 00:08:38,717
0,31-MAY-18,514048,84,34327267,-764650633,790,2841,300,5445126156,2018-05-31 00:08:38,789
0,31-MAY-18,514538,5,34328000,-764650900,790,2841,300,5445126158,2018-05-31 00:08:38,789
0,31-MAY-18,-1,10127,34970650,-765035950,-1,999,-1,5445126157,2018-05-31 00:08:38,889
0,31-MAY-18,511251,-1,33667450,-765282500,598,3172,192,5445126154,2018-05-31 00:08:38,94
0,31-MAY-18,-1,1863,34974433,-765009433,-1,999,-1,5445126165,2018-05-31 00:08:39,1071
0,31-MAY-18,-1,-1,34957467,-765048050,-1,-1,-1,5445126171,2018-05-31 00:08:39,1074
0,31-MAY-18,511271,77,33884967,-765187817,228,3131,620,5445126172,2018-05-31 00:08:39,1130
0,31-MAY-18,-1,432,34294933,-764751750,-1,999,-1,5445126168,2018-05-31 00:08:39,1155
0,31-MAY-18,-1,-1,33584700,-765113367,-1,-1,-1,5445126169,2018-05-31 00:08:39,1159
0,31-MAY-18,513240,32,34841050,-764834333,896,3351,529,5445126170,2018-05-31 00:08:39,202
0,31-MAY-18,-1,613,34297983,-764744767,-1,999,-1,5445126161,2018-05-31 00:08:39,743
0,31-MAY-18,502304,14239,34289100,-764747517,-1,999,-1,5445126164,2018-05-31 00:08:39,746
0,31-MAY-18,-1,-1,33587133,-765115450,-1,-1,-1,5445126167,2018-05-31 00:08:39,81
0,31-MAY-18,-1,-1,33604417,-765119500,-1,-1,-1,5445126160,2018-05-31 00:08:39,832
0,31-MAY-18,-1,-1,33593033,-765118383,-1,999,-1,5445126162,2018-05-31 00:08:39,866
0,31-MAY-18,511033,3359,33446883,-765241050,641,3133,9855,5445126166,2018-05-31 00:08:39,95
0,31-MAY-18,-1,-1,34300183,-764748417,-1,-1,-1,5445126163,2018-05-31 00:08:39,984
0,31-MAY-18,511265,229,33515000,-765233717,842,3141,587,5445126178,2018-05-31 00:08:40,1009
0,31-MAY-18,-1,4146,34039950,-764760450,-1,999,-1,5445126174,2018-05-31 00:08:40,11
0,31-MAY-18,-1,365,34952200,-765055300,-1,999,-1,5445126173,2018-05-31 00:08:40,1178
0,31-MAY-18,-1,1865,34956100,-765048483,-1,999,-1,5445126176,2018-05-31 00:08:40,1192
0,31-MAY-18,-1,-1,34963267,-765040100,-1,-1,-1,5445126175,2018-05-31 00:08:40,192
0,31-MAY-18,-1,4561,34666017,-765238583,729,302,9982,5445126179,2018-05-31 00:08:40,210
0,31-MAY-18,-1,-1,34293567,-764740367,-1,-1,-1,5445126177,2018-05-31 00:08:40,740
0,31-MAY-18,-1,-1,34958967,-765043967,-1,-1,-1,5445126184,2018-05-31 00:08:41,1079
0,31-MAY-18,503012,160,34282550,-764987467,861,2842,433,5445126185,2018-05-31 00:08:41,1096
0,31-MAY-18,514452,3,34577283,-764855050,1087,3452,362,5445126187,2018-05-31 00:08:41,1263
0,31-MAY-18,514405,161,34050000,-764755700,455,347,9990,5445126192,2018-05-31 00:08:41,226
0,31-MAY-18,-1,-1,34969450,-765031183,-1,-1,-1,5445126180,2018-05-31 00:08:41,297
0,31-MAY-18,-1,8908,33591550,-765114633,-1,999,-1,5445126181,2018-05-31 00:08:41,299
0,31-MAY-18,-1,323,33589133,-765111717,-1,999,-1,5445126183,2018-05-31 00:08:41,51
0,31-MAY-18,513259,6,34925633,-765162850,545,2121,1882,5445126182,2018-05-31 00:08:41,53
0,31-MAY-18,-1,209,33580233,-765123400,-1,999,-1,5445126186,2018-05-31 00:08:41,54
0,31-MAY-18,-1,1298,34295317,-764750817,-1,999,-1,5445126190,2018-05-31 00:08:41,771
0,31-MAY-18,-1,5848,33592683,-765121367,-1,999,-1,5445126188,2018-05-31 00:08:41,88
0,31-MAY-18,-1,1,33594133,-765119733,-1,999,-1,5445126189,2018-05-31 00:08:41,98
0,31-MAY-18,-1,612,34304117,-764750050,-1,999,-1,5445126191,2018-05-31 00:08:41,983
0,31-MAY-18,-1,2871,34953150,-765054383,-1,999,-1,5445126197,2018-05-31 00:08:42,1075
0,31-MAY-18,-1,216,34292467,-764748417,-1,999,-1,5445126194,2018-05-31 00:08:42,1111
0,31-MAY-18,-1,8313,34953350,-765053867,-1,999,-1,5445126199,2018-05-31 00:08:42,1190
0,31-MAY-18,500110,1595,34904300,-765094250,754,322,9996,5445126198,2018-05-31 00:08:42,200
0,31-MAY-18,-1,-1,34289467,-764738583,-1,999,-1,5445126193,2018-05-31 00:08:42,34
0,31-MAY-18,-1,-1,34303783,-764748183,-1,-1,-1,5445126196,2018-05-31 00:08:42,757
0,31-MAY-18,-1,638,33591883,-765112067,-1,999,-1,5445126195,2018-05-31 00:08:42,829
0,31-MAY-18,-1,330,33593867,-765115183,-1,999,-1,5445126203,2018-05-31 00:08:43,1007
0,31-MAY-18,-1,506,34303367,-764749450,-1,999,-1,5445126204,2018-05-31 00:08:43,1115
0,31-MAY-18,-1,-1,-1,-1,-1,-1,-1,5445126207,2018-05-31 00:08:43,151
0,31-MAY-18,519192,-1,34778883,-765171867,937,306,9982,5445126201,2018-05-31 00:08:43,198
0,31-MAY-18,-1,183,34032367,-764766900,188,1472,9759,5445126200,2018-05-31 00:08:43,219
0,31-MAY-18,-1,45,33594533,-765116883,-1,999,-1,5445126205,2018-05-31 00:08:43,24
0,31-MAY-18,513259,33,34926233,-765164833,545,2121,1882,5445126202,2018-05-31 00:08:43,53
0,31-MAY-18,515054,6990,34302600,-764748433,999,2524,728,5445126208,2018-05-31 00:08:43,792
0,31-MAY-18,514405,769,34036800,-764765683,-1,999,-1,5445126206,2018-05-31 00:08:43,937
0,31-MAY-18,513032,33,34865133,-765008467,511,2121,1884,5445126212,2018-05-31 00:08:44,1078
0,31-MAY-18,-1,507,34300700,-764748750,-1,999,-1,5445126217,2018-05-31 00:08:44,1113
0,31-MAY-18,-1,5762,33593750,-765119250,-1,999,-1,5445126209,2018-05-31 00:08:44,1129
0,31-MAY-18,-1,-1,33587383,-765113233,314,3133,9886,5445126220,2018-05-31 00:08:44,123
0,31-MAY-18,-1,-1,33592483,-765118250,-1,999,-1,5445126216,2018-05-31 00:08:44,1233
0,31-MAY-18,513185,-1,34964783,-765061867,625,332,9996,5445126214,2018-05-31 00:08:44,193
0,31-MAY-18,-1,-1,33586917,-765111483,-1,999,-1,5445126210,2018-05-31 00:08:44,26
0,31-MAY-18,-1,398,33595217,-765118067,-1,999,-1,5445126211,2018-05-31 00:08:44,382
0,31-MAY-18,-1,2758,33592767,-765114783,-1,999,-1,5445126218,2018-05-31 00:08:44,42
0,31-MAY-18,513259,33,34926517,-765165783,545,2121,1882,5445126213,2018-05-31 00:08:44,53
0,31-MAY-18,-1,-1,34302967,-764749450,-1,999,-1,5445126215,2018-05-31 00:08:44,744
0,31-MAY-18,-1,-1,33672983,-765299817,-1,999,-1,5445126221,2018-05-31 00:08:44,873
0,31-MAY-18,515190,3057,34047700,-764757200,105,353,9904,5445126219,2018-05-31 00:08:44,949
0,31-MAY-18,-1,-1,34969783,-765037333,-1,-1,-1,5445126222,2018-05-31 00:08:45,1026
0,31-MAY-18,-1,-1,33598500,-765119283,-1,-1,-1,5445126224,2018-05-31 00:08:45,18
0,31-MAY-18,514538,35,34332767,-764652633,790,2841,300,5445126223,2018-05-31 00:08:45,789
0,31-MAY-18,-1,-1,34975133,-765022650,-1,-1,-1,5445126230,2018-05-31 00:08:46,177
0,31-MAY-18,-1,-1,34043833,-764761133,-1,-1,-1,5445126228,2018-05-31 00:08:46,238
0,31-MAY-18,-1,-1,34968917,-765038850,-1,-1,-1,5445126226,2018-05-31 00:08:46,810
0,31-MAY-18,-1,-1,34969900,-765031983,-1,-1,-1,5445126225,2018-05-31 00:08:46,878
0,31-MAY-18,511204,-1,34256333,-765462033,611,3191,9892,5445126227,2018-05-31 00:08:46,900
0,31-MAY-18,514482,279,34095050,-764699450,618,2841,302,5445126229,2018-05-31 00:08:46,968
0,31-MAY-18,-1,3926,34290483,-764748967,-1,999,-1,5445126231,2018-05-31 00:08:47,1093
0,31-MAY-18,-1,12526,34300083,-764754417,-1,999,-1,5445126235,2018-05-31 00:08:47,1094
0,31-MAY-18,-1,-1,33603567,-765122300,-1,-1,-1,5445126233,2018-05-31 00:08:47,1120
0,31-MAY-18,517076,9115,34662617,-765236900,614,373,9980,5445126238,2018-05-31 00:08:47,186
0,31-MAY-18,515190,-1,34052200,-764754750,606,353,9952,5445126232,2018-05-31 00:08:47,272
0,31-MAY-18,501850,14066,34293033,-764750383,-1,999,-1,5445126236,2018-05-31 00:08:47,45
0,31-MAY-18,-1,-1,34304783,-764754067,-1,999,-1,5445126234,2018-05-31 00:08:47,959
0,31-MAY-18,514235,-1,34095900,-764699433,618,2841,302,5445126237,2018-05-31 00:08:47,968
0,31-MAY-18,-1,-1,34290800,-764747267,-1,999,-1,5445126241,2018-05-31 00:08:48,1108
0,31-MAY-18,-1,897,34290167,-764748333,-1,999,-1,5445126239,2018-05-31 00:08:48,1110
0,31-MAY-18,-1,-1,33616367,-765097317,-1,-1,-1,5445126240,2018-05-31 00:08:48,19
0,31-MAY-18,-1,5670,34966133,-765034150,-1,999,-1,5445126247,2018-05-31 00:08:48,213
0,31-MAY-18,-1,253,33594750,-765115383,-1,999,-1,5445126246,2018-05-31 00:08:48,37
0,31-MAY-18,513259,33,34927600,-765169300,545,2121,1882,5445126243,2018-05-31 00:08:48,53
0,31-MAY-18,513259,33,34927600,-765169300,545,2121,1882,5445126245,2018-05-31 00:08:48,53
0,31-MAY-18,-1,-1,34045717,-764761050,-1,999,-1,5445126244,2018-05-31 00:08:48,618
0,31-MAY-18,-1,-1,34302050,-764746833,-1,-1,-1,5445126242,2018-05-31 00:08:48,772
0,31-MAY-18,-1,-1,34975150,-765022300,-1,-1,-1,5445126251,2018-05-31 00:08:49,1029
0,31-MAY-18,-1,6364,33582950,-765122650,-1,999,-1,5445126249,2018-05-31 00:08:49,1046
0,31-MAY-18,-1,-1,33586917,-765117917,-1,-1,-1,5445126255,2018-05-31 00:08:49,1128
0,31-MAY-18,-1,-1,34973550,-765008067,-1,-1,-1,5445126250,2018-05-31 00:08:49,1173
0,31-MAY-18,-1,-1,33599833,-765117533,-1,-1,-1,5445126254,2018-05-31 00:08:49,68
0,31-MAY-18,-1,-1,34297883,-764743667,-1,-1,-1,5445126253,2018-05-31 00:08:49,754
0,31-MAY-18,-1,-1,34970650,-765035650,-1,-1,-1,5445126248,2018-05-31 00:08:49,805
0,31-MAY-18,-1,-1,33593733,-765116667,-1,-1,-1,5445126252,2018-05-31 00:08:49,836
0,31-MAY-18,-1,-1,34956900,-765047500,-1,-1,-1,5445126263,2018-05-31 00:08:50,1180
0,31-MAY-18,511059,-1,33818817,-765741083,116,3192,9990,5445126268,2018-05-31 00:08:50,119
0,31-MAY-18,-1,-1,34978000,-765020933,-1,-1,-1,5445126262,2018-05-31 00:08:50,1208
0,31-MAY-18,514452,33,34574733,-764856083,1087,3452,362,5445126264,2018-05-31 00:08:50,1263
0,31-MAY-18,514452,33,34574733,-764856083,1087,3452,362,5445126266,2018-05-31 00:08:50,1263
0,31-MAY-18,-1,273,33586450,-765120567,-1,999,-1,5445126256,2018-05-31 00:08:50,27
0,31-MAY-18,-1,-1,33586317,-765112483,-1,-1,-1,5445126265,2018-05-31 00:08:50,30
0,31-MAY-18,-1,-1,34053383,-764754250,733,355,9992,5445126267,2018-05-31 00:08:50,700
0,31-MAY-18,-1,616,34300183,-764747017,-1,999,-1,5445126259,2018-05-31 00:08:50,745
0,31-MAY-18,-1,113,34294917,-764751467,-1,999,-1,5445126257,2018-05-31 00:08:50,767
0,31-MAY-18,-1,143,34294817,-764751017,-1,999,-1,5445126260,2018-05-31 00:08:50,775
0,31-MAY-18,-1,-1,34035250,-764758833,-1,-1,-1,5445126258,2018-05-31 00:08:50,929
0,31-MAY-18,-1,-1,34183833,-765482533,-1,-1,-1,5445126261,2018-05-31 00:08:50,951
0,31-MAY-18,-1,113,33590450,-765114467,-1,999,-1,5445126269,2018-05-31 00:08:51,1049
0,31-MAY-18,-1,-1,33591900,-765113317,-1,-1,-1,5445126270,2018-05-31 00:08:51,1124
0,31-MAY-18,-1,6111,33591317,-765121200,-1,999,-1,5445126272,2018-05-31 00:08:51,850
0,31-MAY-18,-1,7757,33590200,-765111767,-1,999,-1,5445126271,2018-05-31 00:08:51,863
0,31-MAY-18,500108,1057,34892550,-765056383,337,552,9999,5445126282,2018-05-31 00:08:52,181
0,31-MAY-18,519281,10398,34963417,-765037900,-1,999,-1,5445126276,2018-05-31 00:08:52,188
0,31-MAY-18,514371,207,34361150,-764836033,53,3442,645,5445126278,2018-05-31 00:08:52,274
0,31-MAY-18,-1,-1,33606533,-765123217,-1,-1,-1,5445126283,2018-05-31 00:08:52,56
0,31-MAY-18,-1,-1,33605867,-765121950,-1,-1,-1,5445126280,2018-05-31 00:08:52,632
0,31-MAY-18,501703,12675,-1,-1,-1,-1,-1,5445126274,2018-05-31 00:08:52,706
0,31-MAY-18,-1,-1,33607800,-765121450,-1,999,-1,5445126275,2018-05-31 00:08:52,71
0,31-MAY-18,-1,-1,34970367,-765036350,-1,-1,-1,5445126279,2018-05-31 00:08:52,813
0,31-MAY-18,511440,-1,33723000,-765555317,12,3124,239,5445126277,2018-05-31 00:08:52,876
0,31-MAY-18,-1,-1,34970000,-765037100,-1,-1,-1,5445126273,2018-05-31 00:08:52,893
0,31-MAY-18,514073,-1,34209050,-764782400,622,3441,501,5445126281,2018-05-31 00:08:52,970
0,31-MAY-18,511265,465,33537617,-765232967,842,3141,587,5445126290,2018-05-31 00:08:53,1009
0,31-MAY-18,-1,-1,34965533,-765035483,-1,-1,-1,5445126285,2018-05-31 00:08:53,1061
0,31-MAY-18,513106,3227,34863083,-764960083,436,3372,9994,5445126286,2018-05-31 00:08:53,1193
0,31-MAY-18,-1,60,33593750,-765120467,276,3122,9931,5445126284,2018-05-31 00:08:53,121
0,31-MAY-18,-1,-1,34964300,-765055333,-1,999,-1,5445126288,2018-05-31 00:08:53,1212
0,31-MAY-18,-1,-1,34278217,-764994800,-1,-1,-1,5445126291,2018-05-31 00:08:53,251
0,31-MAY-18,-1,6388,34892817,-765055583,176,1571,9949,5445126289,2018-05-31 00:08:53,653
0,31-MAY-18,-1,-1,34302450,-764746983,-1,-1,-1,5445126292,2018-05-31 00:08:53,759
0,31-MAY-18,514235,34,34100850,-764699350,618,2841,302,5445126287,2018-05-31 00:08:53,968
0,31-MAY-18,511265,465,33537617,-765232967,842,3141,587,5445126304,2018-05-31 00:08:54,1009
0,31-MAY-18,-1,-1,33591283,-765113250,-1,-1,-1,5445126303,2018-05-31 00:08:54,1048
0,31-MAY-18,-1,174,34292750,-764749267,-1,999,-1,5445126293,2018-05-31 00:08:54,1107
0,31-MAY-18,-1,-1,33587717,-765120367,-1,999,-1,5445126295,2018-05-31 00:08:54,1161
0,31-MAY-18,-1,-1,34959483,-765045033,-1,999,-1,5445126294,2018-05-31 00:08:54,1203
0,31-MAY-18,511059,12432,34056417,-765215017,580,3192,9996,5445126296,2018-05-31 00:08:54,281
0,31-MAY-18,513259,37,34928883,-765173417,545,2121,1882,5445126297,2018-05-31 00:08:54,53
0,31-MAY-18,513259,37,34929083,-765174150,545,2121,1882,5445126300,2018-05-31 00:08:54,53
0,31-MAY-18,-1,-1,34292417,-764744500,-1,-1,-1,5445126301,2018-05-31 00:08:54,705
0,31-MAY-18,-1,-1,34304567,-764750367,-1,999,-1,5445126298,2018-05-31 00:08:54,709
0,31-MAY-18,-1,19149,34299067,-764747767,-1,999,-1,5445126307,2018-05-31 00:08:54,749
0,31-MAY-18,-1,-1,34969100,-765038533,-1,-1,-1,5445126306,2018-05-31 00:08:54,815
0,31-MAY-18,-1,631,33588667,-765111250,-1,999,-1,5445126305,2018-05-31 00:08:54,828
0,31-MAY-18,-1,-1,34968267,-765037717,-1,-1,-1,5445126302,2018-05-31 00:08:54,882
0,31-MAY-18,-1,-1,34043550,-764761733,-1,-1,-1,5445126299,2018-05-31 00:08:54,919
0,31-MAY-18,-1,236,33587850,-765114683,-1,999,-1,5445126311,2018-05-31 00:08:55,1135
0,31-MAY-18,-1,367,34959517,-765043350,-1,999,-1,5445126316,2018-05-31 00:08:55,1172
0,31-MAY-18,-1,94,34959633,-765051950,-1,999,-1,5445126309,2018-05-31 00:08:55,1179
0,31-MAY-18,-1,858,34974483,-765009617,-1,999,-1,5445126318,2018-05-31 00:08:55,1185
0,31-MAY-18,-1,-1,34972833,-765005733,-1,999,-1,5445126320,2018-05-31 00:08:55,1197
0,31-MAY-18,-1,367,33592250,-765120717,-1,999,-1,5445126312,2018-05-31 00:08:55,125
0,31-MAY-18,-1,3492,33594433,-765114933,-1,999,-1,5445126314,2018-05-31 00:08:55,128
0,31-MAY-18,-1,14,34046900,-764757383,-1,999,-1,5445126310,2018-05-31 00:08:55,269
0,31-MAY-18,-1,-1,34037300,-764754233,-1,-1,-1,5445126317,2018-05-31 00:08:55,289
0,31-MAY-18,-1,-1,34045517,-764758367,-1,-1,-1,5445126319,2018-05-31 00:08:55,555
0,31-MAY-18,-1,-1,34301400,-764754033,-1,999,-1,5445126315,2018-05-31 00:08:55,765
0,31-MAY-18,-1,2247,34301267,-764747767,-1,999,-1,5445126308,2018-05-31 00:08:55,788
0,31-MAY-18,-1,-1,34034233,-764762117,-1,999,-1,5445126313,2018-05-31 00:08:55,940
0,31-MAY-18,-1,-1,33591033,-765112333,-1,-1,-1,5445126325,2018-05-31 00:08:56,1144
0,31-MAY-18,-1,5,33586167,-765109650,-1,-1,-1,5445126323,2018-05-31 00:08:56,116
0,31-MAY-18,511352,-1,33742167,-765474417,160,3122,9943,5445126326,2018-05-31 00:08:56,124
0,31-MAY-18,514452,1,34575317,-764861117,1087,3452,362,5445126328,2018-05-31 00:08:56,1263
0,31-MAY-18,-1,-1,34958150,-765054367,-1,999,-1,5445126322,2018-05-31 00:08:56,180
0,31-MAY-18,-1,1953,34056333,-764752133,-1,999,-1,5445126321,2018-05-31 00:08:56,227
0,31-MAY-18,-1,3352,34963183,-765036967,-1,999,-1,5445126324,2018-05-31 00:08:56,307
0,31-MAY-18,-1,-1,33590617,-765112283,-1,-1,-1,5445126332,2018-05-31 00:08:56,44
0,31-MAY-18,-1,594,34299517,-764746300,-1,999,-1,5445126330,2018-05-31 00:08:56,797
0,31-MAY-18,-1,-1,34301333,-764747717,-1,-1,-1,5445126327,2018-05-31 00:08:56,802
0,31-MAY-18,-1,-1,33597883,-765119533,-1,-1,-1,5445126331,2018-05-31 00:08:56,83
0,31-MAY-18,-1,4198,33589133,-765114533,-1,999,-1,5445126329,2018-05-31 00:08:56,856
0,31-MAY-18,-1,-1,33604533,-765122200,-1,-1,-1,5445126338,2018-05-31 00:08:57,1003
0,31-MAY-18,-1,144,34295550,-764751217,-1,999,-1,5445126337,2018-05-31 00:08:57,1103
0,31-MAY-18,514452,1,34575317,-764861117,1087,3452,362,5445126341,2018-05-31 00:08:57,1263
0,31-MAY-18,500164,285,34438750,-764819117,904,3411,356,5445126340,2018-05-31 00:08:57,250
0,31-MAY-18,500168,-1,34411683,-764800550,1167,3441,9949,5445126339,2018-05-31 00:08:57,260
0,31-MAY-18,-1,-1,34040700,-764756467,-1,-1,-1,5445126335,2018-05-31 00:08:57,624
0,31-MAY-18,-1,-1,33591183,-765112150,-1,-1,-1,5445126333,2018-05-31 00:08:57,823
0,31-MAY-18,-1,115,34047567,-764759600,-1,999,-1,5445126334,2018-05-31 00:08:57,926
0,31-MAY-18,-1,13,34046433,-764758783,874,3411,9990,5445126336,2018-05-31 00:08:57,928
0,31-MAY-18,500101,12510,34294050,-764750583,-1,999,-1,5445126347,2018-05-31 00:08:58,1005
0,31-MAY-18,511274,3734,33628883,-765243650,373,2211,9861,5445126350,2018-05-31 00:08:58,1139
0,31-MAY-18,-1,293,34034117,-764765550,188,1472,9759,5445126346,2018-05-31 00:08:58,219
0,31-MAY-18,-1,-1,34034883,-764761933,-1,-1,-1,5445126345,2018-05-31 00:08:58,259
0,31-MAY-18,-1,-1,34971350,-765028867,-1,-1,-1,5445126343,2018-05-31 00:08:58,303
0,31-MAY-18,-1,-1,33590067,-765113050,-1,-1,-1,5445126351,2018-05-31 00:08:58,67
0,31-MAY-18,-1,4,34052767,-764754267,-1,999,-1,5445126342,2018-05-31 00:08:58,700
0,31-MAY-18,-1,1753,34295750,-764752233,-1,999,-1,5445126348,2018-05-31 00:08:58,761
0,31-MAY-18,-1,1182,34300583,-764747200,-1,999,-1,5445126349,2018-05-31 00:08:58,785
0,31-MAY-18,-1,-1,34035950,-764767000,-1,999,-1,5445126344,2018-05-31 00:08:58,910
0,31-MAY-18,-1,-1,-1,-1,-1,-1,-1,5445126358,2018-05-31 00:08:59,1018
0,31-MAY-18,519041,4446,34781650,-765175733,259,305,9992,5445126353,2018-05-31 00:08:59,1189
0,31-MAY-18,-1,3688,34958350,-765046400,-1,999,-1,5445126355,2018-05-31 00:08:59,145
0,31-MAY-18,-1,-1,34974283,-764994450,-1,-1,-1,5445126359,2018-05-31 00:08:59,204
0,31-MAY-18,-1,-1,34035550,-764761633,-1,-1,-1,5445126352,2018-05-31 00:08:59,221
0,31-MAY-18,511274,6492,33477950,-765239883,702,2211,9874,5445126356,2018-05-31 00:08:59,312
0,31-MAY-18,-1,15687,33591217,-765118800,-1,-1,-1,5445126363,2018-05-31 00:08:59,314
0,31-MAY-18,-1,-1,33599117,-765121717,-1,-1,-1,5445126361,2018-05-31 00:08:59,402
0,31-MAY-18,511279,357,33733983,-765252517,555,2121,2178,5445126360,2018-05-31 00:08:59,844
0,31-MAY-18,-1,-1,34969233,-765038300,-1,-1,-1,5445126357,2018-05-31 00:08:59,894
0,31-MAY-18,-1,471,34294067,-764745100,-1,999,-1,5445126354,2018-05-31 00:08:59,953
0,31-MAY-18,-1,-1,34296517,-764747033,-1,999,-1,5445126362,2018-05-31 00:08:59,966
0,31-MAY-18,-1,202,33594400,-765113567,-1,999,-1,5445126364,2018-05-31 00:08:59,992
0,31-MAY-18,-1,3745,33587733,-765111283,-1,999,-1,5445126367,2018-05-31 00:09:00,1008
0,31-MAY-18,-1,2135,34959367,-765053883,-1,999,-1,5445126368,2018-05-31 00:09:00,1068
0,31-MAY-18,-1,-1,34969983,-765006783,-1,-1,-1,5445126375,2018-05-31 00:09:00,1201
0,31-MAY-18,-1,-1,33600950,-765119667,-1,-1,-1,5445126374,2018-05-31 00:09:00,1217
0,31-MAY-18,-1,1497,34960083,-765043483,-1,999,-1,5445126369,2018-05-31 00:09:00,190
0,31-MAY-18,-1,13671,34958983,-765045433,-1,999,-1,5445126366,2018-05-31 00:09:00,203
0,31-MAY-18,-1,21,34037483,-764765917,560,347,9998,5445126370,2018-05-31 00:09:00,240
0,31-MAY-18,-1,-1,34035283,-764758900,-1,-1,-1,5445126372,2018-05-31 00:09:00,241
0,31-MAY-18,514361,-1,34278017,-764659567,96,3442,9865,5445126365,2018-05-31 00:09:00,263
0,31-MAY-18,-1,403,33586550,-765110833,-1,999,-1,5445126371,2018-05-31 00:09:00,65
0,31-MAY-18,-1,-1,34295083,-764747517,-1,-1,-1,5445126373,2018-05-31 00:09:00,974
0,31-MAY-18,-1,22523,33591217,-765114167,-1,999,-1,5445126376,2018-05-31 00:09:00,991
0,31-MAY-18,511162,1297,33663750,-765278250,986,3171,261,5445126381,2018-05-31 00:09:01,1006
0,31-MAY-18,-1,719,33589450,-765114050,-1,999,-1,5445126378,2018-05-31 00:09:01,1033
0,31-MAY-18,500153,7852,34293783,-764745067,-1,999,-1,5445126377,2018-05-31 00:09:01,1109
0,31-MAY-18,-1,1963,33586617,-765113367,-1,999,-1,5445126379,2018-05-31 00:09:01,1220
0,31-MAY-18,-1,-1,33600850,-765117750,-1,-1,-1,5445126380,2018-05-31 00:09:01,437
0,31-MAY-18,-1,-1,34299300,-764750517,-1,999,-1,5445126382,2018-05-31 00:09:01,725
0,31-MAY-18,-1,-1,34975383,-765021900,-1,-1,-1,5445126383,2018-05-31 00:09:02,1072
0,31-MAY-18,511272,-1,33881700,-765201033,228,3131,620,5445126385,2018-05-31 00:09:02,1130
0,31-MAY-18,-1,-1,33600517,-765122067,-1,-1,-1,5445126384,2018-05-31 00:09:02,23
0,31-MAY-18,-1,-1,34041083,-764756400,-1,-1,-1,5445126388,2018-05-31 00:09:02,239
0,31-MAY-18,-1,-1,-1,-1,-1,-1,-1,5445126390,2018-05-31 00:09:02,388
0,31-MAY-18,-1,5,34053000,-764754283,-1,999,-1,5445126386,2018-05-31 00:09:02,700
0,31-MAY-18,-1,-1,33585583,-765111533,-1,999,-1,5445126389,2018-05-31 00:09:02,855
0,31-MAY-18,-1,-1,34863100,-765079667,-1,-1,-1,5445126391,2018-05-31 00:09:02,9
0,31-MAY-18,-1,168,34293350,-764749300,-1,999,-1,5445126387,2018-05-31 00:09:02,977
0,31-MAY-18,-1,-1,34953817,-765053217,-1,-1,-1,5445126401,2018-05-31 00:09:03,1032
0,31-MAY-18,-1,2463,34964550,-765056367,-1,999,-1,5445126400,2018-05-31 00:09:03,1067
0,31-MAY-18,-1,4462,33588983,-765222950,-1,999,-1,5445126397,2018-05-31 00:09:03,1145
0,31-MAY-18,513001,6135,34917867,-765095167,79,336,9998,5445126393,2018-05-31 00:09:03,1211
0,31-MAY-18,514452,10,34575667,-764865550,1087,3452,362,5445126394,2018-05-31 00:09:03,1263
0,31-MAY-18,514452,10,34575667,-764865550,1087,3452,362,5445126395,2018-05-31 00:09:03,1263
0,31-MAY-18,-1,-1,34970200,-765031433,-1,-1,-1,5445126402,2018-05-31 00:09:03,637
0,31-MAY-18,-1,-1,34302150,-764754333,-1,999,-1,5445126392,2018-05-31 00:09:03,739
0,31-MAY-18,-1,-1,33603750,-765122317,-1,-1,-1,5445126398,2018-05-31 00:09:03,835
0,31-MAY-18,-1,18128,34957417,-765047383,-1,999,-1,5445126396,2018-05-31 00:09:03,888
0,31-MAY-18,-1,95,34297033,-764753667,-1,999,-1,5445126399,2018-05-31 00:09:03,975
0,31-MAY-18,-1,110,34294350,-764749983,-1,999,-1,5445126414,2018-05-31 00:09:04,1112
0,31-MAY-18,-1,-1,34962283,-765053133,-1,999,-1,5445126410,2018-05-31 00:09:04,1213
0,31-MAY-18,-1,-1,33584400,-765110433,-1,-1,-1,5445126409,2018-05-31 00:09:04,130
0,31-MAY-18,-1,126,34034733,-764763783,423,1571,9885,5445126407,2018-05-31 00:09:04,216
0,31-MAY-18,511059,12935,-1,-1,580,3192,9996,5445126411,2018-05-31 00:09:04,281
0,31-MAY-18,-1,5,34035400,-764763250,115,150,9948,5445126406,2018-05-31 00:09:04,551
0,31-MAY-18,-1,15159,34297183,-764754683,-1,999,-1,5445126405,2018-05-31 00:09:04,774
0,31-MAY-18,514049,-1,34343283,-764656533,790,2841,300,5445126403,2018-05-31 00:09:04,789
0,31-MAY-18,-1,-1,34971017,-765034817,-1,-1,-1,5445126408,2018-05-31 00:09:04,809
0,31-MAY-18,504016,12688,33993633,-765423217,497,131,9921,5445126413,2018-05-31 00:09:04,837
0,31-MAY-18,511441,-1,33722183,-765550567,12,3124,239,5445126412,2018-05-31 00:09:04,876
0,31-MAY-18,514073,33,34204383,-764782900,622,3441,501,5445126404,2018-05-31 00:09:04,970
0,31-MAY-18,-1,7864,34653050,-765236900,-1,999,-1,5445126418,2018-05-31 00:09:05,1202
0,31-MAY-18,-1,598,34301233,-764745900,-1,999,-1,5445126415,2018-05-31 00:09:05,747
0,31-MAY-18,517076,14040,34307933,-764752400,561,373,9986,5445126420,2018-05-31 00:09:05,764
0,31-MAY-18,517076,14040,34307950,-764752350,561,373,9986,5445126417,2018-05-31 00:09:05,764
0,31-MAY-18,-1,-1,34956000,-765049817,-1,999,-1,5445126419,2018-05-31 00:09:05,817
0,31-MAY-18,-1,1336,34041350,-764758833,-1,999,-1,5445126416,2018-05-31 00:09:05,932
0,31-MAY-18,500104,12460,34297583,-764752800,-1,999,-1,5445126421,2018-05-31 00:09:05,960
0,31-MAY-18,511441,-1,33594083,-765121283,657,3124,9881,5445126424,2018-05-31 00:09:06,103
0,31-MAY-18,500165,3570,34289267,-764746950,-1,999,-1,5445126422,2018-05-31 00:09:06,1045
0,31-MAY-18,-1,5462,33587083,-765110867,-1,999,-1,5445126425,2018-05-31 00:09:06,1154
0,31-MAY-18,513045,137,34901517,-764967850,393,333,317,5445126427,2018-05-31 00:09:06,1210
0,31-MAY-18,500111,-1,34890183,-765051683,799,323,9998,5445126430,2018-05-31 00:09:06,1214
0,31-MAY-18,-1,-1,34970933,-765035317,-1,-1,-1,5445126428,2018-05-31 00:09:06,137
0,31-MAY-18,502302,4997,33586133,-765175583,154,3141,9984,5445126423,2018-05-31 00:09:06,32
0,31-MAY-18,-1,499,34034617,-764761850,707,142,9964,5445126426,2018-05-31 00:09:06,616
0,31-MAY-18,-1,144,34291367,-764748467,-1,999,-1,5445126432,2018-05-31 00:09:06,717
0,31-MAY-18,513316,-1,34907083,-764917050,215,553,615,5445126429,2018-05-31 00:09:06,899
0,31-MAY-18,-1,-1,34035250,-764761783,-1,999,-1,5445126433,2018-05-31 00:09:06,924
0,31-MAY-18,-1,5814,34034967,-764759033,-1,999,-1,5445126431,2018-05-31 00:09:06,936
0,31-MAY-18,-1,-1,34300383,-764748283,-1,-1,-1,5445126437,2018-05-31 00:09:07,1095
0,31-MAY-18,-1,12313,33587733,-765121267,-1,999,-1,5445126435,2018-05-31 00:09:07,1138
0,31-MAY-18,513241,-1,34827950,-764832833,896,3351,529,5445126434,2018-05-31 00:09:07,202
0,31-MAY-18,-1,-1,-1,-1,-1,-1,-1,5445126436,2018-05-31 00:09:07,285
0,31-MAY-18,-1,1863,34974433,-765009417,-1,999,-1,5445126447,2018-05-31 00:09:08,1071
0,31-MAY-18,-1,413,34954583,-765051150,-1,999,-1,5445126444,2018-05-31 00:09:08,1178
0,31-MAY-18,-1,8019,33621533,-765242633,-1,999,-1,5445126448,2018-05-31 00:09:08,199
0,31-MAY-18,-1,1747,34032967,-764758200,-1,999,-1,5445126440,2018-05-31 00:09:08,258
0,31-MAY-18,-1,613,34298000,-764744733,-1,999,-1,5445126446,2018-05-31 00:09:08,743
0,31-MAY-18,502304,14239,34289100,-764747517,-1,999,-1,5445126442,2018-05-31 00:09:08,746
0,31-MAY-18,-1,-1,34301800,-764746867,-1,-1,-1,5445126438,2018-05-31 00:09:08,760
0,31-MAY-18,-1,-1,33593050,-765118400,-1,999,-1,5445126445,2018-05-31 00:09:08,866
0,31-MAY-18,-1,10127,34970667,-765035933,-1,999,-1,5445126441,2018-05-31 00:09:08,889
0,31-MAY-18,-1,-1,34042617,-764762400,-1,-1,-1,5445126443,2018-05-31 00:09:08,935
0,31-MAY-18,511251,-1,33667450,-765282500,598,3172,192,5445126439,2018-05-31 00:09:08,94
0,31-MAY-18,511033,3686,33478350,-765239983,641,3133,9855,5445126449,2018-05-31 00:09:08,95
0,31-MAY-18,-1,4146,34039950,-764760433,-1,999,-1,5445126453,2018-05-31 00:09:09,11
0,31-MAY-18,-1,440,34295000,-764751800,-1,999,-1,5445126451,2018-05-31 00:09:09,1155
0,31-MAY-18,-1,1865,34956017,-765048683,-1,999,-1,5445126455,2018-05-31 00:09:09,1192
0,31-MAY-18,-1,-1,34974167,-765024483,-1,-1,-1,5445126456,2018-05-31 00:09:09,163
0,31-MAY-18,514351,3,34360633,-764829767,53,3442,645,5445126454,2018-05-31 00:09:09,274
0,31-MAY-18,-1,-1,34038167,-764753550,-1,-1,-1,5445126452,2018-05-31 00:09:09,288
0,31-MAY-18,511284,34,33727967,-765252433,555,2121,2178,5445126450,2018-05-31 00:09:09,844
0,31-MAY-18,511272,32,33876450,-765201267,228,3131,620,5445126461,2018-05-31 00:09:10,1130
0,31-MAY-18,511272,32,33876450,-765201267,228,3131,620,5445126464,2018-05-31 00:09:10,1130
0,31-MAY-18,-1,-1,33574583,-765179033,-1,-1,-1,5445126460,2018-05-31 00:09:10,126
0,31-MAY-18,513241,33,34827233,-764834700,896,3351,529,5445126457,2018-05-31 00:09:10,202
0,31-MAY-18,-1,4958,34697700,-765223733,729,302,9982,5445126459,2018-05-31 00:09:10,210
0,31-MAY-18,514405,161,34049917,-764755717,455,347,9990,5445126463,2018-05-31 00:09:10,226
0,31-MAY-18,-1,8908,33591550,-765114617,-1,999,-1,5445126466,2018-05-31 00:09:10,299
0,31-MAY-18,-1,323,33589183,-765111733,-1,999,-1,5445126465,2018-05-31 00:09:10,51
0,31-MAY-18,-1,209,33580233,-765123433,-1,999,-1,5445126470,2018-05-31 00:09:10,54
0,31-MAY-18,-1,-1,33587100,-765115433,-1,-1,-1,5445126467,2018-05-31 00:09:10,81
0,31-MAY-18,-1,-1,33604450,-765119500,-1,-1,-1,5445126469,2018-05-31 00:09:10,832
0,31-MAY-18,-1,5848,33592700,-765121367,-1,999,-1,5445126458,2018-05-31 00:09:10,88
0,31-MAY-18,-1,-1,34046267,-764754517,-1,-1,-1,5445126462,2018-05-31 00:09:10,944
0,31-MAY-18,-1,-1,34300183,-764748433,-1,-1,-1,5445126468,2018-05-31 00:09:10,984
0,31-MAY-18,-1,-1,34957417,-765048117,-1,-1,-1,5445126477,2018-05-31 00:09:11,1074
0,31-MAY-18,-1,216,34292450,-764748417,-1,999,-1,5445126482,2018-05-31 00:09:11,1111
0,31-MAY-18,-1,-1,33584733,-765113400,-1,-1,-1,5445126473,2018-05-31 00:09:11,1159
0,31-MAY-18,-1,-1,34963267,-765040100,-1,-1,-1,5445126480,2018-05-31 00:09:11,192
0,31-MAY-18,500110,2019,34946583,-765085183,754,322,9996,5445126475,2018-05-31 00:09:11,200
0,31-MAY-18,513241,33,34826967,-764835267,896,3351,529,5445126471,2018-05-31 00:09:11,202
0,31-MAY-18,-1,-1,34970233,-765030933,-1,-1,-1,5445126478,2018-05-31 00:09:11,297
0,31-MAY-18,-1,1298,34295317,-764750867,-1,999,-1,5445126476,2018-05-31 00:09:11,771
0,31-MAY-18,-1,638,33591883,-765112083,-1,999,-1,5445126479,2018-05-31 00:09:11,829
0,31-MAY-18,511441,-1,33722267,-765548767,12,3124,9948,5445126481,2018-05-31 00:09:11,876
0,31-MAY-18,-1,1,33594133,-765119717,-1,999,-1,5445126474,2018-05-31 00:09:11,98
0,31-MAY-18,-1,612,34304183,-764750067,-1,999,-1,5445126472,2018-05-31 00:09:11,983
0,31-MAY-18,-1,330,33593867,-765115200,-1,999,-1,5445126486,2018-05-31 00:09:12,1007
0,31-MAY-18,-1,-1,34959033,-765044017,-1,-1,-1,5445126485,2018-05-31 00:09:12,1079
0,31-MAY-18,-1,-1,34289467,-764738567,-1,999,-1,5445126484,2018-05-31 00:09:12,34
0,31-MAY-18,-1,-1,34293583,-764740400,-1,-1,-1,5445126483,2018-05-31 00:09:12,740
0,31-MAY-18,-1,2871,34953133,-765054367,-1,999,-1,5445126490,2018-05-31 00:09:13,1075
0,31-MAY-18,513032,112,34871633,-765004700,511,2121,1884,5445126496,2018-05-31 00:09:13,1078
0,31-MAY-18,503012,234,34281833,-764982283,861,2842,433,5445126500,2018-05-31 00:09:13,1096
0,31-MAY-18,-1,506,34303367,-764749467,-1,999,-1,5445126488,2018-05-31 00:09:13,1115
0,31-MAY-18,-1,5762,33593783,-765119267,-1,999,-1,5445126495,2018-05-31 00:09:13,1129
0,31-MAY-18,-1,8313,34953367,-765053867,-1,999,-1,5445126494,2018-05-31 00:09:13,1190
0,31-MAY-18,513185,-1,34964517,-765056350,625,332,9996,5445126501,2018-05-31 00:09:13,193
0,31-MAY-18,519192,-1,34782100,-765169733,937,306,9982,5445126499,2018-05-31 00:09:13,198
0,31-MAY-18,-1,51,33594567,-765117800,-1,999,-1,5445126491,2018-05-31 00:09:13,24
0,31-MAY-18,-1,-1,33586883,-765111483,-1,999,-1,5445126498,2018-05-31 00:09:13,26
0,31-MAY-18,-1,398,33595217,-765118083,-1,999,-1,5445126497,2018-05-31 00:09:13,382
0,31-MAY-18,514049,32,34347600,-764660150,790,2841,300,5445126487,2018-05-31 00:09:13,789
0,31-MAY-18,515054,6990,34302633,-764748400,999,2524,728,5445126493,2018-05-31 00:09:13,792
0,31-MAY-18,514405,769,34036800,-764765667,-1,999,-1,5445126489,2018-05-31 00:09:13,937
0,31-MAY-18,514073,120,34196267,-764784383,622,3441,501,5445126492,2018-05-31 00:09:13,970
0,31-MAY-18,-1,2473,34964333,-765055433,-1,999,-1,5445126510,2018-05-31 00:09:14,1067
0,31-MAY-18,-1,507,34300700,-764748733,-1,999,-1,5445126508,2018-05-31 00:09:14,1113
0,31-MAY-18,-1,-1,33587400,-765113250,314,3133,9886,5445126502,2018-05-31 00:09:14,123
0,31-MAY-18,-1,-1,33592467,-765118267,-1,999,-1,5445126506,2018-05-31 00:09:14,1233
0,31-MAY-18,-1,-1,-1,-1,-1,-1,-1,5445126503,2018-05-31 00:09:14,151
0,31-MAY-18,514351,31,34360717,-764826900,53,3442,645,5445126511,2018-05-31 00:09:14,274
0,31-MAY-18,-1,2758,33592783,-765114783,-1,999,-1,5445126507,2018-05-31 00:09:14,42
0,31-MAY-18,-1,-1,34302933,-764749300,-1,999,-1,5445126504,2018-05-31 00:09:14,744
0,31-MAY-18,-1,-1,34303783,-764748167,-1,-1,-1,5445126505,2018-05-31 00:09:14,757
0,31-MAY-18,-1,-1,33665283,-765284433,-1,999,-1,5445126509,2018-05-31 00:09:14,873
0,31-MAY-18,-1,423,34956183,-765049167,-1,999,-1,5445126513,2018-05-31 00:09:15,166
0,31-MAY-18,515190,-1,34051983,-764754650,606,353,9952,5445126514,2018-05-31 00:09:15,272
0,31-MAY-18,517076,14040,34307917,-764752450,561,373,9986,5445126512,2018-05-31 00:09:15,764
0,31-MAY-18,-1,-1,34969800,-765037350,-1,-1,-1,5445126520,2018-05-31 00:09:16,1026
0,31-MAY-18,-1,3926,34290500,-764748950,-1,999,-1,5445126521,2018-05-31 00:09:16,1093
0,31-MAY-18,-1,12528,34300067,-764754467,-1,999,-1,5445126519,2018-05-31 00:09:16,1094
0,31-MAY-18,-1,-1,34290800,-764747283,-1,999,-1,5445126518,2018-05-31 00:09:16,1108
0,31-MAY-18,514453,-1,34576300,-764877417,1087,3452,362,5445126517,2018-05-31 00:09:16,1263
0,31-MAY-18,-1,-1,34043850,-764761117,-1,-1,-1,5445126523,2018-05-31 00:09:16,238
0,31-MAY-18,514049,1,34348167,-764660933,790,2841,300,5445126515,2018-05-31 00:09:16,789
0,31-MAY-18,511284,92,33720083,-765252583,555,2121,2178,5445126516,2018-05-31 00:09:16,844
0,31-MAY-18,-1,-1,34303333,-764754283,-1,999,-1,5445126522,2018-05-31 00:09:16,959
0,31-MAY-18,-1,897,34290167,-764748317,-1,999,-1,5445126527,2018-05-31 00:09:17,1110
0,31-MAY-18,-1,-1,33587767,-765120350,-1,999,-1,5445126528,2018-05-31 00:09:17,1161
0,31-MAY-18,-1,-1,33598500,-765119267,-1,-1,-1,5445126524,2018-05-31 00:09:17,18
0,31-MAY-18,513241,13,34825617,-764838600,896,3351,529,5445126526,2018-05-31 00:09:17,202
0,31-MAY-18,514351,31,34360750,-764826150,53,3442,645,5445126529,2018-05-31 00:09:17,274
0,31-MAY-18,501850,14066,34293050,-764750383,-1,999,-1,5445126525,2018-05-31 00:09:17,45
0,31-MAY-18,-1,6364,33582983,-765122600,-1,999,-1,5445126536,2018-05-31 00:09:18,1046
0,31-MAY-18,-1,-1,33603583,-765122317,-1,-1,-1,5445126533,2018-05-31 00:09:18,1120
0,31-MAY-18,-1,-1,34975133,-765022650,-1,-1,-1,5445126532,2018-05-31 00:09:18,177
0,31-MAY-18,-1,5755,34969083,-765027783,-1,999,-1,5445126531,2018-05-31 00:09:18,213
0,31-MAY-18,-1,253,33594600,-765115233,-1,999,-1,5445126530,2018-05-31 00:09:18,37
0,31-MAY-18,513261,6,34932900,-765187017,545,2121,1882,5445126534,2018-05-31 00:09:18,53
0,31-MAY-18,-1,-1,34969900,-765031983,-1,-1,-1,5445126535,2018-05-31 00:09:18,878
0,31-MAY-18,-1,-1,33616367,-765097317,-1,-1,-1,5445126538,2018-05-31 00:09:19,19
0,31-MAY-18,-1,273,33586450,-765120550,-1,999,-1,5445126541,2018-05-31 00:09:19,27
0,31-MAY-18,-1,616,34300167,-764747033,-1,999,-1,5445126540,2018-05-31 00:09:19,745
0,31-MAY-18,-1,113,34294933,-764751450,-1,999,-1,5445126537,2018-05-31 00:09:19,767
0,31-MAY-18,-1,-1,34302050,-764746817,-1,-1,-1,5445126539,2018-05-31 00:09:19,772
0,31-MAY-18,-1,113,33590450,-765114483,-1,999,-1,5445126549,2018-05-31 00:09:20,1049
0,31-MAY-18,-1,-1,34973667,-765008000,-1,-1,-1,5445126553,2018-05-31 00:09:20,1173
0,31-MAY-18,511059,-1,33828350,-765721650,116,3192,9990,5445126546,2018-05-31 00:09:20,119
0,31-MAY-18,-1,423,34956167,-765049150,-1,999,-1,5445126545,2018-05-31 00:09:20,166
0,31-MAY-18,513241,37,34825183,-764840033,896,3351,529,5445126542,2018-05-31 00:09:20,202
0,31-MAY-18,513261,35,34933483,-765188883,545,2121,1882,5445126550,2018-05-31 00:09:20,53
0,31-MAY-18,-1,-1,34045700,-764761067,-1,999,-1,5445126551,2018-05-31 00:09:20,618
0,31-MAY-18,-1,143,34294817,-764751033,-1,999,-1,5445126552,2018-05-31 00:09:20,775
0,31-MAY-18,-1,-1,34970650,-765035633,-1,-1,-1,5445126548,2018-05-31 00:09:20,805
0,31-MAY-18,-1,-1,34968933,-765038850,-1,-1,-1,5445126547,2018-05-31 00:09:20,810
0,31-MAY-18,-1,7757,33590200,-765111767,-1,999,-1,5445126544,2018-05-31 00:09:20,863
0,31-MAY-18,514271,4,34117483,-764697250,618,2841,302,5445126543,2018-05-31 00:09:20,968
0,31-MAY-18,-1,-1,34975150,-765022300,-1,-1,-1,5445126564,2018-05-31 00:09:21,1029
0,31-MAY-18,-1,-1,33587317,-765118417,-1,-1,-1,5445126560,2018-05-31 00:09:21,1128
0,31-MAY-18,513051,-1,34899033,-764963033,393,333,317,5445126558,2018-05-31 00:09:21,1210
0,31-MAY-18,517076,9514,34695467,-765224667,614,373,9980,5445126557,2018-05-31 00:09:21,186
0,31-MAY-18,513261,35,34933800,-765189783,545,2121,1882,5445126562,2018-05-31 00:09:21,53
0,31-MAY-18,-1,-1,33600000,-765117650,-1,-1,-1,5445126556,2018-05-31 00:09:21,68
0,31-MAY-18,501703,12675,-1,-1,-1,-1,-1,5445126563,2018-05-31 00:09:21,706
0,31-MAY-18,-1,-1,34297883,-764743700,-1,-1,-1,5445126559,2018-05-31 00:09:21,754
0,31-MAY-18,514049,29,34349250,-764662950,790,2841,300,5445126554,2018-05-31 00:09:21,789
0,31-MAY-18,-1,6123,33590233,-765121017,-1,999,-1,5445126555,2018-05-31 00:09:21,850
0,31-MAY-18,-1,-1,34035250,-764758817,-1,-1,-1,5445126561,2018-05-31 00:09:21,929
0,31-MAY-18,502302,2,33668817,-765285283,986,3171,261,5445126569,2018-05-31 00:09:22,1006
0,31-MAY-18,502302,2,33668817,-765285283,986,3171,261,5445126572,2018-05-31 00:09:22,1006
0,31-MAY-18,-1,-1,33591900,-765113300,-1,-1,-1,5445126573,2018-05-31 00:09:22,1124
0,31-MAY-18,-1,-1,34956950,-765047417,-1,-1,-1,5445126566,2018-05-31 00:09:22,1180
0,31-MAY-18,-1,-1,34959467,-765045033,-1,999,-1,5445126568,2018-05-31 00:09:22,1203
0,31-MAY-18,519281,10421,34965067,-765036083,-1,999,-1,5445126571,2018-05-31 00:09:22,188
0,31-MAY-18,-1,-1,34304567,-764750367,-1,999,-1,5445126570,2018-05-31 00:09:22,709
0,31-MAY-18,-1,-1,33593750,-765116667,-1,-1,-1,5445126565,2018-05-31 00:09:22,836
0,31-MAY-18,-1,-1,34183783,-765482550,-1,-1,-1,5445126567,2018-05-31 00:09:22,951
0,31-MAY-18,-1,174,34292750,-764749267,-1,999,-1,5445126579,2018-05-31 00:09:23,1107
0,31-MAY-18,513106,3746,34876683,-765005533,436,3372,9994,5445126580,2018-05-31 00:09:23,1193
0,31-MAY-18,500108,1375,34899633,-765081217,337,552,9999,5445126575,2018-05-31 00:09:23,181
0,31-MAY-18,-1,-1,33605867,-765121950,-1,-1,-1,5445126581,2018-05-31 00:09:23,632
0,31-MAY-18,-1,6642,34899033,-765075617,176,1571,9949,5445126577,2018-05-31 00:09:23,653
0,31-MAY-18,514049,29,34349833,-764664150,790,2841,300,5445126576,2018-05-31 00:09:23,789
0,31-MAY-18,-1,-1,34969983,-765037100,-1,-1,-1,5445126578,2018-05-31 00:09:23,893
0,31-MAY-18,515190,3057,34047717,-764757200,105,353,9904,5445126574,2018-05-31 00:09:23,949
0,31-MAY-18,511265,839,33571617,-765236600,842,3141,587,5445126583,2018-05-31 00:09:24,1009
0,31-MAY-18,-1,-1,-1,-1,-1,-1,-1,5445126588,2018-05-31 00:09:24,1024
0,31-MAY-18,-1,-1,34966133,-765034417,-1,-1,-1,5445126598,2018-05-31 00:09:24,1061
0,31-MAY-18,-1,236,33587867,-765114683,-1,999,-1,5445126592,2018-05-31 00:09:24,1135
0,31-MAY-18,-1,367,34959500,-765043383,-1,999,-1,5445126599,2018-05-31 00:09:24,1172
0,31-MAY-18,-1,110,34959250,-765053750,-1,999,-1,5445126593,2018-05-31 00:09:24,1179
0,31-MAY-18,-1,-1,34978000,-765020933,-1,-1,-1,5445126582,2018-05-31 00:09:24,1208
0,31-MAY-18,-1,-1,34961783,-765053117,-1,999,-1,5445126584,2018-05-31 00:09:24,1212
0,31-MAY-18,-1,388,33590317,-765120517,-1,999,-1,5445126594,2018-05-31 00:09:24,125
0,31-MAY-18,-1,3492,33594483,-765114900,-1,999,-1,5445126595,2018-05-31 00:09:24,128
0,31-MAY-18,-1,1953,34056333,-764752133,-1,999,-1,5445126591,2018-05-31 00:09:24,227
0,31-MAY-18,514351,27,34360967,-764822933,53,3442,645,5445126601,2018-05-31 00:09:24,274
0,31-MAY-18,513261,35,34934683,-765192817,545,2121,1882,5445126600,2018-05-31 00:09:24,53
0,31-MAY-18,-1,-1,33606517,-765123217,-1,-1,-1,5445126586,2018-05-31 00:09:24,56
0,31-MAY-18,-1,5,34053033,-764754333,-1,999,-1,5445126589,2018-05-31 00:09:24,700
0,31-MAY-18,-1,-1,33607850,-765121383,-1,999,-1,5445126597,2018-05-31 00:09:24,71
0,31-MAY-18,-1,19165,34297117,-764748617,-1,999,-1,5445126585,2018-05-31 00:09:24,749
0,31-MAY-18,-1,2247,34301250,-764747633,-1,999,-1,5445126590,2018-05-31 00:09:24,788
0,31-MAY-18,-1,-1,34970367,-765036383,-1,-1,-1,5445126603,2018-05-31 00:09:24,813
0,31-MAY-18,-1,631,33588583,-765111250,-1,999,-1,5445126587,2018-05-31 00:09:24,828
0,31-MAY-18,-1,-1,34968450,-765037650,-1,-1,-1,5445126602,2018-05-31 00:09:24,882
0,31-MAY-18,-1,-1,34034217,-764762100,-1,999,-1,5445126596,2018-05-31 00:09:24,940
0,31-MAY-18,-1,5,33586167,-765109667,-1,-1,-1,5445126609,2018-05-31 00:09:25,116
0,31-MAY-18,-1,-1,34972850,-765005733,-1,999,-1,5445126608,2018-05-31 00:09:25,1197
0,31-MAY-18,-1,-1,34953700,-765052333,-1,999,-1,5445126610,2018-05-31 00:09:25,180
0,31-MAY-18,513241,30,34826500,-764841100,896,3351,529,5445126607,2018-05-31 00:09:25,202
0,31-MAY-18,-1,-1,34278233,-764994817,-1,-1,-1,5445126604,2018-05-31 00:09:25,251
0,31-MAY-18,-1,3352,34963167,-765036933,-1,999,-1,5445126613,2018-05-31 00:09:25,307
0,31-MAY-18,513261,35,34934950,-765193883,545,2121,1882,5445126612,2018-05-31 00:09:25,53
0,31-MAY-18,-1,-1,34302450,-764747000,-1,-1,-1,5445126605,2018-05-31 00:09:25,759
0,31-MAY-18,-1,594,34299500,-764746317,-1,999,-1,5445126606,2018-05-31 00:09:25,797
0,31-MAY-18,-1,-1,34043767,-764761383,-1,-1,-1,5445126611,2018-05-31 00:09:25,919
0,31-MAY-18,-1,-1,33591283,-765113250,-1,-1,-1,5445126618,2018-05-31 00:09:26,1048
0,31-MAY-18,-1,144,34295550,-764751200,-1,999,-1,5445126624,2018-05-31 00:09:26,1103
0,31-MAY-18,511274,4215,33588550,-765239067,373,2211,9861,5445126614,2018-05-31 00:09:26,1139
0,31-MAY-18,-1,858,34974467,-765009550,-1,999,-1,5445126619,2018-05-31 00:09:26,1185
0,31-MAY-18,-1,60,33593767,-765120433,276,3122,9931,5445126621,2018-05-31 00:09:26,121
0,31-MAY-18,511352,-1,33752717,-765457817,160,3122,9943,5445126617,2018-05-31 00:09:26,124
0,31-MAY-18,514351,27,34361700,-764821950,53,3442,645,5445126625,2018-05-31 00:09:26,274
0,31-MAY-18,-1,-1,34300333,-764755050,-1,999,-1,5445126623,2018-05-31 00:09:26,765
0,31-MAY-18,-1,-1,34969100,-765038450,-1,-1,-1,5445126616,2018-05-31 00:09:26,815
0,31-MAY-18,-1,-1,34953867,-765009933,-1,-1,-1,5445126620,2018-05-31 00:09:26,820
0,31-MAY-18,-1,4198,33589150,-765114517,-1,999,-1,5445126615,2018-05-31 00:09:26,856
0,31-MAY-18,-1,148,34045367,-764761350,-1,999,-1,5445126622,2018-05-31 00:09:26,926
0,31-MAY-18,500101,12510,34294033,-764750600,-1,999,-1,5445126630,2018-05-31 00:09:27,1005
0,31-MAY-18,-1,-1,33591050,-765112317,-1,-1,-1,5445126633,2018-05-31 00:09:27,1144
0,31-MAY-18,500164,285,34438700,-764819050,904,3411,356,5445126626,2018-05-31 00:09:27,250
0,31-MAY-18,-1,-1,34037283,-764754233,-1,-1,-1,5445126628,2018-05-31 00:09:27,289
0,31-MAY-18,-1,-1,34045567,-764758433,-1,-1,-1,5445126627,2018-05-31 00:09:27,555
0,31-MAY-18,-1,-1,34292400,-764744500,-1,-1,-1,5445126632,2018-05-31 00:09:27,705
0,31-MAY-18,-1,1755,34295467,-764752083,-1,999,-1,5445126631,2018-05-31 00:09:27,761
0,31-MAY-18,-1,-1,34035950,-764766967,-1,999,-1,5445126629,2018-05-31 00:09:27,910
0,31-MAY-18,-1,-1,33604533,-765122217,-1,-1,-1,5445126644,2018-05-31 00:09:28,1003
0,31-MAY-18,513051,36,34897150,-764959667,393,333,317,5445126637,2018-05-31 00:09:28,1210
0,31-MAY-18,513051,36,34897350,-764960067,393,333,317,5445126635,2018-05-31 00:09:28,1210
0,31-MAY-18,-1,6844,34949367,-765085133,-1,999,-1,5445126639,2018-05-31 00:09:28,1211
0,31-MAY-18,511274,7018,33522317,-765233367,702,2211,9874,5445126643,2018-05-31 00:09:28,312
0,31-MAY-18,-1,-1,34040700,-764756467,-1,-1,-1,5445126640,2018-05-31 00:09:28,624
0,31-MAY-18,-1,1182,34300600,-764746867,-1,999,-1,5445126638,2018-05-31 00:09:28,785
0,31-MAY-18,-1,-1,34301333,-764747650,-1,-1,-1,5445126634,2018-05-31 00:09:28,802
0,31-MAY-18,-1,-1,33591200,-765112150,-1,-1,-1,5445126642,2018-05-31 00:09:28,823
0,31-MAY-18,-1,-1,33597917,-765119583,-1,-1,-1,5445126636,2018-05-31 00:09:28,83
0,31-MAY-18,-1,471,34294533,-764744967,-1,999,-1,5445126641,2018-05-31 00:09:28,953
0,31-MAY-18,-1,3745,33587750,-765111300,-1,999,-1,5445126656,2018-05-31 00:09:29,1008
0,31-MAY-18,-1,2147,34958517,-765054267,-1,999,-1,5445126658,2018-05-31 00:09:29,1068
0,31-MAY-18,519041,4446,34781833,-765175467,259,305,9992,5445126651,2018-05-31 00:09:29,1189
0,31-MAY-18,-1,3688,34958350,-765046367,-1,999,-1,5445126654,2018-05-31 00:09:29,145
0,31-MAY-18,-1,1497,34960017,-765043583,-1,999,-1,5445126655,2018-05-31 00:09:29,190
0,31-MAY-18,-1,293,34034100,-764765500,188,1472,9759,5445126653,2018-05-31 00:09:29,219
0,31-MAY-18,-1,-1,34034917,-764761983,-1,-1,-1,5445126650,2018-05-31 00:09:29,259
0,31-MAY-18,514361,-1,34278017,-764659450,96,3442,9865,5445126649,2018-05-31 00:09:29,263
0,31-MAY-18,-1,15687,33591183,-765118833,-1,-1,-1,5445126646,2018-05-31 00:09:29,314
0,31-MAY-18,-1,403,33586567,-765110833,-1,999,-1,5445126657,2018-05-31 00:09:29,65
0,31-MAY-18,-1,13,34046550,-764759000,874,3411,9990,5445126652,2018-05-31 00:09:29,928
0,31-MAY-18,-1,-1,34297150,-764746033,-1,999,-1,5445126648,2018-05-31 00:09:29,966
0,31-MAY-18,-1,22523,33591217,-765114183,-1,999,-1,5445126645,2018-05-31 00:09:29,991
0,31-MAY-18,-1,202,33594400,-765113633,-1,999,-1,5445126647,2018-05-31 00:09:29,992
0,31-MAY-18,-1,719,33589450,-765114050,-1,999,-1,5445126661,2018-05-31 00:09:30,1033
0,31-MAY-18,500153,7852,34293800,-764745100,-1,999,-1,5445126660,2018-05-31 00:09:30,1109
0,31-MAY-18,-1,1963,33586633,-765113350,-1,999,-1,5445126662,2018-05-31 00:09:30,1220
0,31-MAY-18,-1,13671,34958983,-765045417,-1,999,-1,5445126664,2018-05-31 00:09:30,203
0,31-MAY-18,-1,-1,34978333,-765014517,-1,-1,-1,5445126668,2018-05-31 00:09:30,204
0,31-MAY-18,-1,-1,34035417,-764761517,-1,-1,-1,5445126666,2018-05-31 00:09:30,221
0,31-MAY-18,-1,21,34037533,-764765950,560,347,9998,5445126665,2018-05-31 00:09:30,240
0,31-MAY-18,-1,-1,33590067,-765113050,-1,-1,-1,5445126659,2018-05-31 00:09:30,67
0,31-MAY-18,-1,-1,34299300,-764750533,-1,999,-1,5445126663,2018-05-31 00:09:30,725
0,31-MAY-18,-1,-1,34969317,-765038283,-1,-1,-1,5445126667,2018-05-31 00:09:30,894
0,31-MAY-18,513032,241,34867367,-764991717,511,2121,1884,5445126673,2018-05-31 00:09:31,1078
0,31-MAY-18,-1,-1,34035300,-764758883,-1,-1,-1,5445126674,2018-05-31 00:09:31,241
0,31-MAY-18,-1,-1,34971400,-765028967,-1,-1,-1,5445126671,2018-05-31 00:09:31,303
0,31-MAY-18,-1,-1,33599117,-765121717,-1,-1,-1,5445126669,2018-05-31 00:09:31,402
0,31-MAY-18,-1,-1,34046267,-764754583,-1,-1,-1,5445126670,2018-05-31 00:09:31,944
0,31-MAY-18,-1,168,34293367,-764749300,-1,999,-1,5445126672,2018-05-31 00:09:31,977
0,31-MAY-18,-1,-1,-1,-1,-1,-1,-1,5445126681,2018-05-31 00:09:32,1018
0,31-MAY-18,-1,-1,34974350,-765009267,-1,-1,-1,5445126675,2018-05-31 00:09:32,1201
0,31-MAY-18,511059,12959,-1,-1,580,3192,9996,5445126680,2018-05-31 00:09:32,281
0,31-MAY-18,-1,-1,33600850,-765117750,-1,-1,-1,5445126678,2018-05-31 00:09:32,437
0,31-MAY-18,-1,-1,33590617,-765112283,-1,-1,-1,5445126677,2018-05-31 00:09:32,44
0,31-MAY-18,-1,18128,34957417,-765047400,-1,999,-1,5445126679,2018-05-31 00:09:32,888
0,31-MAY-18,-1,-1,34295033,-764747417,-1,-1,-1,5445126676,2018-05-31 00:09:32,974
0,31-MAY-18,-1,-1,34975400,-765021900,-1,-1,-1,5445126686,2018-05-31 00:09:33,1072
0,31-MAY-18,-1,110,34294317,-764750000,-1,999,-1,5445126693,2018-05-31 00:09:33,1112
0,31-MAY-18,-1,4795,33586833,-765193400,-1,999,-1,5445126694,2018-05-31 00:09:33,1145
0,31-MAY-18,513051,-1,34895800,-764956900,393,333,317,5445126690,2018-05-31 00:09:33,1210
0,31-MAY-18,-1,-1,33601833,-765117950,-1,-1,-1,5445126684,2018-05-31 00:09:33,1217
0,31-MAY-18,514453,32,34574867,-764881983,1087,3452,362,5445126689,2018-05-31 00:09:33,1263
0,31-MAY-18,-1,-1,33600517,-765122067,-1,-1,-1,5445126687,2018-05-31 00:09:33,23
0,31-MAY-18,514351,9,34364050,-764820483,53,3442,645,5445126697,2018-05-31 00:09:33,274
0,31-MAY-18,-1,-1,-1,-1,-1,-1,-1,5445126682,2018-05-31 00:09:33,388
0,31-MAY-18,-1,15159,34297183,-764755233,-1,999,-1,5445126685,2018-05-31 00:09:33,774
0,31-MAY-18,-1,-1,33603750,-765122333,-1,-1,-1,5445126695,2018-05-31 00:09:33,835
0,31-MAY-18,504016,12921,33976817,-765429000,497,131,9921,5445126696,2018-05-31 00:09:33,837
0,31-MAY-18,511281,4,33707317,-765252917,555,2121,2178,5445126688,2018-05-31 00:09:33,844
0,31-MAY-18,-1,-1,34954483,-765038533,-1,-1,-1,5445126683,2018-05-31 00:09:33,9
0,31-MAY-18,511204,-1,34281850,-765451283,611,3191,9892,5445126691,2018-05-31 00:09:33,900
0,31-MAY-18,-1,95,34297150,-764753683,-1,999,-1,5445126692,2018-05-31 00:09:33,975
0,31-MAY-18,511441,-1,33594017,-765121367,657,3124,9881,5445126700,2018-05-31 00:09:34,103
0,31-MAY-18,-1,-1,34953817,-765053317,-1,-1,-1,5445126710,2018-05-31 00:09:34,1032
0,31-MAY-18,-1,8136,34675000,-765235400,-1,999,-1,5445126705,2018-05-31 00:09:34,1202
0,31-MAY-18,-1,6991,34955517,-765082950,-1,999,-1,5445126702,2018-05-31 00:09:34,1211
0,31-MAY-18,-1,-1,34960883,-765053350,-1,999,-1,5445126709,2018-05-31 00:09:34,1213
0,31-MAY-18,-1,-1,34041033,-764756383,-1,-1,-1,5445126706,2018-05-31 00:09:34,239
0,31-MAY-18,502302,5421,33583733,-765137300,154,3141,9984,5445126698,2018-05-31 00:09:34,32
0,31-MAY-18,-1,-1,34970200,-765031467,-1,-1,-1,5445126711,2018-05-31 00:09:34,637
0,31-MAY-18,-1,-1,34301117,-764754533,-1,999,-1,5445126699,2018-05-31 00:09:34,739
0,31-MAY-18,-1,598,34301233,-764745883,-1,999,-1,5445126701,2018-05-31 00:09:34,747
0,31-MAY-18,-1,-1,34956017,-765049833,-1,999,-1,5445126704,2018-05-31 00:09:34,817
0,31-MAY-18,-1,1336,34041350,-764758833,-1,999,-1,5445126703,2018-05-31 00:09:34,932
0,31-MAY-18,-1,5814,34034967,-764759033,-1,999,-1,5445126707,2018-05-31 00:09:34,936
0,31-MAY-18,500104,12460,34297583,-764752833,-1,999,-1,5445126708,2018-05-31 00:09:34,960
0,31-MAY-18,500165,3570,34289267,-764746950,-1,999,-1,5445126714,2018-05-31 00:09:35,1045
0,31-MAY-18,-1,12313,33587717,-765121200,-1,999,-1,5445126715,2018-05-31 00:09:35,1138
0,31-MAY-18,-1,5462,33587083,-765110950,-1,999,-1,5445126712,2018-05-31 00:09:35,1154
0,31-MAY-18,500111,-1,34886767,-765040583,799,323,9998,5445126718,2018-05-31 00:09:35,1214
0,31-MAY-18,-1,-1,33584383,-765110467,-1,-1,-1,5445126719,2018-05-31 00:09:35,130
0,31-MAY-18,-1,126,34034733,-764763767,423,1571,9885,5445126716,2018-05-31 00:09:35,216
0,31-MAY-18,-1,144,34291350,-764748467,-1,999,-1,5445126720,2018-05-31 00:09:35,717
0,31-MAY-18,-1,-1,34971017,-765034817,-1,-1,-1,5445126717,2018-05-31 00:09:35,809
0,31-MAY-18,511281,35,33704950,-765252983,555,2121,2178,5445126713,2018-05-31 00:09:35,844
0,31-MAY-18,-1,-1,33585583,-765111533,-1,999,-1,5445126722,2018-05-31 00:09:35,855
0,31-MAY-18,-1,-1,34035217,-764761750,-1,999,-1,5445126721,2018-05-31 00:09:35,924
0,31-MAY-18,-1,8491,33663333,-765248917,-1,999,-1,5445126726,2018-05-31 00:09:36,199
0,31-MAY-18,-1,14,34046917,-764757367,-1,999,-1,5445126725,2018-05-31 00:09:36,269
0,31-MAY-18,-1,5,34035400,-764763250,115,150,9948,5445126724,2018-05-31 00:09:36,551
0,31-MAY-18,511281,35,33704167,-765253000,555,2121,2178,5445126723,2018-05-31 00:09:36,844
0,31-MAY-18,-1,1863,34974433,-765009400,-1,999,-1,5445126735,2018-05-31 00:09:37,1071
0,31-MAY-18,-1,-1,34970933,-765035317,-1,-1,-1,5445126731,2018-05-31 00:09:37,137
0,31-MAY-18,-1,1765,34033833,-764759700,-1,999,-1,5445126728,2018-05-31 00:09:37,258
0,31-MAY-18,-1,499,34034633,-764761850,707,142,9964,5445126730,2018-05-31 00:09:37,616
0,31-MAY-18,-1,613,34298000,-764744717,-1,999,-1,5445126733,2018-05-31 00:09:37,743
0,31-MAY-18,502304,14239,34289083,-764747533,-1,999,-1,5445126734,2018-05-31 00:09:37,746
0,31-MAY-18,-1,-1,33593050,-765118417,-1,999,-1,5445126732,2018-05-31 00:09:37,866
0,31-MAY-18,513316,-1,34907067,-764917050,215,553,615,5445126736,2018-05-31 00:09:37,899
0,31-MAY-18,511251,-1,33667450,-765282500,598,3172,192,5445126727,2018-05-31 00:09:37,94
0,31-MAY-18,511033,4159,33524500,-765233417,641,3133,9855,5445126737,2018-05-31 00:09:37,95
0,31-MAY-18,514271,31,34122533,-764694117,618,2841,302,5445126729,2018-05-31 00:09:37,968
0,31-MAY-18,-1,-1,34300383,-764748300,-1,-1,-1,5445126744,2018-05-31 00:09:38,1095
0,31-MAY-18,-1,4146,34039933,-764760417,-1,999,-1,5445126743,2018-05-31 00:09:38,11
0,31-MAY-18,-1,440,34295000,-764751783,-1,999,-1,5445126739,2018-05-31 00:09:38,1155
0,31-MAY-18,-1,413,34954467,-765051067,-1,999,-1,5445126741,2018-05-31 00:09:38,1178
0,31-MAY-18,-1,1865,34955967,-765048883,-1,999,-1,5445126745,2018-05-31 00:09:38,1192
0,31-MAY-18,513242,5,34836583,-764843783,896,3351,529,5445126738,2018-05-31 00:09:38,202
0,31-MAY-18,-1,-1,-1,-1,-1,-1,-1,5445126740,2018-05-31 00:09:38,285
0,31-MAY-18,-1,8908,33591550,-765114617,-1,999,-1,5445126742,2018-05-31 00:09:38,299
0,31-MAY-18,-1,5426,34732300,-765201717,729,302,9982,5445126750,2018-05-31 00:09:39,210
0,31-MAY-18,-1,-1,33464633,-765241583,-1,-1,-1,5445126752,2018-05-31 00:09:39,29
0,31-MAY-18,-1,-1,33489817,-765238117,-1,-1,-1,5445126751,2018-05-31 00:09:39,29
0,31-MAY-18,-1,323,33589183,-765111717,-1,999,-1,5445126753,2018-05-31 00:09:39,51
0,31-MAY-18,-1,209,33580233,-765123333,-1,999,-1,5445126755,2018-05-31 00:09:39,54
0,31-MAY-18,-1,-1,34301833,-764746850,-1,-1,-1,5445126749,2018-05-31 00:09:39,760
0,31-MAY-18,511281,35,33701783,-765253117,555,2121,2178,5445126747,2018-05-31 00:09:39,844
0,31-MAY-18,-1,10127,34970700,-765035933,-1,999,-1,5445126748,2018-05-31 00:09:39,889
0,31-MAY-18,-1,-1,34042600,-764762400,-1,-1,-1,5445126754,2018-05-31 00:09:39,935
0,31-MAY-18,-1,612,34304133,-764750100,-1,999,-1,5445126746,2018-05-31 00:09:39,983
0,31-MAY-18,-1,216,34292433,-764748417,-1,999,-1,5445126763,2018-05-31 00:09:40,1111
0,31-MAY-18,500110,2402,34965217,-765067950,754,322,9996,5445126757,2018-05-31 00:09:40,200
0,31-MAY-18,514405,161,34049867,-764755750,455,347,9990,5445126760,2018-05-31 00:09:40,226
0,31-MAY-18,-1,-1,34038167,-764753550,-1,-1,-1,5445126762,2018-05-31 00:09:40,288
0,31-MAY-18,-1,1298,34295317,-764750883,-1,999,-1,5445126759,2018-05-31 00:09:40,771
0,31-MAY-18,-1,638,33591900,-765112083,-1,999,-1,5445126761,2018-05-31 00:09:40,829
0,31-MAY-18,-1,5848,33592683,-765121367,-1,999,-1,5445126756,2018-05-31 00:09:40,88
0,31-MAY-18,-1,1,33594150,-765119700,-1,999,-1,5445126758,2018-05-31 00:09:40,98
0,31-MAY-18,-1,330,33593867,-765115200,-1,999,-1,5445126773,2018-05-31 00:09:41,1007
0,31-MAY-18,511272,221,33859633,-765202683,228,3131,620,5445126764,2018-05-31 00:09:41,1130
0,31-MAY-18,-1,-1,33590867,-765189200,-1,-1,-1,5445126765,2018-05-31 00:09:41,126
0,31-MAY-18,-1,-1,34974167,-765024500,-1,-1,-1,5445126772,2018-05-31 00:09:41,163
0,31-MAY-18,519192,-1,34808117,-765153600,937,306,9982,5445126766,2018-05-31 00:09:41,198
0,31-MAY-18,-1,-1,33586883,-765111500,-1,999,-1,5445126770,2018-05-31 00:09:41,26
0,31-MAY-18,512017,6,34940350,-765211267,545,2121,1882,5445126767,2018-05-31 00:09:41,53
0,31-MAY-18,-1,-1,33587067,-765115433,-1,-1,-1,5445126768,2018-05-31 00:09:41,81
0,31-MAY-18,-1,-1,33604450,-765119483,-1,-1,-1,5445126771,2018-05-31 00:09:41,832
0,31-MAY-18,-1,-1,34300100,-764748267,-1,-1,-1,5445126769,2018-05-31 00:09:41,984
0,31-MAY-18,-1,-1,34958067,-765047117,-1,-1,-1,5445126783,2018-05-31 00:09:42,1074
0,31-MAY-18,-1,2871,34953117,-765054350,-1,999,-1,5445126777,2018-05-31 00:09:42,1075
0,31-MAY-18,-1,506,34303383,-764749483,-1,999,-1,5445126778,2018-05-31 00:09:42,1115
0,31-MAY-18,-1,5762,33593800,-765119283,-1,999,-1,5445126785,2018-05-31 00:09:42,1129
0,31-MAY-18,-1,-1,33584733,-765113417,-1,-1,-1,5445126781,2018-05-31 00:09:42,1159
0,31-MAY-18,-1,8313,34953383,-765053867,-1,999,-1,5445126775,2018-05-31 00:09:42,1190
0,31-MAY-18,-1,-1,34963267,-765040100,-1,-1,-1,5445126786,2018-05-31 00:09:42,192
0,31-MAY-18,513185,-1,34964483,-765055550,625,332,9996,5445126789,2018-05-31 00:09:42,193
0,31-MAY-18,-1,51,33594583,-765117850,-1,999,-1,5445126776,2018-05-31 00:09:42,24
0,31-MAY-18,-1,-1,34970333,-765030900,-1,-1,-1,5445126784,2018-05-31 00:09:42,297
0,31-MAY-18,-1,-1,34289450,-764738550,-1,999,-1,5445126787,2018-05-31 00:09:42,34
0,31-MAY-18,-1,398,33595217,-765118083,-1,999,-1,5445126788,2018-05-31 00:09:42,382
0,31-MAY-18,-1,2758,33592783,-765114783,-1,999,-1,5445126779,2018-05-31 00:09:42,42
0,31-MAY-18,515054,6990,34302667,-764748433,999,2524,728,5445126774,2018-05-31 00:09:42,792
0,31-MAY-18,514405,769,34036817,-764765633,-1,999,-1,5445126780,2018-05-31 00:09:42,937
0,31-MAY-18,514073,264,34181667,-764786383,622,3441,501,5445126782,2018-05-31 00:09:42,970
0,31-MAY-18,-1,-1,34958900,-765044317,-1,-1,-1,5445126796,2018-05-31 00:09:43,1079
0,31-MAY-18,-1,507,34300717,-764748700,-1,999,-1,5445126791,2018-05-31 00:09:43,1113
0,31-MAY-18,-1,-1,33592450,-765118250,-1,999,-1,5445126793,2018-05-31 00:09:43,1233
0,31-MAY-18,-1,-1,34293600,-764740417,-1,-1,-1,5445126792,2018-05-31 00:09:43,740
0,31-MAY-18,-1,-1,34302883,-764749083,-1,999,-1,5445126794,2018-05-31 00:09:43,744
0,31-MAY-18,517076,14040,34307883,-764752483,561,373,9986,5445126790,2018-05-31 00:09:43,764
0,31-MAY-18,-1,-1,33653900,-765258417,-1,999,-1,5445126795,2018-05-31 00:09:43,873
0,31-MAY-18,503012,689,34253150,-764951200,861,2842,433,5445126799,2018-05-31 00:09:44,1096
0,31-MAY-18,515190,-1,34051983,-764754650,606,353,9952,5445126798,2018-05-31 00:09:44,272
0,31-MAY-18,511204,-1,34309417,-765436217,611,3191,9892,5445126797,2018-05-31 00:09:44,900
0,31-MAY-18,-1,2497,34963233,-765053617,-1,999,-1,5445126804,2018-05-31 00:09:45,1067
0,31-MAY-18,-1,3926,34290517,-764748983,-1,999,-1,5445126805,2018-05-31 00:09:45,1093
0,31-MAY-18,-1,12528,34300033,-764754333,-1,999,-1,5445126807,2018-05-31 00:09:45,1094
0,31-MAY-18,-1,-1,34290717,-764747350,-1,999,-1,5445126803,2018-05-31 00:09:45,1108
0,31-MAY-18,-1,-1,-1,-1,-1,-1,-1,5445126800,2018-05-31 00:09:45,151
0,31-MAY-18,501850,14066,34293067,-764750367,-1,999,-1,5445126801,2018-05-31 00:09:45,45
0,31-MAY-18,-1,-1,34303783,-764748150,-1,-1,-1,5445126802,2018-05-31 00:09:45,757
0,31-MAY-18,-1,-1,34303400,-764754267,-1,999,-1,5445126806,2018-05-31 00:09:45,959
0,31-MAY-18,-1,6364,33583200,-765122817,-1,999,-1,5445126814,2018-05-31 00:09:46,1046
0,31-MAY-18,-1,897,34290150,-764748300,-1,999,-1,5445126812,2018-05-31 00:09:46,1110
0,31-MAY-18,511273,-1,33855600,-765202833,228,3131,620,5445126811,2018-05-31 00:09:46,1130
0,31-MAY-18,-1,-1,33587783,-765120333,-1,999,-1,5445126813,2018-05-31 00:09:46,1161
0,31-MAY-18,-1,434,34956717,-765046817,-1,999,-1,5445126808,2018-05-31 00:09:46,166
0,31-MAY-18,517076,9937,34727200,-765204917,614,373,9980,5445126810,2018-05-31 00:09:46,186
0,31-MAY-18,-1,-1,33583567,-765127483,154,3141,9984,5445126809,2018-05-31 00:09:46,32
0,31-MAY-18,-1,-1,34045700,-764761050,-1,999,-1,5445126815,2018-05-31 00:09:46,618
0,31-MAY-18,-1,-1,34969800,-765037350,-1,-1,-1,5445126820,2018-05-31 00:09:47,1026
0,31-MAY-18,-1,5908,34976833,-765015650,-1,999,-1,5445126817,2018-05-31 00:09:47,213
0,31-MAY-18,-1,273,33586450,-765120550,-1,999,-1,5445126818,2018-05-31 00:09:47,27
0,31-MAY-18,-1,253,33594650,-765115317,-1,999,-1,5445126816,2018-05-31 00:09:47,37
0,31-MAY-18,512017,31,34941950,-765216567,545,2121,1882,5445126819,2018-05-31 00:09:47,53
0,31-MAY-18,-1,-1,33587383,-765113267,314,3133,9886,5445126821,2018-05-31 00:09:48,123
0,31-MAY-18,-1,-1,33598500,-765119300,-1,-1,-1,5445126823,2018-05-31 00:09:48,18
0,31-MAY-18,513242,31,34842800,-764845583,896,3351,529,5445126822,2018-05-31 00:09:48,202
0,31-MAY-18,513242,31,34842800,-764845583,896,3351,529,5445126824,2018-05-31 00:09:48,202
0,31-MAY-18,-1,-1,34043850,-764761117,-1,-1,-1,5445126827,2018-05-31 00:09:48,238
0,31-MAY-18,514352,2,34370550,-764816317,53,3442,645,5445126828,2018-05-31 00:09:48,274
0,31-MAY-18,-1,616,34300167,-764747033,-1,999,-1,5445126825,2018-05-31 00:09:48,745
0,31-MAY-18,-1,113,34294950,-764751450,-1,999,-1,5445126826,2018-05-31 00:09:48,767
0,31-MAY-18,-1,113,33590450,-765114483,-1,999,-1,5445126835,2018-05-31 00:09:49,1049
0,31-MAY-18,-1,-1,33603583,-765122317,-1,-1,-1,5445126834,2018-05-31 00:09:49,1120
0,31-MAY-18,511273,33,33852683,-765202850,228,3131,620,5445126833,2018-05-31 00:09:49,1130
0,31-MAY-18,511059,-1,33818267,-765697033,116,3192,9990,5445126832,2018-05-31 00:09:49,119
0,31-MAY-18,-1,-1,34975117,-765022667,-1,-1,-1,5445126831,2018-05-31 00:09:49,177
0,31-MAY-18,501703,12675,-1,-1,-1,-1,-1,5445126836,2018-05-31 00:09:49,706
0,31-MAY-18,-1,7757,33590183,-765111750,-1,999,-1,5445126830,2018-05-31 00:09:49,863
0,31-MAY-18,514186,5,34177550,-764782467,622,3441,501,5445126829,2018-05-31 00:09:49,970
0,31-MAY-18,-1,-1,33616417,-765097300,-1,-1,-1,5445126838,2018-05-31 00:09:50,19
0,31-MAY-18,500168,-1,34380733,-764756400,1167,3441,9949,5445126839,2018-05-31 00:09:50,260
0,31-MAY-18,-1,6125,33590133,-765120950,-1,999,-1,5445126837,2018-05-31 00:09:50,850
0,31-MAY-18,-1,-1,34973700,-765007967,-1,-1,-1,5445126846,2018-05-31 00:09:51,1173
0,31-MAY-18,513106,4222,34889817,-765047283,436,3372,9994,5445126848,2018-05-31 00:09:51,1193
0,31-MAY-18,-1,-1,34959450,-765045033,-1,999,-1,5445126845,2018-05-31 00:09:51,1203
0,31-MAY-18,514454,2,34565783,-764880217,1087,3452,362,5445126840,2018-05-31 00:09:51,1263
0,31-MAY-18,-1,-1,34304583,-764750383,-1,999,-1,5445126842,2018-05-31 00:09:51,709
0,31-MAY-18,-1,-1,34302050,-764746817,-1,-1,-1,5445126844,2018-05-31 00:09:51,772
0,31-MAY-18,-1,150,34294017,-764750417,-1,999,-1,5445126847,2018-05-31 00:09:51,775
0,31-MAY-18,-1,-1,34970633,-765035633,-1,-1,-1,5445126843,2018-05-31 00:09:51,805
0,31-MAY-18,514236,3,34127083,-764691367,618,2841,302,5445126841,2018-05-31 00:09:51,968
0,31-MAY-18,-1,174,34292767,-764749267,-1,999,-1,5445126857,2018-05-31 00:09:52,1107
0,31-MAY-18,500108,1803,34927283,-765091817,337,552,9999,5445126853,2018-05-31 00:09:52,181
0,31-MAY-18,519281,10428,34965150,-765035883,-1,999,-1,5445126855,2018-05-31 00:09:52,188
0,31-MAY-18,-1,7002,34917000,-765094517,176,1571,9949,5445126851,2018-05-31 00:09:52,653
0,31-MAY-18,-1,-1,33600017,-765117617,-1,-1,-1,5445126852,2018-05-31 00:09:52,68
0,31-MAY-18,-1,-1,34297900,-764743717,-1,-1,-1,5445126849,2018-05-31 00:09:52,754
0,31-MAY-18,514049,296,34356850,-764678233,790,2841,300,5445126854,2018-05-31 00:09:52,789
0,31-MAY-18,514050,3,34356850,-764678233,790,2841,300,5445126850,2018-05-31 00:09:52,789
0,31-MAY-18,-1,-1,34968950,-765038850,-1,-1,-1,5445126858,2018-05-31 00:09:52,810
0,31-MAY-18,-1,-1,34035250,-764758817,-1,-1,-1,5445126856,2018-05-31 00:09:52,929
0,31-MAY-18,511265,1138,33589683,-765229383,842,3141,587,5445126865,2018-05-31 00:09:53,1009
0,31-MAY-18,-1,-1,34975167,-765022300,-1,-1,-1,5445126875,2018-05-31 00:09:53,1029
0,31-MAY-18,-1,-1,33587583,-765119100,-1,-1,-1,5445126868,2018-05-31 00:09:53,1128
0,31-MAY-18,-1,236,33587883,-765114683,-1,999,-1,5445126874,2018-05-31 00:09:53,1135
0,31-MAY-18,-1,367,34959517,-765043367,-1,999,-1,5445126873,2018-05-31 00:09:53,1172
0,31-MAY-18,-1,123,34958367,-765054050,-1,999,-1,5445126872,2018-05-31 00:09:53,1179
0,31-MAY-18,-1,-1,34956983,-765047367,-1,-1,-1,5445126863,2018-05-31 00:09:53,1180
0,31-MAY-18,-1,388,33590300,-765120500,-1,999,-1,5445126871,2018-05-31 00:09:53,125
0,31-MAY-18,-1,1953,34056433,-764752217,-1,999,-1,5445126870,2018-05-31 00:09:53,227
0,31-MAY-18,-1,5,34053017,-764754400,-1,999,-1,5445126867,2018-05-31 00:09:53,700
0,31-MAY-18,-1,19165,34297700,-764748183,-1,999,-1,5445126860,2018-05-31 00:09:53,749
0,31-MAY-18,-1,2247,34301233,-764747617,-1,999,-1,5445126866,2018-05-31 00:09:53,788
0,31-MAY-18,-1,631,33588567,-765111250,-1,999,-1,5445126861,2018-05-31 00:09:53,828
0,31-MAY-18,-1,-1,33593750,-765116667,-1,-1,-1,5445126862,2018-05-31 00:09:53,836
0,31-MAY-18,-1,-1,34034200,-764762100,-1,999,-1,5445126869,2018-05-31 00:09:53,940
0,31-MAY-18,514186,34,34175233,-764779150,622,3441,501,5445126859,2018-05-31 00:09:53,970
0,31-MAY-18,514186,34,34175233,-764779150,622,3441,501,5445126864,2018-05-31 00:09:53,970
0,31-MAY-18,-1,-1,-1,-1,-1,-1,-1,5445126880,2018-05-31 00:09:54,1024
0,31-MAY-18,-1,-1,33591900,-765113300,-1,-1,-1,5445126876,2018-05-31 00:09:54,1124
0,31-MAY-18,-1,5,33586183,-765109683,-1,-1,-1,5445126883,2018-05-31 00:09:54,116
0,31-MAY-18,-1,-1,34972850,-765005700,-1,999,-1,5445126879,2018-05-31 00:09:54,1197
0,31-MAY-18,-1,3492,33594500,-765114867,-1,999,-1,5445126884,2018-05-31 00:09:54,128
0,31-MAY-18,-1,-1,34953817,-765052267,-1,999,-1,5445126882,2018-05-31 00:09:54,180
0,31-MAY-18,-1,3352,34963167,-765036917,-1,999,-1,5445126885,2018-05-31 00:09:54,307
0,31-MAY-18,-1,594,34299500,-764746333,-1,999,-1,5445126877,2018-05-31 00:09:54,797
0,31-MAY-18,-1,-1,34969950,-765037100,-1,-1,-1,5445126881,2018-05-31 00:09:54,893
0,31-MAY-18,-1,-1,34183783,-765482550,-1,-1,-1,5445126878,2018-05-31 00:09:54,951
0,31-MAY-18,-1,-1,34966883,-765032800,-1,-1,-1,5445126897,2018-05-31 00:09:55,1061
0,31-MAY-18,-1,144,34295533,-764751217,-1,999,-1,5445126895,2018-05-31 00:09:55,1103
0,31-MAY-18,511274,4630,33547217,-765234600,373,2211,9861,5445126890,2018-05-31 00:09:55,1139
0,31-MAY-18,-1,-1,34961833,-765053117,-1,999,-1,5445126891,2018-05-31 00:09:55,1212
0,31-MAY-18,511352,-1,33762700,-765435500,160,3122,9943,5445126889,2018-05-31 00:09:55,124
0,31-MAY-18,-1,35,33583333,-765124233,-1,999,-1,5445126893,2018-05-31 00:09:55,32
0,31-MAY-18,-1,-1,33606517,-765123217,-1,-1,-1,5445126888,2018-05-31 00:09:55,56
0,31-MAY-18,-1,-1,33605867,-765121950,-1,-1,-1,5445126886,2018-05-31 00:09:55,632
0,31-MAY-18,-1,4198,33589167,-765114550,-1,999,-1,5445126892,2018-05-31 00:09:55,856
0,31-MAY-18,511441,-1,33721200,-765544550,12,3124,9948,5445126896,2018-05-31 00:09:55,876
0,31-MAY-18,-1,-1,34968500,-765037650,-1,-1,-1,5445126887,2018-05-31 00:09:55,882
0,31-MAY-18,-1,-1,34035967,-764766967,-1,999,-1,5445126898,2018-05-31 00:09:55,910
0,31-MAY-18,-1,148,34045333,-764761283,-1,999,-1,5445126894,2018-05-31 00:09:55,926
0,31-MAY-18,500101,12510,34294033,-764750617,-1,999,-1,5445126907,2018-05-31 00:09:56,1005
0,31-MAY-18,502302,72,33672850,-765294817,986,3171,261,5445126908,2018-05-31 00:09:56,1006
0,31-MAY-18,-1,-1,34978000,-765020933,-1,-1,-1,5445126903,2018-05-31 00:09:56,1208
0,31-MAY-18,514454,31,34563883,-764880650,1087,3452,362,5445126901,2018-05-31 00:09:56,1263
0,31-MAY-18,500164,285,34438667,-764819050,904,3411,356,5445126905,2018-05-31 00:09:56,250
0,31-MAY-18,-1,-1,34279233,-764996233,-1,-1,-1,5445126904,2018-05-31 00:09:56,251
0,31-MAY-18,-1,-1,34302467,-764747017,-1,-1,-1,5445126902,2018-05-31 00:09:56,759
0,31-MAY-18,-1,1755,34295483,-764752083,-1,999,-1,5445126912,2018-05-31 00:09:56,761
0,31-MAY-18,-1,-1,34300383,-764754833,-1,999,-1,5445126909,2018-05-31 00:09:56,765
0,31-MAY-18,-1,-1,34970383,-765036417,-1,-1,-1,5445126899,2018-05-31 00:09:56,813
0,31-MAY-18,-1,-1,34969083,-765038483,-1,-1,-1,5445126900,2018-05-31 00:09:56,815
0,31-MAY-18,-1,-1,34970400,-765006467,-1,-1,-1,5445126906,2018-05-31 00:09:56,820
0,31-MAY-18,-1,-1,34042250,-764760067,-1,-1,-1,5445126910,2018-05-31 00:09:56,919
0,31-MAY-18,-1,471,34294217,-764745283,-1,999,-1,5445126911,2018-05-31 00:09:56,953
0,31-MAY-18,-1,-1,33591283,-765113233,-1,-1,-1,5445126916,2018-05-31 00:09:57,1048
0,31-MAY-18,-1,858,34974450,-765009500,-1,999,-1,5445126913,2018-05-31 00:09:57,1185
0,31-MAY-18,519041,4446,34782317,-765175500,259,305,9992,5445126918,2018-05-31 00:09:57,1189
0,31-MAY-18,514454,31,34563433,-764880683,1087,3452,362,5445126914,2018-05-31 00:09:57,1263
0,31-MAY-18,511274,7538,33565900,-765235867,702,2211,9874,5445126919,2018-05-31 00:09:57,312
0,31-MAY-18,-1,1182,34300500,-764747300,-1,999,-1,5445126917,2018-05-31 00:09:57,785
0,31-MAY-18,515190,3057,34047717,-764757217,105,353,9904,5445126915,2018-05-31 00:09:57,949
0,31-MAY-18,-1,3745,33587783,-765111300,-1,999,-1,5445126928,2018-05-31 00:09:58,1008
0,31-MAY-18,-1,719,33589433,-765114050,-1,999,-1,5445126926,2018-05-31 00:09:58,1033
0,31-MAY-18,-1,2183,34955250,-765055400,-1,999,-1,5445126932,2018-05-31 00:09:58,1068
0,31-MAY-18,-1,3688,34958350,-765046350,-1,999,-1,5445126931,2018-05-31 00:09:58,145
0,31-MAY-18,-1,1537,34960900,-765040867,-1,999,-1,5445126933,2018-05-31 00:09:58,190
0,31-MAY-18,-1,13671,34958983,-765045400,-1,999,-1,5445126929,2018-05-31 00:09:58,203
0,31-MAY-18,514361,-1,34264050,-764652333,96,3442,9865,5445126927,2018-05-31 00:09:58,263
0,31-MAY-18,-1,-1,34037283,-764754233,-1,-1,-1,5445126921,2018-05-31 00:09:58,289
0,31-MAY-18,-1,15687,33591200,-765118850,-1,-1,-1,5445126922,2018-05-31 00:09:58,314
0,31-MAY-18,-1,-1,34045600,-764758500,-1,-1,-1,5445126923,2018-05-31 00:09:58,555
0,31-MAY-18,-1,403,33586600,-765110833,-1,999,-1,5445126934,2018-05-31 00:09:58,65
0,31-MAY-18,-1,-1,34299233,-764750617,-1,999,-1,5445126930,2018-05-31 00:09:58,725
0,31-MAY-18,-1,-1,34297383,-764745650,-1,999,-1,5445126924,2018-05-31 00:09:58,966
0,31-MAY-18,-1,22523,33591217,-765114167,-1,999,-1,5445126925,2018-05-31 00:09:58,991
0,31-MAY-18,-1,202,33594400,-765113650,-1,999,-1,5445126920,2018-05-31 00:09:58,992
0,31-MAY-18,-1,-1,33604517,-765122200,-1,-1,-1,5445126944,2018-05-31 00:09:59,1003
0,31-MAY-18,500153,7852,34293783,-764745167,-1,999,-1,5445126938,2018-05-31 00:09:59,1109
0,31-MAY-18,-1,-1,33591050,-765112300,-1,-1,-1,5445126935,2018-05-31 00:09:59,1144
0,31-MAY-18,-1,83,33592067,-765121000,276,3122,9931,5445126940,2018-05-31 00:09:59,121
0,31-MAY-18,-1,1963,33586650,-765113333,-1,999,-1,5445126939,2018-05-31 00:09:59,1220
0,31-MAY-18,-1,-1,34040700,-764756483,-1,-1,-1,5445126941,2018-05-31 00:09:59,624
0,31-MAY-18,-1,-1,34292367,-764744517,-1,-1,-1,5445126943,2018-05-31 00:09:59,705
0,31-MAY-18,-1,-1,34301350,-764747567,-1,-1,-1,5445126936,2018-05-31 00:09:59,802
0,31-MAY-18,-1,-1,33597950,-765119633,-1,-1,-1,5445126937,2018-05-31 00:09:59,83
0,31-MAY-18,-1,168,34293367,-764749300,-1,999,-1,5445126942,2018-05-31 00:09:59,977
0,31-MAY-18,513032,404,34874517,-764992067,511,2121,1884,5445126949,2018-05-31 00:10:00,1078
0,31-MAY-18,-1,293,34034083,-764765517,188,1472,9759,5445126951,2018-05-31 00:10:00,219
0,31-MAY-18,-1,-1,34034933,-764761983,-1,-1,-1,5445126947,2018-05-31 00:10:00,259
0,31-MAY-18,514050,34,34358467,-764681117,790,2841,300,5445126945,2018-05-31 00:10:00,789
0,31-MAY-18,514050,34,34358733,-764681650,790,2841,300,5445126946,2018-05-31 00:10:00,789
0,31-MAY-18,-1,-1,33591200,-765112167,-1,-1,-1,5445126948,2018-05-31 00:10:00,823
0,31-MAY-18,-1,13,34046567,-764759067,874,3411,9990,5445126950,2018-05-31 00:10:00,928
0,31-MAY-18,-1,-1,34035467,-764761617,-1,-1,-1,5445126957,2018-05-31 00:10:01,221
0,31-MAY-18,-1,21,34037533,-764765950,560,347,9998,5445126956,2018-05-31 00:10:01,240
0,31-MAY-18,514352,33,34375233,-764813550,53,3442,645,5445126962,2018-05-31 00:10:01,274
0,31-MAY-18,511059,13066,-1,-1,580,3192,9996,5445126958,2018-05-31 00:10:01,281
0,31-MAY-18,-1,-1,33590083,-765113050,-1,-1,-1,5445126954,2018-05-31 00:10:01,67
0,31-MAY-18,-1,-1,33608183,-765121283,-1,999,-1,5445126960,2018-05-31 00:10:01,71
0,31-MAY-18,-1,15159,34297250,-764755200,-1,999,-1,5445126952,2018-05-31 00:10:01,774
0,31-MAY-18,-1,18128,34957467,-765047383,-1,999,-1,5445126959,2018-05-31 00:10:01,888
0,31-MAY-18,-1,-1,34969350,-765038283,-1,-1,-1,5445126961,2018-05-31 00:10:01,894
0,31-MAY-18,514236,32,34132467,-764688250,618,2841,302,5445126953,2018-05-31 00:10:01,968
0,31-MAY-18,514236,32,34132467,-764688250,618,2841,302,5445126955,2018-05-31 00:10:01,968
0,31-MAY-18,-1,110,34294300,-764749967,-1,999,-1,5445126967,2018-05-31 00:10:02,1112
0,31-MAY-18,513051,181,34889083,-764944200,393,333,317,5445126965,2018-05-31 00:10:02,1210
0,31-MAY-18,-1,-1,34978983,-765018600,-1,-1,-1,5445126970,2018-05-31 00:10:02,204
0,31-MAY-18,-1,-1,34035317,-764758883,-1,-1,-1,5445126971,2018-05-31 00:10:02,241
0,31-MAY-18,-1,-1,33599117,-765121717,-1,-1,-1,5445126963,2018-05-31 00:10:02,402
0,31-MAY-18,-1,-1,33600850,-765117733,-1,-1,-1,5445126966,2018-05-31 00:10:02,437
0,31-MAY-18,504016,13347,33942700,-765439783,497,131,9921,5445126968,2018-05-31 00:10:02,837
0,31-MAY-18,-1,1336,34041333,-764758850,-1,999,-1,5445126964,2018-05-31 00:10:02,932
0,31-MAY-18,-1,95,34297167,-764753650,-1,999,-1,5445126969,2018-05-31 00:10:02,975
0,31-MAY-18,511441,-1,33593983,-765121433,657,3124,9881,5445126974,2018-05-31 00:10:03,103
0,31-MAY-18,-1,5310,33583750,-765146750,-1,999,-1,5445126978,2018-05-31 00:10:03,1145
0,31-MAY-18,500111,-1,34880233,-765027733,799,323,9998,5445126977,2018-05-31 00:10:03,1214
0,31-MAY-18,-1,-1,34301100,-764754483,-1,999,-1,5445126973,2018-05-31 00:10:03,739
0,31-MAY-18,-1,-1,34956033,-765049867,-1,999,-1,5445126972,2018-05-31 00:10:03,817
0,31-MAY-18,500104,12460,34297583,-764752850,-1,999,-1,5445126976,2018-05-31 00:10:03,960
0,31-MAY-18,-1,-1,34294650,-764746533,-1,-1,-1,5445126975,2018-05-31 00:10:03,974
0,31-MAY-18,500165,3576,34288167,-764746767,-1,999,-1,5445126983,2018-05-31 00:10:04,1045
0,31-MAY-18,-1,-1,34975400,-765021900,-1,-1,-1,5445126981,2018-05-31 00:10:04,1072
0,31-MAY-18,-1,12313,33587783,-765121050,-1,999,-1,5445126984,2018-05-31 00:10:04,1138
0,31-MAY-18,-1,5462,33587083,-765110917,-1,999,-1,5445126987,2018-05-31 00:10:04,1154
0,31-MAY-18,-1,8516,34706933,-765217117,-1,999,-1,5445126986,2018-05-31 00:10:04,1202
0,31-MAY-18,-1,-1,34959933,-765053683,-1,999,-1,5445126989,2018-05-31 00:10:04,1213
0,31-MAY-18,-1,-1,33600517,-765122050,-1,-1,-1,5445126985,2018-05-31 00:10:04,23
0,31-MAY-18,-1,-1,-1,-1,-1,-1,-1,5445126980,2018-05-31 00:10:04,388
0,31-MAY-18,-1,144,34291333,-764748450,-1,999,-1,5445126991,2018-05-31 00:10:04,717
0,31-MAY-18,-1,598,34301233,-764745867,-1,999,-1,5445126982,2018-05-31 00:10:04,747
0,31-MAY-18,-1,-1,33585600,-765111533,-1,999,-1,5445126979,2018-05-31 00:10:04,855
0,31-MAY-18,-1,-1,34035200,-764761733,-1,999,-1,5445126992,2018-05-31 00:10:04,924
0,31-MAY-18,-1,5814,34034967,-764759033,-1,999,-1,5445126990,2018-05-31 00:10:04,936
0,31-MAY-18,-1,-1,34046267,-764754633,-1,-1,-1,5445126988,2018-05-31 00:10:04,944
0,31-MAY-18,-1,-1,33601850,-765118017,-1,-1,-1,5445126994,2018-05-31 00:10:05,1217
0,31-MAY-18,514454,21,34560533,-764881650,1087,3452,362,5445126995,2018-05-31 00:10:05,1263
0,31-MAY-18,514454,21,34560533,-764881650,1087,3452,362,5445126996,2018-05-31 00:10:05,1263
0,31-MAY-18,-1,8897,33700650,-765248683,-1,999,-1,5445126997,2018-05-31 00:10:05,199
0,31-MAY-18,-1,-1,34041000,-764756300,-1,-1,-1,5445126998,2018-05-31 00:10:05,239
0,31-MAY-18,-1,-1,34970200,-765031517,-1,-1,-1,5445126999,2018-05-31 00:10:05,637
0,31-MAY-18,-1,-1,34967733,-765033367,-1,-1,-1,5445126993,2018-05-31 00:10:05,9
0,31-MAY-18,-1,-1,34964583,-765056283,754,322,9996,5445127001,2018-05-31 00:10:06,200
0,31-MAY-18,-1,-1,34964583,-765056283,754,322,9996,5445127003,2018-05-31 00:10:06,200
0,31-MAY-18,-1,126,34034717,-764763767,423,1571,9885,5445127000,2018-05-31 00:10:06,216
0,31-MAY-18,-1,613,34298000,-764744717,-1,999,-1,5445127005,2018-05-31 00:10:06,743
0,31-MAY-18,502304,14239,34289067,-764747533,-1,999,-1,5445127008,2018-05-31 00:10:06,746
0,31-MAY-18,-1,-1,34971017,-765034833,-1,-1,-1,5445127004,2018-05-31 00:10:06,809
0,31-MAY-18,-1,-1,33593017,-765118300,-1,999,-1,5445127007,2018-05-31 00:10:06,866
0,31-MAY-18,511441,-1,33722233,-765548533,12,3124,9948,5445127006,2018-05-31 00:10:06,876
0,31-MAY-18,511251,-1,33667467,-765282500,598,3172,192,5445127002,2018-05-31 00:10:06,94
0,31-MAY-18,-1,-1,-1,-1,-1,-1,-1,5445127018,2018-05-31 00:10:07,1018
0,31-MAY-18,-1,4146,34039933,-764760383,-1,999,-1,5445127015,2018-05-31 00:10:07,11
0,31-MAY-18,-1,440,34294983,-764751783,-1,999,-1,5445127010,2018-05-31 00:10:07,1155
0,31-MAY-18,-1,413,34954450,-765050983,-1,999,-1,5445127012,2018-05-31 00:10:07,1178
0,31-MAY-18,-1,1865,34956167,-765048750,-1,999,-1,5445127017,2018-05-31 00:10:07,1192
0,31-MAY-18,-1,-1,33584367,-765110500,-1,-1,-1,5445127014,2018-05-31 00:10:07,130
0,31-MAY-18,514067,2,34377917,-764811567,53,3442,645,5445127019,2018-05-31 00:10:07,274
0,31-MAY-18,-1,8908,33591533,-765114617,-1,999,-1,5445127013,2018-05-31 00:10:07,299
0,31-MAY-18,-1,-1,34971433,-765029033,-1,-1,-1,5445127011,2018-05-31 00:10:07,303
0,31-MAY-18,514050,13,34360850,-764685933,790,2841,300,5445127009,2018-05-31 00:10:07,789
0,31-MAY-18,511033,4613,33570300,-765236283,641,3133,9855,5445127016,2018-05-31 00:10:07,95
0,31-MAY-18,-1,-1,34970950,-765035300,-1,-1,-1,5445127029,2018-05-31 00:10:08,137
0,31-MAY-18,-1,5962,34774500,-765175433,729,302,9982,5445127024,2018-05-31 00:10:08,210
0,31-MAY-18,514405,161,34049850,-764755767,455,347,9990,5445127027,2018-05-31 00:10:08,226
0,31-MAY-18,-1,-1,-1,-1,-1,-1,-1,5445127030,2018-05-31 00:10:08,285
0,31-MAY-18,-1,-1,33603500,-765119200,-1,-1,-1,5445127020,2018-05-31 00:10:08,389
0,31-MAY-18,-1,-1,33590600,-765112283,-1,-1,-1,5445127023,2018-05-31 00:10:08,44
0,31-MAY-18,-1,323,33589183,-765111700,-1,999,-1,5445127028,2018-05-31 00:10:08,51
0,31-MAY-18,-1,209,33580183,-765123300,-1,999,-1,5445127032,2018-05-31 00:10:08,54
0,31-MAY-18,-1,5,34035383,-764763250,115,150,9948,5445127022,2018-05-31 00:10:08,551
0,31-MAY-18,-1,499,34034650,-764761867,707,142,9964,5445127025,2018-05-31 00:10:08,616
0,31-MAY-18,-1,10127,34970700,-765035917,-1,999,-1,5445127021,2018-05-31 00:10:08,889
0,31-MAY-18,513316,-1,34907067,-764917067,215,553,615,5445127031,2018-05-31 00:10:08,899
0,31-MAY-18,-1,612,34304117,-764750100,-1,999,-1,5445127026,2018-05-31 00:10:08,983
0,31-MAY-18,-1,-1,34300383,-764748333,-1,-1,-1,5445127042,2018-05-31 00:10:09,1095
0,31-MAY-18,-1,216,34292417,-764748400,-1,999,-1,5445127043,2018-05-31 00:10:09,1111
0,31-MAY-18,-1,-1,33451667,-765240800,-1,-1,-1,5445127038,2018-05-31 00:10:09,29
0,31-MAY-18,-1,1298,34295333,-764750900,-1,999,-1,5445127033,2018-05-31 00:10:09,771
0,31-MAY-18,514050,13,34361033,-764686300,790,2841,300,5445127037,2018-05-31 00:10:09,789
0,31-MAY-18,-1,638,33591933,-765112100,-1,999,-1,5445127041,2018-05-31 00:10:09,829
0,31-MAY-18,511281,283,33679000,-765257533,555,2121,2178,5445127036,2018-05-31 00:10:09,844
0,31-MAY-18,-1,5848,33592667,-765121383,-1,999,-1,5445127035,2018-05-31 00:10:09,88
0,31-MAY-18,-1,-1,34033383,-764765083,-1,-1,-1,5445127039,2018-05-31 00:10:09,946
0,31-MAY-18,-1,-1,34033383,-764765100,-1,-1,-1,5445127040,2018-05-31 00:10:09,946
0,31-MAY-18,-1,1,33594167,-765119700,-1,999,-1,5445127034,2018-05-31 00:10:09,98
0,31-MAY-18,-1,330,33593850,-765115200,-1,999,-1,5445127047,2018-05-31 00:10:10,1007
0,31-MAY-18,-1,-1,34964267,-765055233,-1,999,-1,5445127048,2018-05-31 00:10:10,193
0,31-MAY-18,519192,-1,34845000,-765131250,937,306,9982,5445127046,2018-05-31 00:10:10,198
0,31-MAY-18,-1,-1,33586900,-765111517,-1,999,-1,5445127045,2018-05-31 00:10:10,26
0,31-MAY-18,-1,-1,34301850,-764746700,-1,-1,-1,5445127044,2018-05-31 00:10:10,760
0,31-MAY-18,-1,2871,34953117,-765054350,-1,999,-1,5445127049,2018-05-31 00:10:11,1075
0,31-MAY-18,-1,506,34303383,-764749500,-1,999,-1,5445127050,2018-05-31 00:10:11,1115
0,31-MAY-18,-1,5762,33593817,-765119283,-1,999,-1,5445127058,2018-05-31 00:10:11,1129
0,31-MAY-18,-1,8313,34953400,-765053867,-1,999,-1,5445127055,2018-05-31 00:10:11,1190
0,31-MAY-18,-1,51,33594583,-765117833,-1,999,-1,5445127051,2018-05-31 00:10:11,24
0,31-MAY-18,-1,-1,34038167,-764753550,-1,-1,-1,5445127060,2018-05-31 00:10:11,288
0,31-MAY-18,-1,112,33582783,-765117083,-1,999,-1,5445127056,2018-05-31 00:10:11,32
0,31-MAY-18,-1,398,33595217,-765118083,-1,999,-1,5445127059,2018-05-31 00:10:11,382
0,31-MAY-18,-1,-1,34302950,-764749133,-1,999,-1,5445127053,2018-05-31 00:10:11,744
0,31-MAY-18,515054,6990,34302700,-764748700,999,2524,728,5445127054,2018-05-31 00:10:11,792
0,31-MAY-18,-1,-1,34038600,-764765033,-1,-1,-1,5445127057,2018-05-31 00:10:11,935
0,31-MAY-18,514405,769,34036817,-764765617,-1,999,-1,5445127052,2018-05-31 00:10:11,937
0,31-MAY-18,-1,507,34300733,-764748683,-1,999,-1,5445127064,2018-05-31 00:10:12,1113
0,31-MAY-18,-1,-1,33592467,-765118250,-1,999,-1,5445127061,2018-05-31 00:10:12,1233
0,31-MAY-18,-1,-1,33591650,-765166517,-1,-1,-1,5445127065,2018-05-31 00:10:12,126
0,31-MAY-18,500110,-1,34964533,-765056183,754,322,9996,5445127062,2018-05-31 00:10:12,200
0,31-MAY-18,-1,2758,33592800,-765114783,-1,999,-1,5445127063,2018-05-31 00:10:12,42
0,31-MAY-18,-1,-1,33587067,-765115433,-1,-1,-1,5445127069,2018-05-31 00:10:12,81
0,31-MAY-18,-1,-1,33604450,-765119483,-1,-1,-1,5445127067,2018-05-31 00:10:12,832
0,31-MAY-18,511204,-1,34309983,-765435850,611,3191,9892,5445127068,2018-05-31 00:10:12,900
0,31-MAY-18,-1,-1,34300117,-764748350,-1,-1,-1,5445127066,2018-05-31 00:10:12,984
0,31-MAY-18,-1,12528,34300050,-764754300,-1,999,-1,5445127075,2018-05-31 00:10:13,1094
0,31-MAY-18,-1,-1,33584750,-765113400,-1,-1,-1,5445127073,2018-05-31 00:10:13,1159
0,31-MAY-18,513051,232,34892733,-764939617,393,333,317,5445127070,2018-05-31 00:10:13,1210
0,31-MAY-18,-1,-1,34974150,-765024483,-1,-1,-1,5445127078,2018-05-31 00:10:13,163
0,31-MAY-18,-1,-1,34963267,-765040083,-1,-1,-1,5445127076,2018-05-31 00:10:13,192
0,31-MAY-18,513243,-1,34858817,-764849383,896,3351,529,5445127072,2018-05-31 00:10:13,202
0,31-MAY-18,515190,-1,34052033,-764754633,606,353,9952,5445127074,2018-05-31 00:10:13,272
0,31-MAY-18,-1,-1,34970400,-765030900,-1,-1,-1,5445127077,2018-05-31 00:10:13,297
0,31-MAY-18,517076,14040,34307867,-764752483,561,373,9986,5445127071,2018-05-31 00:10:13,764
0,31-MAY-18,-1,-1,34958050,-765047117,-1,-1,-1,5445127083,2018-05-31 00:10:14,1074
0,31-MAY-18,-1,-1,34958650,-765044650,-1,-1,-1,5445127088,2018-05-31 00:10:14,1079
0,31-MAY-18,-1,3926,34290500,-764749017,-1,999,-1,5445127086,2018-05-31 00:10:14,1093
0,31-MAY-18,-1,-1,34289467,-764746750,-1,999,-1,5445127085,2018-05-31 00:10:14,1108
0,31-MAY-18,-1,-1,33587800,-765120350,-1,999,-1,5445127087,2018-05-31 00:10:14,1161
0,31-MAY-18,513052,5,34893467,-764939067,393,333,317,5445127079,2018-05-31 00:10:14,1210
0,31-MAY-18,517076,10358,34759167,-765184550,614,373,9980,5445127082,2018-05-31 00:10:14,186
0,31-MAY-18,514067,33,34379833,-764809583,53,3442,645,5445127089,2018-05-31 00:10:14,274
0,31-MAY-18,514067,33,34379833,-764809583,53,3442,645,5445127090,2018-05-31 00:10:14,274
0,31-MAY-18,501850,14066,34293067,-764750383,-1,999,-1,5445127080,2018-05-31 00:10:14,45
0,31-MAY-18,-1,-1,34293600,-764740433,-1,-1,-1,5445127081,2018-05-31 00:10:14,740
0,31-MAY-18,-1,-1,34303417,-764754250,-1,999,-1,5445127084,2018-05-31 00:10:14,959
0,31-MAY-18,-1,6364,33583250,-765122883,-1,999,-1,5445127094,2018-05-31 00:10:15,1046
0,31-MAY-18,-1,2509,34961750,-765053217,-1,999,-1,5445127093,2018-05-31 00:10:15,1067
0,31-MAY-18,-1,897,34290133,-764748283,-1,999,-1,5445127092,2018-05-31 00:10:15,1110
0,31-MAY-18,-1,-1,-1,-1,-1,-1,-1,5445127091,2018-05-31 00:10:15,151
0,31-MAY-18,-1,-1,34045700,-764761033,-1,999,-1,5445127095,2018-05-31 00:10:15,618
0,31-MAY-18,503012,1210,34222250,-764915850,861,2842,433,5445127103,2018-05-31 00:10:16,1096
0,31-MAY-18,-1,434,34956933,-765047583,-1,999,-1,5445127098,2018-05-31 00:10:16,166
0,31-MAY-18,-1,1765,34033800,-764759683,-1,999,-1,5445127097,2018-05-31 00:10:16,258
0,31-MAY-18,-1,300,33584983,-765118850,-1,999,-1,5445127102,2018-05-31 00:10:16,27
0,31-MAY-18,-1,253,33594600,-765115250,-1,999,-1,5445127100,2018-05-31 00:10:16,37
0,31-MAY-18,512017,215,34943467,-765231933,545,2121,1882,5445127101,2018-05-31 00:10:16,53
0,31-MAY-18,-1,-1,34303767,-764748250,-1,-1,-1,5445127099,2018-05-31 00:10:16,757
0,31-MAY-18,514050,23,34362067,-764688400,790,2841,300,5445127096,2018-05-31 00:10:16,789
0,31-MAY-18,511059,-1,33805167,-765683100,116,3192,9990,5445127106,2018-05-31 00:10:17,119
0,31-MAY-18,513242,256,34859983,-764849850,896,3351,529,5445127104,2018-05-31 00:10:17,202
0,31-MAY-18,-1,5914,34977483,-765015167,-1,999,-1,5445127105,2018-05-31 00:10:17,213
0,31-MAY-18,-1,616,34300167,-764747033,-1,999,-1,5445127108,2018-05-31 00:10:17,745
0,31-MAY-18,-1,113,34294950,-764751417,-1,999,-1,5445127107,2018-05-31 00:10:17,767
0,31-MAY-18,-1,-1,34969783,-765037350,-1,-1,-1,5445127112,2018-05-31 00:10:18,1026
0,31-MAY-18,-1,113,33590467,-765114483,-1,999,-1,5445127114,2018-05-31 00:10:18,1049
0,31-MAY-18,511273,181,33833283,-765202967,228,3131,620,5445127111,2018-05-31 00:10:18,1130
0,31-MAY-18,-1,-1,33598500,-765119300,-1,-1,-1,5445127109,2018-05-31 00:10:18,18
0,31-MAY-18,501703,12675,-1,-1,-1,-1,-1,5445127113,2018-05-31 00:10:18,706
0,31-MAY-18,-1,7757,33590183,-765111750,-1,999,-1,5445127110,2018-05-31 00:10:18,863
0,31-MAY-18,-1,-1,33591450,-765127233,-1,-1,-1,5445127115,2018-05-31 00:10:19,122
0,31-MAY-18,514454,31,34561100,-764888333,1087,3452,362,5445127116,2018-05-31 00:10:19,1263
0,31-MAY-18,514454,31,34561100,-764888333,1087,3452,362,5445127118,2018-05-31 00:10:19,1263
0,31-MAY-18,-1,-1,34964450,-765055600,754,322,9996,5445127119,2018-05-31 00:10:19,200
0,31-MAY-18,-1,-1,34043833,-764761150,-1,-1,-1,5445127121,2018-05-31 00:10:19,238
0,31-MAY-18,-1,-1,34289450,-764738533,-1,999,-1,5445127120,2018-05-31 00:10:19,34
0,31-MAY-18,-1,6125,33590083,-765120917,-1,999,-1,5445127117,2018-05-31 00:10:19,850
0,31-MAY-18,-1,-1,33603583,-765122350,-1,-1,-1,5445127128,2018-05-31 00:10:20,1120
0,31-MAY-18,513106,4603,34899417,-765080667,436,3372,9994,5445127130,2018-05-31 00:10:20,1193
0,31-MAY-18,-1,-1,34959717,-765044517,-1,999,-1,5445127127,2018-05-31 00:10:20,1203
0,31-MAY-18,513052,33,34897717,-764935800,393,333,317,5445127123,2018-05-31 00:10:20,1210
0,31-MAY-18,-1,7513,34964550,-765063167,-1,999,-1,5445127122,2018-05-31 00:10:20,1211
0,31-MAY-18,-1,-1,34975117,-765022667,-1,-1,-1,5445127124,2018-05-31 00:10:20,177
0,31-MAY-18,-1,-1,34304567,-764750383,-1,999,-1,5445127126,2018-05-31 00:10:20,709
0,31-MAY-18,-1,162,34293450,-764749933,-1,999,-1,5445127129,2018-05-31 00:10:20,775
0,31-MAY-18,-1,-1,33545567,-765118633,-1,-1,-1,5445127125,2018-05-31 00:10:20,995
0,31-MAY-18,-1,-1,34964350,-765024317,-1,-1,-1,5445127133,2018-05-31 00:10:21,1082
0,31-MAY-18,-1,-1,33616417,-765097283,-1,-1,-1,5445127135,2018-05-31 00:10:21,19
0,31-MAY-18,-1,14,34046917,-764757367,-1,999,-1,5445127134,2018-05-31 00:10:21,269
0,31-MAY-18,-1,142,33584533,-765114667,-1,999,-1,5445127132,2018-05-31 00:10:21,32
0,31-MAY-18,-1,7404,34951050,-765083733,176,1571,9949,5445127131,2018-05-31 00:10:21,653
0,31-MAY-18,-1,-1,34302067,-764746800,-1,-1,-1,5445127136,2018-05-31 00:10:21,772
0,31-MAY-18,511265,1505,33586967,-765196183,842,3141,587,5445127138,2018-05-31 00:10:22,1009
0,31-MAY-18,513251,5,34876833,-765000500,511,2121,1884,5445127152,2018-05-31 00:10:22,1078
0,31-MAY-18,-1,186,34291883,-764748500,-1,999,-1,5445127148,2018-05-31 00:10:22,1107
0,31-MAY-18,511019,-1,33830183,-765203033,228,3131,620,5445127145,2018-05-31 00:10:22,1130
0,31-MAY-18,-1,236,33587900,-765114667,-1,999,-1,5445127151,2018-05-31 00:10:22,1135
0,31-MAY-18,-1,367,34959533,-765043383,-1,999,-1,5445127149,2018-05-31 00:10:22,1172
0,31-MAY-18,-1,-1,34973733,-765007950,-1,-1,-1,5445127154,2018-05-31 00:10:22,1173
0,31-MAY-18,-1,124,34958400,-765054167,-1,999,-1,5445127147,2018-05-31 00:10:22,1179
0,31-MAY-18,-1,388,33590317,-765120500,-1,999,-1,5445127146,2018-05-31 00:10:22,125
0,31-MAY-18,500108,2268,34965467,-765074417,337,552,9999,5445127140,2018-05-31 00:10:22,181
0,31-MAY-18,-1,5,34053017,-764754433,-1,999,-1,5445127143,2018-05-31 00:10:22,700
0,31-MAY-18,-1,19165,34297933,-764747100,-1,999,-1,5445127137,2018-05-31 00:10:22,749
0,31-MAY-18,-1,2247,34301233,-764747650,-1,999,-1,5445127144,2018-05-31 00:10:22,788
0,31-MAY-18,-1,-1,34970617,-765035633,-1,-1,-1,5445127150,2018-05-31 00:10:22,805
0,31-MAY-18,-1,631,33588583,-765111250,-1,999,-1,5445127142,2018-05-31 00:10:22,828
0,31-MAY-18,-1,-1,34034200,-764762100,-1,999,-1,5445127153,2018-05-31 00:10:22,940
0,31-MAY-18,514186,290,34165233,-764761133,622,3441,501,5445127141,2018-05-31 00:10:22,970
0,31-MAY-18,514468,5,34165233,-764761133,622,3441,501,5445127139,2018-05-31 00:10:22,970
0,31-MAY-18,-1,144,34295550,-764751233,-1,999,-1,5445127160,2018-05-31 00:10:23,1103
0,31-MAY-18,-1,5,33586167,-765109683,-1,-1,-1,5445127161,2018-05-31 00:10:23,116
0,31-MAY-18,-1,3492,33594500,-765114833,-1,999,-1,5445127164,2018-05-31 00:10:23,128
0,31-MAY-18,-1,-1,34953783,-765052333,-1,999,-1,5445127162,2018-05-31 00:10:23,180
0,31-MAY-18,513243,41,34864250,-764851200,896,3351,529,5445127157,2018-05-31 00:10:23,202
0,31-MAY-18,-1,1957,34056250,-764752367,-1,999,-1,5445127158,2018-05-31 00:10:23,227
0,31-MAY-18,-1,-1,33599783,-765117367,-1,-1,-1,5445127155,2018-05-31 00:10:23,68
0,31-MAY-18,-1,594,34299500,-764746333,-1,999,-1,5445127156,2018-05-31 00:10:23,797
0,31-MAY-18,-1,148,34045300,-764761233,-1,999,-1,5445127163,2018-05-31 00:10:23,926
0,31-MAY-18,-1,-1,34035250,-764758800,-1,-1,-1,5445127159,2018-05-31 00:10:23,929
0,31-MAY-18,511274,5102,33507567,-765235000,373,2211,9861,5445127169,2018-05-31 00:10:24,1139
0,31-MAY-18,-1,-1,34957017,-765047317,-1,-1,-1,5445127168,2018-05-31 00:10:24,1180
0,31-MAY-18,511352,-1,33750717,-765423900,160,3122,9943,5445127167,2018-05-31 00:10:24,124
0,31-MAY-18,-1,3352,34963167,-765036917,-1,999,-1,5445127172,2018-05-31 00:10:24,307
0,31-MAY-18,-1,-1,34297883,-764743700,-1,-1,-1,5445127170,2018-05-31 00:10:24,754
0,31-MAY-18,-1,-1,34968950,-765038867,-1,-1,-1,5445127173,2018-05-31 00:10:24,810
0,31-MAY-18,-1,-1,33593767,-765116667,-1,-1,-1,5445127165,2018-05-31 00:10:24,836
0,31-MAY-18,-1,4198,33589167,-765114550,-1,999,-1,5445127166,2018-05-31 00:10:24,856
0,31-MAY-18,-1,-1,34035967,-764766950,-1,999,-1,5445127171,2018-05-31 00:10:24,910
0,31-MAY-18,500101,12510,34294033,-764750600,-1,999,-1,5445127182,2018-05-31 00:10:25,1005
0,31-MAY-18,-1,-1,-1,-1,-1,-1,-1,5445127176,2018-05-31 00:10:25,1024
0,31-MAY-18,-1,-1,34977167,-765015767,-1,-1,-1,5445127184,2018-05-31 00:10:25,1061
0,31-MAY-18,-1,-1,33591900,-765113283,-1,-1,-1,5445127174,2018-05-31 00:10:25,1124
0,31-MAY-18,-1,-1,34972717,-765005483,-1,999,-1,5445127177,2018-05-31 00:10:25,1197
0,31-MAY-18,-1,-1,34960683,-765053367,-1,999,-1,5445127175,2018-05-31 00:10:25,1212
0,31-MAY-18,519281,10436,34965617,-765035033,-1,999,-1,5445127179,2018-05-31 00:10:25,188
0,31-MAY-18,-1,1755,34295483,-764752083,-1,999,-1,5445127185,2018-05-31 00:10:25,761
0,31-MAY-18,-1,-1,34300400,-764754750,-1,999,-1,5445127183,2018-05-31 00:10:25,765
0,31-MAY-18,-1,1182,34300650,-764747333,-1,999,-1,5445127178,2018-05-31 00:10:25,785
0,31-MAY-18,-1,-1,34969967,-765037100,-1,-1,-1,5445127180,2018-05-31 00:10:25,893
0,31-MAY-18,-1,471,34294150,-764745417,-1,999,-1,5445127181,2018-05-31 00:10:25,953
0,31-MAY-18,-1,3745,33587783,-765111300,-1,999,-1,5445127191,2018-05-31 00:10:26,1008
0,31-MAY-18,-1,858,34974450,-765009467,-1,999,-1,5445127190,2018-05-31 00:10:26,1185
0,31-MAY-18,519041,4446,34782300,-765175500,259,305,9992,5445127192,2018-05-31 00:10:26,1189
0,31-MAY-18,-1,3688,34958350,-765046317,-1,999,-1,5445127195,2018-05-31 00:10:26,145
0,31-MAY-18,500164,285,34438717,-764819167,904,3411,356,5445127188,2018-05-31 00:10:26,250
0,31-MAY-18,511274,7816,33590450,-765235633,702,2211,9874,5445127193,2018-05-31 00:10:26,312
0,31-MAY-18,-1,-1,33603450,-765119167,-1,-1,-1,5445127187,2018-05-31 00:10:26,389
0,31-MAY-18,-1,-1,33605883,-765121950,-1,-1,-1,5445127186,2018-05-31 00:10:26,632
0,31-MAY-18,-1,403,33586583,-765110800,-1,999,-1,5445127194,2018-05-31 00:10:26,65
0,31-MAY-18,514468,33,34163083,-764757400,622,3441,501,5445127189,2018-05-31 00:10:26,970
0,31-MAY-18,502302,5,33670167,-765293567,986,3171,261,5445127213,2018-05-31 00:10:27,1006
0,31-MAY-18,-1,719,33589417,-765114033,-1,999,-1,5445127209,2018-05-31 00:10:27,1033
0,31-MAY-18,-1,2272,34954417,-765050950,-1,999,-1,5445127214,2018-05-31 00:10:27,1068
0,31-MAY-18,500153,7852,34293700,-764745100,-1,999,-1,5445127207,2018-05-31 00:10:27,1109
0,31-MAY-18,511019,31,33824683,-765203300,228,3131,620,5445127210,2018-05-31 00:10:27,1130
0,31-MAY-18,-1,1559,34962350,-765038917,-1,999,-1,5445127215,2018-05-31 00:10:27,190
0,31-MAY-18,-1,13671,34959000,-765045400,-1,999,-1,5445127212,2018-05-31 00:10:27,203
0,31-MAY-18,-1,-1,34278900,-764995700,-1,-1,-1,5445127199,2018-05-31 00:10:27,251
0,31-MAY-18,514361,-1,34238067,-764656450,96,3442,9865,5445127208,2018-05-31 00:10:27,263
0,31-MAY-18,514067,23,34382617,-764807250,53,3442,645,5445127216,2018-05-31 00:10:27,274
0,31-MAY-18,514067,23,34382617,-764807250,53,3442,645,5445127217,2018-05-31 00:10:27,274
0,31-MAY-18,-1,15687,33591200,-765118867,-1,-1,-1,5445127202,2018-05-31 00:10:27,314
0,31-MAY-18,-1,-1,34302533,-764747167,-1,-1,-1,5445127203,2018-05-31 00:10:27,759
0,31-MAY-18,-1,-1,34307217,-764752350,561,373,9986,5445127200,2018-05-31 00:10:27,764
0,31-MAY-18,-1,-1,34972500,-765006083,-1,-1,-1,5445127206,2018-05-31 00:10:27,820
0,31-MAY-18,-1,-1,33631150,-765244017,-1,999,-1,5445127205,2018-05-31 00:10:27,873
0,31-MAY-18,-1,-1,34968517,-765037633,-1,-1,-1,5445127196,2018-05-31 00:10:27,882
0,31-MAY-18,-1,-1,34043850,-764761717,-1,-1,-1,5445127211,2018-05-31 00:10:27,919
0,31-MAY-18,515190,3073,34047150,-764758450,105,353,9904,5445127201,2018-05-31 00:10:27,949
0,31-MAY-18,-1,-1,34297383,-764745683,-1,999,-1,5445127204,2018-05-31 00:10:27,966
0,31-MAY-18,-1,22523,33591200,-765114133,-1,999,-1,5445127197,2018-05-31 00:10:27,991
0,31-MAY-18,-1,202,33594400,-765113650,-1,999,-1,5445127198,2018-05-31 00:10:27,992
0,31-MAY-18,-1,-1,33591267,-765113233,-1,-1,-1,5445127220,2018-05-31 00:10:28,1048
0,31-MAY-18,-1,-1,34977983,-765020950,-1,-1,-1,5445127219,2018-05-31 00:10:28,1208
0,31-MAY-18,-1,1963,33586650,-765113333,-1,999,-1,5445127225,2018-05-31 00:10:28,1220
0,31-MAY-18,-1,-1,34045633,-764758583,-1,-1,-1,5445127222,2018-05-31 00:10:28,555
0,31-MAY-18,-1,-1,34299033,-764750333,-1,999,-1,5445127226,2018-05-31 00:10:28,725
0,31-MAY-18,-1,-1,34970400,-765036417,-1,-1,-1,5445127218,2018-05-31 00:10:28,813
0,31-MAY-18,-1,-1,34969050,-765038500,-1,-1,-1,5445127223,2018-05-31 00:10:28,815
0,31-MAY-18,-1,-1,34183767,-765482483,-1,-1,-1,5445127224,2018-05-31 00:10:28,951
0,31-MAY-18,514468,33,34161950,-764755433,622,3441,501,5445127221,2018-05-31 00:10:28,970
0,31-MAY-18,-1,168,34293367,-764749300,-1,999,-1,5445127227,2018-05-31 00:10:28,977
0,31-MAY-18,513251,31,34878533,-765006017,511,2121,1884,5445127229,2018-05-31 00:10:29,1078
0,31-MAY-18,-1,-1,34037283,-764754233,-1,-1,-1,5445127228,2018-05-31 00:10:29,289
0,31-MAY-18,-1,110,34294317,-764749967,-1,999,-1,5445127240,2018-05-31 00:10:30,1112
0,31-MAY-18,-1,-1,33591067,-765112300,-1,-1,-1,5445127230,2018-05-31 00:10:30,1144
0,31-MAY-18,-1,83,33592033,-765120983,276,3122,9931,5445127236,2018-05-31 00:10:30,121
0,31-MAY-18,511059,13454,-1,-1,580,3192,9996,5445127239,2018-05-31 00:10:30,281
0,31-MAY-18,-1,-1,34040717,-764756500,-1,-1,-1,5445127241,2018-05-31 00:10:30,624
0,31-MAY-18,-1,-1,33608217,-765121267,-1,999,-1,5445127238,2018-05-31 00:10:30,71
0,31-MAY-18,-1,15159,34297167,-764754617,-1,999,-1,5445127235,2018-05-31 00:10:30,774
0,31-MAY-18,514051,-1,34364033,-764692683,790,2841,300,5445127233,2018-05-31 00:10:30,789
0,31-MAY-18,-1,-1,34301350,-764747567,-1,-1,-1,5445127234,2018-05-31 00:10:30,802
0,31-MAY-18,-1,-1,33597950,-765119667,-1,-1,-1,5445127231,2018-05-31 00:10:30,83
0,31-MAY-18,-1,18128,34957483,-765047350,-1,999,-1,5445127237,2018-05-31 00:10:30,888
0,31-MAY-18,514236,168,34144567,-764681350,618,2841,302,5445127232,2018-05-31 00:10:30,968
0,31-MAY-18,-1,-1,33604533,-765122183,-1,-1,-1,5445127244,2018-05-31 00:10:31,1003
0,31-MAY-18,-1,-1,34963133,-765053717,-1,999,-1,5445127242,2018-05-31 00:10:31,193
0,31-MAY-18,-1,-1,34964383,-765055617,-1,999,-1,5445127246,2018-05-31 00:10:31,200
0,31-MAY-18,-1,293,34034083,-764765517,188,1472,9759,5445127249,2018-05-31 00:10:31,219
0,31-MAY-18,-1,-1,34034950,-764762000,-1,-1,-1,5445127247,2018-05-31 00:10:31,259
0,31-MAY-18,-1,-1,34292333,-764744517,-1,-1,-1,5445127243,2018-05-31 00:10:31,705
0,31-MAY-18,-1,-1,33591217,-765112167,-1,-1,-1,5445127251,2018-05-31 00:10:31,823
0,31-MAY-18,-1,13,34046483,-764759017,874,3411,9990,5445127250,2018-05-31 00:10:31,928
0,31-MAY-18,-1,1336,34041333,-764758817,-1,999,-1,5445127245,2018-05-31 00:10:31,932
0,31-MAY-18,-1,95,34297083,-764753583,-1,999,-1,5445127248,2018-05-31 00:10:31,975
0,31-MAY-18,511441,-1,33593800,-765121467,657,3124,9881,5445127254,2018-05-31 00:10:32,103
0,31-MAY-18,511019,31,33824683,-765203300,228,3131,620,5445127255,2018-05-31 00:10:32,1130
0,31-MAY-18,500111,-1,34881650,-765022067,799,323,9998,5445127261,2018-05-31 00:10:32,1214
0,31-MAY-18,-1,-1,34035317,-764761433,-1,-1,-1,5445127260,2018-05-31 00:10:32,221
0,31-MAY-18,-1,21,34037533,-764765950,560,347,9998,5445127256,2018-05-31 00:10:32,240
0,31-MAY-18,512209,-1,34939533,-765231000,545,2121,1882,5445127257,2018-05-31 00:10:32,53
0,31-MAY-18,-1,-1,33590100,-765113033,-1,-1,-1,5445127252,2018-05-31 00:10:32,67
0,31-MAY-18,-1,-1,34956850,-765049133,-1,999,-1,5445127253,2018-05-31 00:10:32,817
0,31-MAY-18,504016,13710,33909817,-765453517,497,131,9921,5445127258,2018-05-31 00:10:32,837
0,31-MAY-18,500104,12460,34297567,-764752867,-1,999,-1,5445127259,2018-05-31 00:10:32,960
0,31-MAY-18,-1,-1,34975167,-765022300,-1,-1,-1,5445127263,2018-05-31 00:10:33,1029
0,31-MAY-18,500165,3748,34288250,-764737883,-1,999,-1,5445127269,2018-05-31 00:10:33,1045
0,31-MAY-18,-1,12313,33587633,-765120783,-1,999,-1,5445127267,2018-05-31 00:10:33,1138
0,31-MAY-18,-1,5555,33583183,-765123233,-1,999,-1,5445127275,2018-05-31 00:10:33,1145
0,31-MAY-18,-1,5462,33587083,-765110900,-1,999,-1,5445127271,2018-05-31 00:10:33,1154
0,31-MAY-18,-1,8517,34707067,-765217133,-1,999,-1,5445127266,2018-05-31 00:10:33,1202
0,31-MAY-18,-1,-1,34979167,-765019050,-1,-1,-1,5445127262,2018-05-31 00:10:33,204
0,31-MAY-18,-1,-1,33599117,-765121717,-1,-1,-1,5445127270,2018-05-31 00:10:33,402
0,31-MAY-18,-1,155,34290400,-764747550,-1,999,-1,5445127274,2018-05-31 00:10:33,717
0,31-MAY-18,-1,-1,34301117,-764754467,-1,999,-1,5445127272,2018-05-31 00:10:33,739
0,31-MAY-18,-1,598,34301233,-764745833,-1,999,-1,5445127268,2018-05-31 00:10:33,747
0,31-MAY-18,-1,-1,33585600,-765111533,-1,999,-1,5445127265,2018-05-31 00:10:33,855
0,31-MAY-18,-1,-1,34969367,-765038283,-1,-1,-1,5445127264,2018-05-31 00:10:33,894
0,31-MAY-18,-1,5814,34035017,-764759033,-1,999,-1,5445127273,2018-05-31 00:10:33,936
0,31-MAY-18,-1,-1,34959917,-765053683,-1,999,-1,5445127283,2018-05-31 00:10:34,1213
0,31-MAY-18,-1,8944,33705567,-765248500,-1,999,-1,5445127281,2018-05-31 00:10:34,199
0,31-MAY-18,-1,-1,34035317,-764758867,-1,-1,-1,5445127277,2018-05-31 00:10:34,241
0,31-MAY-18,-1,-1,33600883,-765117733,-1,-1,-1,5445127282,2018-05-31 00:10:34,437
0,31-MAY-18,502304,14239,34289083,-764747533,-1,999,-1,5445127280,2018-05-31 00:10:34,746
0,31-MAY-18,-1,-1,34035200,-764761717,-1,999,-1,5445127276,2018-05-31 00:10:34,924
0,31-MAY-18,511251,-1,33667467,-765282500,598,3172,192,5445127278,2018-05-31 00:10:34,94
0,31-MAY-18,-1,-1,34294167,-764745950,-1,-1,-1,5445127279,2018-05-31 00:10:34,974
0,31-MAY-18,-1,-1,33600533,-765122033,-1,-1,-1,5445127284,2018-05-31 00:10:35,23
0,31-MAY-18,-1,613,34297983,-764744700,-1,999,-1,5445127285,2018-05-31 00:10:35,743
0,31-MAY-18,-1,441,34294983,-764751800,-1,999,-1,5445127287,2018-05-31 00:10:36,1155
0,31-MAY-18,-1,413,34954383,-765051050,-1,999,-1,5445127289,2018-05-31 00:10:36,1178
0,31-MAY-18,-1,-1,34041067,-764756433,-1,-1,-1,5445127293,2018-05-31 00:10:36,239
0,31-MAY-18,-1,8908,33591517,-765114600,-1,999,-1,5445127290,2018-05-31 00:10:36,299
0,31-MAY-18,-1,-1,33593000,-765118283,-1,999,-1,5445127291,2018-05-31 00:10:36,866
0,31-MAY-18,-1,-1,34969450,-765032583,-1,-1,-1,5445127286,2018-05-31 00:10:36,9
0,31-MAY-18,-1,-1,34046267,-764754683,-1,-1,-1,5445127288,2018-05-31 00:10:36,944
0,31-MAY-18,511033,4851,33590317,-765234000,641,3133,9855,5445127292,2018-05-31 00:10:36,95
0,31-MAY-18,-1,4146,34039933,-764760367,-1,999,-1,5445127305,2018-05-31 00:10:37,11
0,31-MAY-18,-1,1865,34956217,-765048500,-1,999,-1,5445127294,2018-05-31 00:10:37,1192
0,31-MAY-18,-1,-1,33603400,-765120617,-1,-1,-1,5445127299,2018-05-31 00:10:37,1217
0,31-MAY-18,-1,6003,34778183,-765173233,729,302,9982,5445127297,2018-05-31 00:10:37,210
0,31-MAY-18,-1,323,33589183,-765111683,-1,999,-1,5445127303,2018-05-31 00:10:37,51
0,31-MAY-18,-1,-1,34970200,-765031550,-1,-1,-1,5445127295,2018-05-31 00:10:37,637
0,31-MAY-18,-1,-1,34971000,-765034850,-1,-1,-1,5445127302,2018-05-31 00:10:37,809
0,31-MAY-18,-1,638,33591950,-765112100,-1,999,-1,5445127304,2018-05-31 00:10:37,829
0,31-MAY-18,-1,5862,33591417,-765121283,-1,999,-1,5445127300,2018-05-31 00:10:37,88
0,31-MAY-18,-1,10127,34970717,-765035917,-1,999,-1,5445127296,2018-05-31 00:10:37,889
0,31-MAY-18,-1,1,33593017,-765121100,-1,999,-1,5445127301,2018-05-31 00:10:37,98
0,31-MAY-18,-1,612,34304100,-764750100,-1,999,-1,5445127298,2018-05-31 00:10:37,983
0,31-MAY-18,-1,216,34292450,-764748433,-1,999,-1,5445127313,2018-05-31 00:10:38,1111
0,31-MAY-18,-1,-1,33584350,-765110517,-1,-1,-1,5445127312,2018-05-31 00:10:38,130
0,31-MAY-18,-1,126,34034717,-764763767,423,1571,9885,5445127310,2018-05-31 00:10:38,216
0,31-MAY-18,514405,277,34046500,-764756783,455,347,9990,5445127311,2018-05-31 00:10:38,226
0,31-MAY-18,514067,22,34377483,-764805400,53,3442,645,5445127307,2018-05-31 00:10:38,274
0,31-MAY-18,-1,209,33580233,-765123467,-1,999,-1,5445127306,2018-05-31 00:10:38,54
0,31-MAY-18,-1,1298,34295350,-764750917,-1,999,-1,5445127308,2018-05-31 00:10:38,771
0,31-MAY-18,511281,527,33660967,-765266350,555,2121,2178,5445127309,2018-05-31 00:10:38,844
0,31-MAY-18,-1,-1,34970950,-765035300,-1,-1,-1,5445127323,2018-05-31 00:10:39,137
0,31-MAY-18,519192,-1,34882767,-765108200,937,306,9982,5445127326,2018-05-31 00:10:39,198
0,31-MAY-18,-1,80,33594017,-765120217,-1,999,-1,5445127322,2018-05-31 00:10:39,24
0,31-MAY-18,-1,-1,33586917,-765111533,-1,999,-1,5445127327,2018-05-31 00:10:39,26
0,31-MAY-18,500168,-1,34328867,-764713250,1167,3441,9949,5445127315,2018-05-31 00:10:39,260
0,31-MAY-18,514067,22,34377483,-764805400,53,3442,645,5445127314,2018-05-31 00:10:39,274
0,31-MAY-18,-1,-1,-1,-1,-1,-1,-1,5445127324,2018-05-31 00:10:39,285
0,31-MAY-18,-1,-1,33590600,-765112283,-1,-1,-1,5445127321,2018-05-31 00:10:39,44
0,31-MAY-18,-1,5,34035383,-764763250,115,150,9948,5445127318,2018-05-31 00:10:39,551
0,31-MAY-18,-1,499,34034650,-764761883,707,142,9964,5445127320,2018-05-31 00:10:39,616
0,31-MAY-18,514051,32,34365217,-764695117,790,2841,300,5445127316,2018-05-31 00:10:39,789
0,31-MAY-18,513316,-1,34907050,-764917083,215,553,615,5445127325,2018-05-31 00:10:39,899
0,31-MAY-18,514405,769,34036817,-764765500,-1,999,-1,5445127317,2018-05-31 00:10:39,937
0,31-MAY-18,514041,1,34147333,-764679767,618,2841,302,5445127319,2018-05-31 00:10:39,968
0,31-MAY-18,-1,330,33593850,-765115217,-1,999,-1,5445127329,2018-05-31 00:10:40,1007
0,31-MAY-18,-1,-1,-1,-1,-1,-1,-1,5445127328,2018-05-31 00:10:40,1018
0,31-MAY-18,-1,-1,34300367,-764748367,-1,-1,-1,5445127341,2018-05-31 00:10:40,1095
0,31-MAY-18,-1,506,34303383,-764749517,-1,999,-1,5445127335,2018-05-31 00:10:40,1115
0,31-MAY-18,-1,5762,33593833,-765119300,-1,999,-1,5445127340,2018-05-31 00:10:40,1129
0,31-MAY-18,-1,8313,34953433,-765053867,-1,999,-1,5445127334,2018-05-31 00:10:40,1190
0,31-MAY-18,513243,200,34879667,-764855133,896,3351,529,5445127331,2018-05-31 00:10:40,202
0,31-MAY-18,513244,5,34880483,-764855367,896,3351,529,5445127337,2018-05-31 00:10:40,202
0,31-MAY-18,-1,-1,33493800,-765236750,-1,-1,-1,5445127339,2018-05-31 00:10:40,29
0,31-MAY-18,-1,398,33595217,-765118100,-1,999,-1,5445127342,2018-05-31 00:10:40,382
0,31-MAY-18,-1,-1,-1,-1,-1,-1,-1,5445127330,2018-05-31 00:10:40,388
0,31-MAY-18,-1,2758,33592817,-765114767,-1,999,-1,5445127332,2018-05-31 00:10:40,42
0,31-MAY-18,-1,-1,34302933,-764749167,-1,999,-1,5445127333,2018-05-31 00:10:40,744
0,31-MAY-18,-1,-1,34305383,-764754050,-1,999,-1,5445127338,2018-05-31 00:10:40,764
0,31-MAY-18,-1,-1,33592833,-765239683,-1,999,-1,5445127336,2018-05-31 00:10:40,873
0,31-MAY-18,-1,-1,33592450,-765118250,-1,999,-1,5445127343,2018-05-31 00:10:41,1233
0,31-MAY-18,-1,7598,34965483,-765073700,-1,999,-1,5445127346,2018-05-31 00:10:41,653
0,31-MAY-18,-1,-1,34301833,-764746633,-1,-1,-1,5445127345,2018-05-31 00:10:41,760
0,31-MAY-18,515054,6990,34302683,-764748750,999,2524,728,5445127344,2018-05-31 00:10:41,792
0,31-MAY-18,511204,-1,34338350,-765417583,611,3191,9892,5445127347,2018-05-31 00:10:41,900
0,31-MAY-18,-1,-1,34975400,-765021883,-1,-1,-1,5445127350,2018-05-31 00:10:42,1072
0,31-MAY-18,-1,2871,34953100,-765054350,-1,999,-1,5445127348,2018-05-31 00:10:42,1075
0,31-MAY-18,-1,12528,34300050,-764754283,-1,999,-1,5445127355,2018-05-31 00:10:42,1094
0,31-MAY-18,-1,507,34300733,-764748667,-1,999,-1,5445127352,2018-05-31 00:10:42,1113
0,31-MAY-18,514434,4,34558450,-764897600,1087,3452,362,5445127349,2018-05-31 00:10:42,1263
0,31-MAY-18,515190,-1,34051167,-764755483,606,353,9952,5445127357,2018-05-31 00:10:42,272
0,31-MAY-18,-1,-1,34038167,-764753533,-1,-1,-1,5445127356,2018-05-31 00:10:42,288
0,31-MAY-18,-1,142,33584700,-765115167,-1,999,-1,5445127351,2018-05-31 00:10:42,32
0,31-MAY-18,-1,-1,34038817,-764765033,-1,-1,-1,5445127354,2018-05-31 00:10:42,935
0,31-MAY-18,-1,-1,34033400,-764765133,-1,-1,-1,5445127353,2018-05-31 00:10:42,946
0,31-MAY-18,-1,3926,34290500,-764749033,-1,999,-1,5445127367,2018-05-31 00:10:43,1093
0,31-MAY-18,-1,-1,34289517,-764746750,-1,999,-1,5445127369,2018-05-31 00:10:43,1108
0,31-MAY-18,-1,-1,33587817,-765120350,-1,999,-1,5445127368,2018-05-31 00:10:43,1161
0,31-MAY-18,-1,-1,33600550,-765148917,-1,-1,-1,5445127361,2018-05-31 00:10:43,126
0,31-MAY-18,517076,10624,34780050,-765171567,614,373,9980,5445127358,2018-05-31 00:10:43,186
0,31-MAY-18,-1,-1,34971467,-765029100,-1,-1,-1,5445127362,2018-05-31 00:10:43,303
0,31-MAY-18,501850,14066,34293067,-764750383,-1,999,-1,5445127359,2018-05-31 00:10:43,45
0,31-MAY-18,-1,-1,34303633,-764754633,-1,999,-1,5445127360,2018-05-31 00:10:43,764
0,31-MAY-18,-1,-1,33587067,-765115450,-1,-1,-1,5445127366,2018-05-31 00:10:43,81
0,31-MAY-18,-1,-1,33604467,-765119467,-1,-1,-1,5445127364,2018-05-31 00:10:43,832
0,31-MAY-18,-1,-1,34303400,-764754283,-1,999,-1,5445127363,2018-05-31 00:10:43,959
0,31-MAY-18,-1,-1,34300050,-764748333,-1,-1,-1,5445127365,2018-05-31 00:10:43,984
0,31-MAY-18,-1,6364,33583250,-765122883,-1,999,-1,5445127373,2018-05-31 00:10:44,1046
0,31-MAY-18,-1,897,34290133,-764748250,-1,999,-1,5445127371,2018-05-31 00:10:44,1110
0,31-MAY-18,-1,-1,33584767,-765113417,-1,-1,-1,5445127370,2018-05-31 00:10:44,1159
0,31-MAY-18,-1,-1,34963250,-765040083,-1,-1,-1,5445127374,2018-05-31 00:10:44,192
0,31-MAY-18,-1,-1,34970417,-765030867,-1,-1,-1,5445127375,2018-05-31 00:10:44,297
0,31-MAY-18,-1,-1,34045700,-764761017,-1,999,-1,5445127372,2018-05-31 00:10:44,618
0,31-MAY-18,-1,2509,34961633,-765053233,-1,999,-1,5445127380,2018-05-31 00:10:45,1067
0,31-MAY-18,-1,-1,34958050,-765047133,-1,-1,-1,5445127379,2018-05-31 00:10:45,1074
0,31-MAY-18,-1,-1,34974133,-765024467,-1,-1,-1,5445127376,2018-05-31 00:10:45,163
0,31-MAY-18,-1,409,33593317,-765118200,-1,999,-1,5445127381,2018-05-31 00:10:45,27
0,31-MAY-18,-1,253,33594567,-765115217,-1,999,-1,5445127378,2018-05-31 00:10:45,37
0,31-MAY-18,512209,27,34939933,-765228867,545,2121,1882,5445127382,2018-05-31 00:10:45,53
0,31-MAY-18,512209,36,34940167,-765228383,545,2121,1882,5445127383,2018-05-31 00:10:45,53
0,31-MAY-18,-1,-1,34293600,-764740433,-1,-1,-1,5445127377,2018-05-31 00:10:45,740
0,31-MAY-18,-1,-1,34958667,-765044467,-1,-1,-1,5445127384,2018-05-31 00:10:46,1079
0,31-MAY-18,511059,-1,33788867,-765681883,116,3192,9990,5445127389,2018-05-31 00:10:46,119
0,31-MAY-18,513052,233,34914600,-764923367,393,333,317,5445127388,2018-05-31 00:10:46,1210
0,31-MAY-18,-1,-1,-1,-1,-1,-1,-1,5445127385,2018-05-31 00:10:46,151
0,31-MAY-18,-1,434,34957033,-765047600,-1,999,-1,5445127387,2018-05-31 00:10:46,166
0,31-MAY-18,-1,5926,34978033,-765015017,-1,999,-1,5445127386,2018-05-31 00:10:46,213
0,31-MAY-18,-1,616,34300183,-764747033,-1,999,-1,5445127390,2018-05-31 00:10:46,745
0,31-MAY-18,-1,113,33590450,-765114533,-1,999,-1,5445127399,2018-05-31 00:10:47,1049
0,31-MAY-18,513053,3,34915867,-764922650,393,333,317,5445127393,2018-05-31 00:10:47,1210
0,31-MAY-18,513244,31,34885033,-764856467,896,3351,529,5445127391,2018-05-31 00:10:47,202
0,31-MAY-18,501703,12675,-1,-1,-1,-1,-1,5445127398,2018-05-31 00:10:47,706
0,31-MAY-18,-1,-1,34303767,-764748217,-1,-1,-1,5445127394,2018-05-31 00:10:47,757
0,31-MAY-18,-1,113,34294900,-764751500,-1,999,-1,5445127397,2018-05-31 00:10:47,767
0,31-MAY-18,-1,7757,33590167,-765111733,-1,999,-1,5445127392,2018-05-31 00:10:47,863
0,31-MAY-18,514041,32,34149367,-764678517,618,2841,302,5445127395,2018-05-31 00:10:47,968
0,31-MAY-18,514041,32,34149367,-764678517,618,2841,302,5445127396,2018-05-31 00:10:47,968
0,31-MAY-18,503012,1286,34217883,-764910767,861,2842,433,5445127400,2018-05-31 00:10:48,1096
0,31-MAY-18,514434,34,34553133,-764898117,1087,3452,362,5445127401,2018-05-31 00:10:48,1263
0,31-MAY-18,-1,1765,34033800,-764759667,-1,999,-1,5445127403,2018-05-31 00:10:48,258
0,31-MAY-18,-1,6125,33590067,-765120950,-1,999,-1,5445127402,2018-05-31 00:10:48,850
0,31-MAY-18,-1,-1,34969783,-765037350,-1,-1,-1,5445127406,2018-05-31 00:10:49,1026
0,31-MAY-18,-1,-1,34959800,-765044333,-1,999,-1,5445127407,2018-05-31 00:10:49,1203
0,31-MAY-18,-1,-1,33598617,-765119383,-1,-1,-1,5445127404,2018-05-31 00:10:49,18
0,31-MAY-18,-1,-1,34304567,-764750383,-1,999,-1,5445127405,2018-05-31 00:10:49,709
0,31-MAY-18,513106,5003,34924800,-765092467,436,3372,9994,5445127409,2018-05-31 00:10:50,1193
0,31-MAY-18,-1,170,34293233,-764749600,-1,999,-1,5445127408,2018-05-31 00:10:50,775
0,31-MAY-18,514051,11,34367350,-764699133,790,2841,300,5445127410,2018-05-31 00:10:50,789
0,31-MAY-18,511281,569,33657267,-765265267,555,2121,2178,5445127411,2018-05-31 00:10:50,844
0,31-MAY-18,511441,-1,33721400,-765557967,12,3124,9948,5445127412,2018-05-31 00:10:50,876
0,31-MAY-18,511265,1827,33585217,-765166900,842,3141,587,5445127416,2018-05-31 00:10:51,1009
0,31-MAY-18,-1,-1,34974117,-765021850,-1,-1,-1,5445127423,2018-05-31 00:10:51,1082
0,31-MAY-18,-1,187,34291917,-764748533,-1,999,-1,5445127425,2018-05-31 00:10:51,1107
0,31-MAY-18,-1,-1,33603583,-765122383,-1,-1,-1,5445127429,2018-05-31 00:10:51,1120
0,31-MAY-18,-1,236,33587900,-765114667,-1,999,-1,5445127428,2018-05-31 00:10:51,1135
0,31-MAY-18,-1,367,34959517,-765043400,-1,999,-1,5445127424,2018-05-31 00:10:51,1172
0,31-MAY-18,-1,164,34955000,-765055317,-1,999,-1,5445127426,2018-05-31 00:10:51,1179
0,31-MAY-18,-1,388,33590350,-765120517,-1,999,-1,5445127422,2018-05-31 00:10:51,125
0,31-MAY-18,-1,-1,34975100,-765022650,-1,-1,-1,5445127418,2018-05-31 00:10:51,177
0,31-MAY-18,-1,2014,34051833,-764755117,-1,999,-1,5445127421,2018-05-31 00:10:51,227
0,31-MAY-18,-1,-1,34043850,-764761167,-1,-1,-1,5445127413,2018-05-31 00:10:51,238
0,31-MAY-18,-1,21,34051683,-764755050,-1,999,-1,5445127419,2018-05-31 00:10:51,700
0,31-MAY-18,-1,19165,34298050,-764747083,-1,999,-1,5445127417,2018-05-31 00:10:51,749
0,31-MAY-18,-1,2247,34301267,-764747467,-1,999,-1,5445127420,2018-05-31 00:10:51,788
0,31-MAY-18,514051,11,34367350,-764699133,790,2841,300,5445127415,2018-05-31 00:10:51,789
0,31-MAY-18,-1,631,33588567,-765111217,-1,999,-1,5445127414,2018-05-31 00:10:51,828
0,31-MAY-18,-1,-1,34034233,-764762117,-1,999,-1,5445127427,2018-05-31 00:10:51,940
0,31-MAY-18,-1,5,33586150,-765109683,-1,-1,-1,5445127432,2018-05-31 00:10:52,116
0,31-MAY-18,-1,-1,34953767,-765052383,-1,999,-1,5445127434,2018-05-31 00:10:52,180
0,31-MAY-18,500108,2376,34964583,-765064450,337,552,9999,5445127431,2018-05-31 00:10:52,181
0,31-MAY-18,-1,-1,33616433,-765097233,-1,-1,-1,5445127433,2018-05-31 00:10:52,19
0,31-MAY-18,-1,3352,34963167,-765036917,-1,999,-1,5445127435,2018-05-31 00:10:52,307
0,31-MAY-18,-1,594,34299500,-764746317,-1,999,-1,5445127430,2018-05-31 00:10:52,797
0,31-MAY-18,500101,12510,34294033,-764750583,-1,999,-1,5445127439,2018-05-31 00:10:53,1005
0,31-MAY-18,-1,144,34295567,-764751250,-1,999,-1,5445127443,2018-05-31 00:10:53,1103
0,31-MAY-18,511274,5520,33473033,-765241017,373,2211,9861,5445127438,2018-05-31 00:10:53,1139
0,31-MAY-18,511352,-1,33719650,-765388667,160,3122,9943,5445127437,2018-05-31 00:10:53,124
0,31-MAY-18,-1,3492,33594500,-765114833,-1,999,-1,5445127441,2018-05-31 00:10:53,128
0,31-MAY-18,-1,-1,34302067,-764746783,-1,-1,-1,5445127445,2018-05-31 00:10:53,772
0,31-MAY-18,-1,-1,34970617,-765035600,-1,-1,-1,5445127442,2018-05-31 00:10:53,805
0,31-MAY-18,-1,4198,33589167,-765114567,-1,999,-1,5445127436,2018-05-31 00:10:53,856
0,31-MAY-18,-1,-1,34035983,-764766950,-1,999,-1,5445127444,2018-05-31 00:10:53,910
0,31-MAY-18,-1,148,34045283,-764761217,-1,999,-1,5445127440,2018-05-31 00:10:53,926
0,31-MAY-18,-1,-1,34973750,-765007933,-1,-1,-1,5445127446,2018-05-31 00:10:54,1173
0,31-MAY-18,513053,33,34920017,-764920433,393,333,317,5445127451,2018-05-31 00:10:54,1210
0,31-MAY-18,-1,-1,33599967,-765117550,-1,-1,-1,5445127452,2018-05-31 00:10:54,68
0,31-MAY-18,-1,1182,34300667,-764747367,-1,999,-1,5445127449,2018-05-31 00:10:54,785
0,31-MAY-18,514041,23,34152367,-764676633,618,2841,302,5445127448,2018-05-31 00:10:54,968
0,31-MAY-18,514041,23,34152367,-764676633,618,2841,302,5445127450,2018-05-31 00:10:54,968
0,31-MAY-18,514173,-1,34166683,-764741300,622,3441,501,5445127447,2018-05-31 00:10:54,970
0,31-MAY-18,-1,-1,-1,-1,-1,-1,-1,5445127462,2018-05-31 00:10:55,1024
0,31-MAY-18,-1,-1,34958317,-765044717,-1,-1,-1,5445127461,2018-05-31 00:10:55,1180
0,31-MAY-18,-1,858,34974467,-765009467,-1,999,-1,5445127466,2018-05-31 00:10:55,1185
0,31-MAY-18,-1,-1,34959417,-765053817,-1,999,-1,5445127465,2018-05-31 00:10:55,1212
0,31-MAY-18,-1,-1,33587683,-765112417,-1,-1,-1,5445127459,2018-05-31 00:10:55,122
0,31-MAY-18,513244,97,34892867,-764858083,896,3351,529,5445127464,2018-05-31 00:10:55,202
0,31-MAY-18,500164,285,34438767,-764819283,904,3411,356,5445127463,2018-05-31 00:10:55,250
0,31-MAY-18,-1,-1,34289467,-764738550,-1,999,-1,5445127456,2018-05-31 00:10:55,34
0,31-MAY-18,-1,1755,34295483,-764752083,-1,999,-1,5445127458,2018-05-31 00:10:55,761
0,31-MAY-18,-1,-1,34300433,-764754733,-1,999,-1,5445127454,2018-05-31 00:10:55,765
0,31-MAY-18,-1,-1,34035233,-764758800,-1,-1,-1,5445127455,2018-05-31 00:10:55,929
0,31-MAY-18,515190,3073,34047200,-764758550,105,353,9904,5445127460,2018-05-31 00:10:55,949
0,31-MAY-18,-1,471,34294167,-764745333,-1,999,-1,5445127453,2018-05-31 00:10:55,953
0,31-MAY-18,-1,-1,33596633,-765122017,-1,-1,-1,5445127457,2018-05-31 00:10:55,995
0,31-MAY-18,-1,3745,33587767,-765111267,-1,999,-1,5445127467,2018-05-31 00:10:56,1008
0,31-MAY-18,-1,719,33589400,-765114033,-1,999,-1,5445127479,2018-05-31 00:10:56,1033
0,31-MAY-18,500153,7852,34293700,-764745083,-1,999,-1,5445127478,2018-05-31 00:10:56,1109
0,31-MAY-18,-1,-1,33591900,-765113283,-1,-1,-1,5445127471,2018-05-31 00:10:56,1124
0,31-MAY-18,511324,-1,33804217,-765203567,228,3131,620,5445127481,2018-05-31 00:10:56,1130
0,31-MAY-18,519041,4446,34782350,-765175500,259,305,9992,5445127470,2018-05-31 00:10:56,1189
0,31-MAY-18,-1,1963,33586667,-765113333,-1,999,-1,5445127477,2018-05-31 00:10:56,1220
0,31-MAY-18,514361,-1,34204967,-764672133,96,3442,9865,5445127480,2018-05-31 00:10:56,263
0,31-MAY-18,511274,8163,33588350,-765204467,702,2211,9874,5445127469,2018-05-31 00:10:56,312
0,31-MAY-18,-1,15687,33591217,-765118883,-1,-1,-1,5445127473,2018-05-31 00:10:56,314
0,31-MAY-18,-1,403,33586550,-765110783,-1,999,-1,5445127468,2018-05-31 00:10:56,65
0,31-MAY-18,-1,-1,33593733,-765116617,-1,-1,-1,5445127474,2018-05-31 00:10:56,836
0,31-MAY-18,-1,-1,34297350,-764745750,-1,999,-1,5445127476,2018-05-31 00:10:56,966
0,31-MAY-18,-1,22523,33591183,-765114117,-1,999,-1,5445127475,2018-05-31 00:10:56,991
0,31-MAY-18,-1,202,33594383,-765113667,-1,999,-1,5445127472,2018-05-31 00:10:56,992
0,31-MAY-18,-1,-1,34970200,-765027250,-1,-1,-1,5445127484,2018-05-31 00:10:57,1061
0,31-MAY-18,-1,2325,34957017,-765047183,-1,999,-1,5445127488,2018-05-31 00:10:57,1068
0,31-MAY-18,-1,3699,34958783,-765045567,-1,999,-1,5445127486,2018-05-31 00:10:57,145
0,31-MAY-18,519281,10451,34966250,-765034133,-1,999,-1,5445127482,2018-05-31 00:10:57,188
0,31-MAY-18,-1,1559,34962367,-765038833,-1,999,-1,5445127485,2018-05-31 00:10:57,190
0,31-MAY-18,-1,13681,34959450,-765044667,-1,999,-1,5445127487,2018-05-31 00:10:57,203
0,31-MAY-18,512018,5,34942417,-765220600,545,2121,1882,5445127489,2018-05-31 00:10:57,53
0,31-MAY-18,-1,-1,33605883,-765121933,-1,-1,-1,5445127492,2018-05-31 00:10:57,632
0,31-MAY-18,-1,-1,34968950,-765038867,-1,-1,-1,5445127490,2018-05-31 00:10:57,810
0,31-MAY-18,-1,-1,34968517,-765037617,-1,-1,-1,5445127491,2018-05-31 00:10:57,882
0,31-MAY-18,-1,-1,34969950,-765037100,-1,-1,-1,5445127483,2018-05-31 00:10:57,893
0,31-MAY-18,514468,320,34169800,-764739417,622,3441,501,5445127493,2018-05-31 00:10:57,970
0,31-MAY-18,-1,-1,34972700,-765005450,-1,999,-1,5445127497,2018-05-31 00:10:58,1197
0,31-MAY-18,-1,-1,34278767,-764995483,-1,-1,-1,5445127498,2018-05-31 00:10:58,251
0,31-MAY-18,-1,-1,33603400,-765119100,-1,-1,-1,5445127496,2018-05-31 00:10:58,389
0,31-MAY-18,-1,-1,34298867,-764750267,-1,999,-1,5445127494,2018-05-31 00:10:58,725
0,31-MAY-18,-1,-1,34302517,-764747133,-1,-1,-1,5445127499,2018-05-31 00:10:58,759
0,31-MAY-18,-1,-1,34972733,-765006067,-1,-1,-1,5445127501,2018-05-31 00:10:58,820
0,31-MAY-18,514173,36,34170783,-764738817,622,3441,501,5445127500,2018-05-31 00:10:58,970
0,31-MAY-18,-1,168,34293350,-764749300,-1,999,-1,5445127495,2018-05-31 00:10:58,977
0,31-MAY-18,502302,5,33670133,-765293500,986,3171,261,5445127505,2018-05-31 00:10:59,1006
0,31-MAY-18,-1,-1,33591267,-765113233,-1,-1,-1,5445127508,2018-05-31 00:10:59,1048
0,31-MAY-18,513251,318,34886833,-765033850,511,2121,1884,5445127502,2018-05-31 00:10:59,1078
0,31-MAY-18,-1,-1,34978000,-765020950,-1,-1,-1,5445127514,2018-05-31 00:10:59,1208
0,31-MAY-18,-1,7644,34964283,-765056217,-1,999,-1,5445127507,2018-05-31 00:10:59,1211
0,31-MAY-18,514434,139,34541333,-764899050,1087,3452,362,5445127511,2018-05-31 00:10:59,1263
0,31-MAY-18,512018,31,34941933,-765218783,545,2121,1882,5445127504,2018-05-31 00:10:59,53
0,31-MAY-18,-1,-1,34045650,-764758650,-1,-1,-1,5445127510,2018-05-31 00:10:59,555
0,31-MAY-18,-1,15159,34297133,-764754767,-1,999,-1,5445127512,2018-05-31 00:10:59,774
0,31-MAY-18,-1,-1,34970383,-765036417,-1,-1,-1,5445127506,2018-05-31 00:10:59,813
0,31-MAY-18,-1,-1,34969033,-765038500,-1,-1,-1,5445127513,2018-05-31 00:10:59,815
0,31-MAY-18,502301,-1,33654500,-765260067,555,2121,2178,5445127509,2018-05-31 00:10:59,844
0,31-MAY-18,-1,-1,34043433,-764761367,-1,-1,-1,5445127503,2018-05-31 00:10:59,919
0,31-MAY-18,-1,110,34294317,-764749967,-1,999,-1,5445127517,2018-05-31 00:11:00,1112
0,31-MAY-18,511059,13455,34124900,-765150133,580,3192,9996,5445127515,2018-05-31 00:11:00,281
0,31-MAY-18,-1,-1,34037283,-764754233,-1,-1,-1,5445127520,2018-05-31 00:11:00,289
0,31-MAY-18,512018,31,34941633,-765217933,545,2121,1882,5445127519,2018-05-31 00:11:00,53
0,31-MAY-18,-1,-1,33608233,-765121250,-1,999,-1,5445127518,2018-05-31 00:11:00,71
0,31-MAY-18,514051,28,34369067,-764703167,790,2841,300,5445127521,2018-05-31 00:11:00,789
0,31-MAY-18,514051,28,34369167,-764703417,790,2841,300,5445127523,2018-05-31 00:11:00,789
0,31-MAY-18,-1,18128,34957483,-765047350,-1,999,-1,5445127516,2018-05-31 00:11:00,888
0,31-MAY-18,-1,1336,34041317,-764758817,-1,999,-1,5445127522,2018-05-31 00:11:00,932
0,31-MAY-18,511441,-1,33592833,-765121383,657,3124,9881,5445127529,2018-05-31 00:11:01,103
0,31-MAY-18,-1,-1,33591067,-765112300,-1,-1,-1,5445127525,2018-05-31 00:11:01,1144
0,31-MAY-18,-1,7655,34965267,-765068433,-1,999,-1,5445127530,2018-05-31 00:11:01,653
0,31-MAY-18,-1,-1,34301333,-764747583,-1,-1,-1,5445127528,2018-05-31 00:11:01,802
0,31-MAY-18,-1,-1,34956933,-765049000,-1,999,-1,5445127526,2018-05-31 00:11:01,817
0,31-MAY-18,-1,-1,33597917,-765119633,-1,-1,-1,5445127527,2018-05-31 00:11:01,83
0,31-MAY-18,504016,14101,33876750,-765450283,497,131,9921,5445127524,2018-05-31 00:11:01,837
0,31-MAY-18,-1,-1,33604533,-765122183,-1,-1,-1,5445127536,2018-05-31 00:11:02,1003
0,31-MAY-18,511324,33,33799017,-765203683,228,3131,620,5445127541,2018-05-31 00:11:02,1130
0,31-MAY-18,-1,12313,33587667,-765120983,-1,999,-1,5445127540,2018-05-31 00:11:02,1138
0,31-MAY-18,-1,5462,33587100,-765110883,-1,999,-1,5445127539,2018-05-31 00:11:02,1154
0,31-MAY-18,-1,-1,34961833,-765053317,-1,999,-1,5445127534,2018-05-31 00:11:02,193
0,31-MAY-18,-1,-1,33586450,-765120350,-1,-1,-1,5445127542,2018-05-31 00:11:02,414
0,31-MAY-18,-1,-1,34040733,-764756517,-1,-1,-1,5445127531,2018-05-31 00:11:02,624
0,31-MAY-18,-1,-1,34292317,-764744517,-1,-1,-1,5445127535,2018-05-31 00:11:02,705
0,31-MAY-18,-1,-1,34301117,-764754483,-1,999,-1,5445127538,2018-05-31 00:11:02,739
0,31-MAY-18,-1,-1,33585617,-765111550,-1,999,-1,5445127537,2018-05-31 00:11:02,855
0,31-MAY-18,500104,12460,34297550,-764752867,-1,999,-1,5445127533,2018-05-31 00:11:02,960
0,31-MAY-18,-1,95,34297117,-764753617,-1,999,-1,5445127532,2018-05-31 00:11:02,975
0,31-MAY-18,500165,3754,34288417,-764737767,-1,999,-1,5445127555,2018-05-31 00:11:03,1045
0,31-MAY-18,-1,5576,33583033,-765121883,-1,999,-1,5445127548,2018-05-31 00:11:03,1145
0,31-MAY-18,-1,8517,34707083,-765217150,-1,999,-1,5445127557,2018-05-31 00:11:03,1202
0,31-MAY-18,-1,83,33592017,-765120983,276,3122,9931,5445127560,2018-05-31 00:11:03,121
0,31-MAY-18,-1,7653,34964167,-765055683,-1,999,-1,5445127559,2018-05-31 00:11:03,1211
0,31-MAY-18,500111,-1,34886167,-765036333,799,323,9998,5445127546,2018-05-31 00:11:03,1214
0,31-MAY-18,-1,9245,33730650,-765247850,-1,999,-1,5445127545,2018-05-31 00:11:03,199
0,31-MAY-18,-1,345,34034333,-764763967,188,1472,9759,5445127552,2018-05-31 00:11:03,219
0,31-MAY-18,-1,-1,34034967,-764762000,-1,-1,-1,5445127543,2018-05-31 00:11:03,259
0,31-MAY-18,-1,6,33587850,-765196350,702,2211,9874,5445127544,2018-05-31 00:11:03,312
0,31-MAY-18,-1,-1,33590100,-765113050,-1,-1,-1,5445127556,2018-05-31 00:11:03,67
0,31-MAY-18,-1,155,34290350,-764747617,-1,999,-1,5445127547,2018-05-31 00:11:03,717
0,31-MAY-18,-1,598,34301217,-764745817,-1,999,-1,5445127554,2018-05-31 00:11:03,747
0,31-MAY-18,-1,-1,33591233,-765112183,-1,-1,-1,5445127551,2018-05-31 00:11:03,823
0,31-MAY-18,-1,-1,34035183,-764761683,-1,999,-1,5445127553,2018-05-31 00:11:03,924
0,31-MAY-18,-1,13,34046500,-764759067,874,3411,9990,5445127550,2018-05-31 00:11:03,928
0,31-MAY-18,-1,5814,34035017,-764759033,-1,999,-1,5445127549,2018-05-31 00:11:03,936
0,31-MAY-18,511251,-1,33667500,-765282500,598,3172,192,5445127558,2018-05-31 00:11:03,94
0,31-MAY-18,-1,-1,34979283,-765019083,-1,-1,-1,5445127565,2018-05-31 00:11:04,204
0,31-MAY-18,-1,-1,34035300,-764761417,-1,-1,-1,5445127563,2018-05-31 00:11:04,221
0,31-MAY-18,-1,21,34037533,-764765950,560,347,9998,5445127562,2018-05-31 00:11:04,240
0,31-MAY-18,-1,14,34046933,-764757367,-1,999,-1,5445127561,2018-05-31 00:11:04,269
0,31-MAY-18,-1,-1,33599133,-765121717,-1,-1,-1,5445127567,2018-05-31 00:11:04,402
0,31-MAY-18,502304,14239,34289083,-764747550,-1,999,-1,5445127564,2018-05-31 00:11:04,746
0,31-MAY-18,-1,-1,34969383,-765038267,-1,-1,-1,5445127566,2018-05-31 00:11:04,894
0,31-MAY-18,502302,-1,33670133,-765293483,986,3171,9988,5445127574,2018-05-31 00:11:05,1006
0,31-MAY-18,-1,441,34294983,-764751800,-1,999,-1,5445127575,2018-05-31 00:11:05,1155
0,31-MAY-18,-1,-1,34958683,-765054117,-1,999,-1,5445127571,2018-05-31 00:11:05,1213
0,31-MAY-18,-1,-1,33600883,-765117733,-1,-1,-1,5445127569,2018-05-31 00:11:05,437
0,31-MAY-18,512018,42,34940150,-765213650,545,2121,1882,5445127572,2018-05-31 00:11:05,53
0,31-MAY-18,-1,613,34298017,-764744683,-1,999,-1,5445127573,2018-05-31 00:11:05,743
0,31-MAY-18,-1,-1,33593000,-765118267,-1,999,-1,5445127570,2018-05-31 00:11:05,866
0,31-MAY-18,511441,-1,33720700,-765558100,12,3124,9948,5445127568,2018-05-31 00:11:05,876
0,31-MAY-18,-1,-1,34293950,-764746083,-1,-1,-1,5445127576,2018-05-31 00:11:05,974
0,31-MAY-18,-1,-1,34975167,-765022300,-1,-1,-1,5445127582,2018-05-31 00:11:06,1029
0,31-MAY-18,-1,413,34954383,-765051083,-1,999,-1,5445127577,2018-05-31 00:11:06,1178
0,31-MAY-18,-1,1865,34956050,-765048367,-1,999,-1,5445127581,2018-05-31 00:11:06,1192
0,31-MAY-18,-1,6428,34808750,-765153850,729,302,9982,5445127586,2018-05-31 00:11:06,210
0,31-MAY-18,-1,-1,33600533,-765122017,-1,-1,-1,5445127587,2018-05-31 00:11:06,23
0,31-MAY-18,-1,8908,33591517,-765114617,-1,999,-1,5445127579,2018-05-31 00:11:06,299
0,31-MAY-18,512018,44,34939900,-765212683,545,2121,1882,5445127580,2018-05-31 00:11:06,53
0,31-MAY-18,-1,5862,33591417,-765121300,-1,999,-1,5445127585,2018-05-31 00:11:06,88
0,31-MAY-18,-1,10127,34970700,-765035917,-1,999,-1,5445127583,2018-05-31 00:11:06,889
0,31-MAY-18,511033,5194,33588033,-765200117,641,3133,9855,5445127578,2018-05-31 00:11:06,95
0,31-MAY-18,-1,612,34304083,-764750100,-1,999,-1,5445127584,2018-05-31 00:11:06,983
0,31-MAY-18,514405,277,34046517,-764756817,455,347,9990,5445127593,2018-05-31 00:11:07,226
0,31-MAY-18,-1,221,33579350,-765124200,-1,999,-1,5445127589,2018-05-31 00:11:07,54
0,31-MAY-18,-1,1298,34295350,-764750933,-1,999,-1,5445127591,2018-05-31 00:11:07,771
0,31-MAY-18,-1,638,33591967,-765112117,-1,999,-1,5445127588,2018-05-31 00:11:07,829
0,31-MAY-18,-1,-1,34969633,-765032500,-1,-1,-1,5445127590,2018-05-31 00:11:07,9
0,31-MAY-18,-1,-1,34046267,-764754717,-1,-1,-1,5445127594,2018-05-31 00:11:07,944
0,31-MAY-18,-1,1,33593033,-765121100,-1,999,-1,5445127592,2018-05-31 00:11:07,98
0,31-MAY-18,-1,216,34292467,-764748450,-1,999,-1,5445127597,2018-05-31 00:11:08,1111
0,31-MAY-18,519192,-1,34918633,-765094583,937,306,9982,5445127595,2018-05-31 00:11:08,198
0,31-MAY-18,-1,126,34034717,-764763783,423,1571,9885,5445127603,2018-05-31 00:11:08,216
0,31-MAY-18,-1,-1,34041050,-764756367,-1,-1,-1,5445127599,2018-05-31 00:11:08,239
0,31-MAY-18,-1,86,33593817,-765120833,-1,999,-1,5445127602,2018-05-31 00:11:08,24
0,31-MAY-18,-1,-1,34035333,-764758850,-1,-1,-1,5445127600,2018-05-31 00:11:08,241
0,31-MAY-18,-1,-1,33586900,-765111533,-1,999,-1,5445127598,2018-05-31 00:11:08,26
0,31-MAY-18,-1,323,33589183,-765111667,-1,999,-1,5445127596,2018-05-31 00:11:08,51
0,31-MAY-18,-1,-1,34970200,-765031567,-1,-1,-1,5445127601,2018-05-31 00:11:08,637
0,31-MAY-18,-1,-1,34971017,-765034867,-1,-1,-1,5445127605,2018-05-31 00:11:08,809
0,31-MAY-18,514405,769,34036833,-764765433,-1,999,-1,5445127604,2018-05-31 00:11:08,937
0,31-MAY-18,-1,506,34303383,-764749483,-1,999,-1,5445127609,2018-05-31 00:11:09,1115
0,31-MAY-18,-1,8313,34953483,-765053867,-1,999,-1,5445127610,2018-05-31 00:11:09,1190
0,31-MAY-18,-1,2758,33592817,-765114750,-1,999,-1,5445127611,2018-05-31 00:11:09,42
0,31-MAY-18,-1,-1,34303050,-764749217,-1,999,-1,5445127608,2018-05-31 00:11:09,744
0,31-MAY-18,515054,6990,34302517,-764749183,999,2524,728,5445127607,2018-05-31 00:11:09,792
0,31-MAY-18,-1,-1,33554300,-765235550,-1,999,-1,5445127606,2018-05-31 00:11:09,873
0,31-MAY-18,-1,507,34300750,-764748683,-1,999,-1,5445127616,2018-05-31 00:11:10,1113
0,31-MAY-18,-1,5762,33593850,-765119317,-1,999,-1,5445127612,2018-05-31 00:11:10,1129
0,31-MAY-18,-1,-1,33592467,-765118233,-1,999,-1,5445127621,2018-05-31 00:11:10,1233
0,31-MAY-18,-1,-1,33584333,-765110567,-1,-1,-1,5445127614,2018-05-31 00:11:10,130
0,31-MAY-18,514067,202,34362600,-764800217,53,3442,645,5445127615,2018-05-31 00:11:10,274
0,31-MAY-18,-1,398,33595217,-765118083,-1,999,-1,5445127613,2018-05-31 00:11:10,382
0,31-MAY-18,-1,-1,33590600,-765112283,-1,-1,-1,5445127619,2018-05-31 00:11:10,44
0,31-MAY-18,-1,5,34035367,-764763267,115,150,9948,5445127617,2018-05-31 00:11:10,551
0,31-MAY-18,-1,499,34034667,-764761900,707,142,9964,5445127618,2018-05-31 00:11:10,616
0,31-MAY-18,514276,-1,34184750,-764731000,622,3441,501,5445127620,2018-05-31 00:11:10,970
0,31-MAY-18,514245,4,34531467,-764899550,1087,3452,362,5445127626,2018-05-31 00:11:11,1263
0,31-MAY-18,-1,-1,34970950,-765035300,-1,-1,-1,5445127622,2018-05-31 00:11:11,137
0,31-MAY-18,-1,-1,33995300,-764754383,-1,-1,-1,5445127624,2018-05-31 00:11:11,285
0,31-MAY-18,-1,-1,33541100,-765232700,-1,-1,-1,5445127627,2018-05-31 00:11:11,29
0,31-MAY-18,-1,-1,34301833,-764746583,-1,-1,-1,5445127625,2018-05-31 00:11:11,760
0,31-MAY-18,511204,-1,34339033,-765416917,611,3191,9892,5445127623,2018-05-31 00:11:11,900
0,31-MAY-18,-1,-1,35028667,-765047933,-1,-1,-1,5445127631,2018-05-31 00:11:12,1018
0,31-MAY-18,-1,12528,34300050,-764754283,-1,999,-1,5445127628,2018-05-31 00:11:12,1094
0,31-MAY-18,-1,-1,34300350,-764748383,-1,-1,-1,5445127629,2018-05-31 00:11:12,1095
0,31-MAY-18,517076,11041,34810733,-765152117,614,373,9980,5445127634,2018-05-31 00:11:12,186
0,31-MAY-18,-1,-1,-1,-1,-1,-1,-1,5445127632,2018-05-31 00:11:12,388
0,31-MAY-18,501850,14066,34293067,-764750400,-1,999,-1,5445127633,2018-05-31 00:11:12,45
0,31-MAY-18,513316,-1,34907050,-764917117,215,553,9999,5445127630,2018-05-31 00:11:12,899
0,31-MAY-18,-1,2871,34953100,-765054350,-1,999,-1,5445127641,2018-05-31 00:11:13,1075
0,31-MAY-18,513251,498,34891817,-765049317,511,2121,1884,5445127637,2018-05-31 00:11:13,1078
0,31-MAY-18,-1,3926,34290467,-764749050,-1,999,-1,5445127635,2018-05-31 00:11:13,1093
0,31-MAY-18,-1,-1,34289500,-764746800,-1,999,-1,5445127638,2018-05-31 00:11:13,1108
0,31-MAY-18,-1,-1,33587817,-765120350,-1,999,-1,5445127636,2018-05-31 00:11:13,1161
0,31-MAY-18,515190,-1,34048133,-764757867,606,353,9952,5445127640,2018-05-31 00:11:13,272
0,31-MAY-18,-1,253,33594567,-765115233,-1,999,-1,5445127642,2018-05-31 00:11:13,37
0,31-MAY-18,-1,-1,34303383,-764754300,-1,999,-1,5445127639,2018-05-31 00:11:13,959
0,31-MAY-18,-1,6364,33583283,-765122933,-1,999,-1,5445127647,2018-05-31 00:11:14,1046
0,31-MAY-18,-1,897,34290117,-764748233,-1,999,-1,5445127643,2018-05-31 00:11:14,1110
0,31-MAY-18,-1,-1,33616117,-765138433,-1,-1,-1,5445127648,2018-05-31 00:11:14,126
0,31-MAY-18,-1,-1,34038167,-764753517,-1,-1,-1,5445127645,2018-05-31 00:11:14,288
0,31-MAY-18,-1,-1,34971417,-765029000,-1,-1,-1,5445127649,2018-05-31 00:11:14,303
0,31-MAY-18,-1,-1,34045700,-764761017,-1,999,-1,5445127644,2018-05-31 00:11:14,618
0,31-MAY-18,-1,-1,34038733,-764765067,-1,-1,-1,5445127646,2018-05-31 00:11:14,935
0,31-MAY-18,-1,2524,34960283,-765053650,-1,999,-1,5445127651,2018-05-31 00:11:15,1067
0,31-MAY-18,-1,-1,34975383,-765021867,-1,-1,-1,5445127655,2018-05-31 00:11:15,1072
0,31-MAY-18,-1,-1,33584783,-765113383,-1,-1,-1,5445127656,2018-05-31 00:11:15,1159
0,31-MAY-18,511059,-1,33764950,-765673217,116,3192,9990,5445127658,2018-05-31 00:11:15,119
0,31-MAY-18,-1,6112,34970633,-765026833,-1,999,-1,5445127657,2018-05-31 00:11:15,213
0,31-MAY-18,-1,461,33597667,-765120450,-1,999,-1,5445127652,2018-05-31 00:11:15,27
0,31-MAY-18,-1,-1,33587067,-765115450,-1,-1,-1,5445127650,2018-05-31 00:11:15,81
0,31-MAY-18,-1,-1,33604467,-765119483,-1,-1,-1,5445127653,2018-05-31 00:11:15,832
0,31-MAY-18,514276,35,34188567,-764728850,622,3441,501,5445127654,2018-05-31 00:11:15,970
0,31-MAY-18,-1,-1,34958033,-765047117,-1,-1,-1,5445127670,2018-05-31 00:11:16,1074
0,31-MAY-18,-1,-1,-1,-1,-1,-1,-1,5445127664,2018-05-31 00:11:16,151
0,31-MAY-18,-1,434,34957083,-765047650,-1,999,-1,5445127666,2018-05-31 00:11:16,166
0,31-MAY-18,-1,-1,34963250,-765040083,-1,-1,-1,5445127662,2018-05-31 00:11:16,192
0,31-MAY-18,514405,277,34046500,-764756817,455,347,9990,5445127669,2018-05-31 00:11:16,226
0,31-MAY-18,-1,-1,34970433,-765030867,-1,-1,-1,5445127660,2018-05-31 00:11:16,297
0,31-MAY-18,-1,114,33586850,-765181717,-1,999,-1,5445127663,2018-05-31 00:11:16,312
0,31-MAY-18,-1,181,33588033,-765114283,-1,999,-1,5445127668,2018-05-31 00:11:16,32
0,31-MAY-18,501703,12675,-1,-1,-1,-1,-1,5445127659,2018-05-31 00:11:16,706
0,31-MAY-18,-1,-1,34293600,-764740450,-1,-1,-1,5445127665,2018-05-31 00:11:16,740
0,31-MAY-18,-1,616,34300183,-764747017,-1,999,-1,5445127661,2018-05-31 00:11:16,745
0,31-MAY-18,-1,7757,33590167,-765111717,-1,999,-1,5445127667,2018-05-31 00:11:16,863
0,31-MAY-18,-1,113,33590400,-765114500,-1,999,-1,5445127673,2018-05-31 00:11:17,1049
0,31-MAY-18,-1,-1,34958717,-765044350,-1,-1,-1,5445127675,2018-05-31 00:11:17,1079
0,31-MAY-18,514068,2,34360383,-764799333,53,3442,645,5445127676,2018-05-31 00:11:17,274
0,31-MAY-18,-1,113,34294867,-764751517,-1,999,-1,5445127672,2018-05-31 00:11:17,767
0,31-MAY-18,-1,6125,33590050,-765120933,-1,999,-1,5445127677,2018-05-31 00:11:17,850
0,31-MAY-18,-1,-1,34033400,-764765133,-1,-1,-1,5445127674,2018-05-31 00:11:17,946
0,31-MAY-18,-1,-1,34300000,-764748317,-1,-1,-1,5445127671,2018-05-31 00:11:17,984
0,31-MAY-18,514245,-1,34528433,-764899767,1087,3452,9998,5445127681,2018-05-31 00:11:18,1263
0,31-MAY-18,-1,-1,34974133,-765024467,-1,-1,-1,5445127678,2018-05-31 00:11:18,163
0,31-MAY-18,-1,1765,34033817,-764759667,-1,999,-1,5445127679,2018-05-31 00:11:18,258
0,31-MAY-18,-1,-1,34303767,-764748267,-1,-1,-1,5445127680,2018-05-31 00:11:18,757
0,31-MAY-18,503012,1748,34191583,-764877483,861,2842,433,5445127685,2018-05-31 00:11:19,1096
0,31-MAY-18,513106,5415,34960917,-765080450,436,3372,9994,5445127686,2018-05-31 00:11:19,1193
0,31-MAY-18,-1,-1,34959833,-765044283,-1,999,-1,5445127683,2018-05-31 00:11:19,1203
0,31-MAY-18,-1,-1,34304550,-764750383,-1,999,-1,5445127682,2018-05-31 00:11:19,709
0,31-MAY-18,-1,19165,34298317,-764746950,-1,999,-1,5445127687,2018-05-31 00:11:19,749
0,31-MAY-18,-1,170,34293217,-764749583,-1,999,-1,5445127684,2018-05-31 00:11:19,775
0,31-MAY-18,511265,2111,33583517,-765140400,842,3141,587,5445127690,2018-05-31 00:11:20,1009
0,31-MAY-18,-1,388,33590367,-765120517,-1,999,-1,5445127688,2018-05-31 00:11:20,125
0,31-MAY-18,-1,-1,33602600,-765120117,-1,-1,-1,5445127691,2018-05-31 00:11:20,18
0,31-MAY-18,-1,65,34048133,-764756600,-1,999,-1,5445127692,2018-05-31 00:11:20,700
0,31-MAY-18,-1,2247,34301283,-764747450,-1,999,-1,5445127693,2018-05-31 00:11:20,788
0,31-MAY-18,-1,631,33588567,-765111217,-1,999,-1,5445127689,2018-05-31 00:11:20,828
0,31-MAY-18,-1,-1,34969800,-765037383,-1,-1,-1,5445127702,2018-05-31 00:11:21,1026
0,31-MAY-18,-1,187,34291917,-764748550,-1,999,-1,5445127701,2018-05-31 00:11:21,1107
0,31-MAY-18,-1,236,33587900,-765114650,-1,999,-1,5445127698,2018-05-31 00:11:21,1135
0,31-MAY-18,-1,5,33586150,-765109683,-1,-1,-1,5445127697,2018-05-31 00:11:21,116
0,31-MAY-18,-1,369,34959517,-765043367,-1,999,-1,5445127696,2018-05-31 00:11:21,1172
0,31-MAY-18,-1,285,34955350,-765049050,-1,999,-1,5445127695,2018-05-31 00:11:21,1179
0,31-MAY-18,-1,-1,33587167,-765110400,-1,-1,-1,5445127703,2018-05-31 00:11:21,122
0,31-MAY-18,-1,-1,34953767,-765052400,-1,999,-1,5445127700,2018-05-31 00:11:21,180
0,31-MAY-18,-1,2014,34051833,-764755083,-1,999,-1,5445127694,2018-05-31 00:11:21,227
0,31-MAY-18,-1,594,34299500,-764746283,-1,999,-1,5445127704,2018-05-31 00:11:21,797
0,31-MAY-18,-1,-1,34034233,-764762117,-1,999,-1,5445127699,2018-05-31 00:11:21,940
0,31-MAY-18,511274,5663,33457267,-765242117,373,2211,9861,5445127712,2018-05-31 00:11:22,1139
0,31-MAY-18,511352,-1,33708900,-765373717,160,3122,9943,5445127713,2018-05-31 00:11:22,124
0,31-MAY-18,-1,-1,34975083,-765022650,-1,-1,-1,5445127714,2018-05-31 00:11:22,177
0,31-MAY-18,500108,2460,34964300,-765056217,337,552,9999,5445127709,2018-05-31 00:11:22,181
0,31-MAY-18,-1,-1,34043850,-764761200,-1,-1,-1,5445127708,2018-05-31 00:11:22,238
0,31-MAY-18,-1,3352,34963167,-765036917,-1,999,-1,5445127706,2018-05-31 00:11:22,307
0,31-MAY-18,512018,235,34934967,-765196400,545,2121,1882,5445127707,2018-05-31 00:11:22,53
0,31-MAY-18,-1,-1,34303733,-764754483,-1,999,-1,5445127711,2018-05-31 00:11:22,764
0,31-MAY-18,514052,3,34374133,-764713667,790,2841,300,5445127710,2018-05-31 00:11:22,789
0,31-MAY-18,-1,148,34045267,-764761183,-1,999,-1,5445127705,2018-05-31 00:11:22,926
0,31-MAY-18,500101,12510,34294017,-764750550,-1,999,-1,5445127718,2018-05-31 00:11:23,1005
0,31-MAY-18,-1,-1,34975383,-765021467,-1,-1,-1,5445127715,2018-05-31 00:11:23,1082
0,31-MAY-18,-1,168,34293717,-764749817,-1,999,-1,5445127719,2018-05-31 00:11:23,1103
0,31-MAY-18,-1,-1,33603583,-765122400,-1,-1,-1,5445127716,2018-05-31 00:11:23,1120
0,31-MAY-18,513053,202,34935850,-764912783,393,333,317,5445127725,2018-05-31 00:11:23,1210
0,31-MAY-18,-1,3492,33594517,-765114850,-1,999,-1,5445127717,2018-05-31 00:11:23,128
0,31-MAY-18,513262,3,34934667,-765195383,545,2121,1882,5445127721,2018-05-31 00:11:23,53
0,31-MAY-18,-1,1182,34300633,-764747333,-1,999,-1,5445127724,2018-05-31 00:11:23,785
0,31-MAY-18,-1,4198,33589167,-765114567,-1,999,-1,5445127723,2018-05-31 00:11:23,856
0,31-MAY-18,-1,-1,34035983,-764766950,-1,999,-1,5445127720,2018-05-31 00:11:23,910
0,31-MAY-18,514041,138,34163067,-764670550,618,2841,302,5445127722,2018-05-31 00:11:23,968
0,31-MAY-18,-1,-1,34958617,-765054133,-1,999,-1,5445127731,2018-05-31 00:11:24,1212
0,31-MAY-18,500164,285,34438617,-764819050,904,3411,356,5445127730,2018-05-31 00:11:24,250
0,31-MAY-18,-1,1755,34295500,-764752083,-1,999,-1,5445127728,2018-05-31 00:11:24,761
0,31-MAY-18,-1,-1,34300450,-764754717,-1,999,-1,5445127726,2018-05-31 00:11:24,765
0,31-MAY-18,-1,471,34294150,-764745317,-1,999,-1,5445127727,2018-05-31 00:11:24,953
0,31-MAY-18,-1,-1,34297333,-764745783,-1,999,-1,5445127729,2018-05-31 00:11:24,966
0,31-MAY-18,-1,202,33594383,-765113700,-1,999,-1,5445127732,2018-05-31 00:11:24,992
0,31-MAY-18,-1,3745,33587800,-765111250,-1,999,-1,5445127736,2018-05-31 00:11:25,1008
0,31-MAY-18,-1,719,33589400,-765114033,-1,999,-1,5445127748,2018-05-31 00:11:25,1033
0,31-MAY-18,500153,7852,34293683,-764745067,-1,999,-1,5445127747,2018-05-31 00:11:25,1109
0,31-MAY-18,-1,-1,34973767,-765007933,-1,-1,-1,5445127738,2018-05-31 00:11:25,1173
0,31-MAY-18,-1,858,34974467,-765009467,-1,999,-1,5445127739,2018-05-31 00:11:25,1185
0,31-MAY-18,-1,1963,33586667,-765113333,-1,999,-1,5445127749,2018-05-31 00:11:25,1220
0,31-MAY-18,-1,28,34962750,-765053617,-1,999,-1,5445127745,2018-05-31 00:11:25,200
0,31-MAY-18,513244,239,34906850,-764855917,896,3351,529,5445127741,2018-05-31 00:11:25,202
0,31-MAY-18,514361,-1,34174283,-764688667,96,3442,9865,5445127746,2018-05-31 00:11:25,263
0,31-MAY-18,-1,15687,33591250,-765118900,-1,-1,-1,5445127744,2018-05-31 00:11:25,314
0,31-MAY-18,513262,32,34934017,-765193333,545,2121,1882,5445127733,2018-05-31 00:11:25,53
0,31-MAY-18,-1,403,33586533,-765110783,-1,999,-1,5445127734,2018-05-31 00:11:25,65
0,31-MAY-18,-1,-1,33599983,-765117583,-1,-1,-1,5445127742,2018-05-31 00:11:25,68
0,31-MAY-18,-1,-1,34302083,-764746783,-1,-1,-1,5445127737,2018-05-31 00:11:25,772
0,31-MAY-18,-1,-1,34970617,-765035600,-1,-1,-1,5445127735,2018-05-31 00:11:25,805
0,31-MAY-18,515190,3073,34047300,-764758783,105,353,9904,5445127743,2018-05-31 00:11:25,949
0,31-MAY-18,-1,22523,33591167,-765114100,-1,999,-1,5445127740,2018-05-31 00:11:25,991
0,31-MAY-18,-1,2341,34956550,-765047767,-1,999,-1,5445127753,2018-05-31 00:11:26,1068
0,31-MAY-18,-1,3700,34958917,-765045217,-1,999,-1,5445127754,2018-05-31 00:11:26,145
0,31-MAY-18,-1,1602,34964767,-765035933,-1,999,-1,5445127751,2018-05-31 00:11:26,190
0,31-MAY-18,-1,13683,34959333,-765044850,-1,999,-1,5445127756,2018-05-31 00:11:26,203
0,31-MAY-18,513262,32,34933917,-765192183,545,2121,1882,5445127750,2018-05-31 00:11:26,53
0,31-MAY-18,-1,-1,34298950,-764750350,-1,999,-1,5445127755,2018-05-31 00:11:26,725
0,31-MAY-18,-1,-1,34035217,-764758817,-1,-1,-1,5445127752,2018-05-31 00:11:26,929
0,31-MAY-18,-1,-1,33591900,-765113283,-1,-1,-1,5445127761,2018-05-31 00:11:27,1124
0,31-MAY-18,-1,-1,34962467,-765038283,-1,-1,-1,5445127762,2018-05-31 00:11:27,1180
0,31-MAY-18,514245,32,34526217,-764900433,1087,3452,9998,5445127765,2018-05-31 00:11:27,1263
0,31-MAY-18,519281,10587,34971217,-765024433,-1,999,-1,5445127757,2018-05-31 00:11:27,188
0,31-MAY-18,-1,-1,33616100,-765097033,-1,-1,-1,5445127758,2018-05-31 00:11:27,19
0,31-MAY-18,514068,32,34355683,-764797700,53,3442,645,5445127760,2018-05-31 00:11:27,274
0,31-MAY-18,-1,-1,33593717,-765116600,-1,-1,-1,5445127764,2018-05-31 00:11:27,836
0,31-MAY-18,514174,-1,34199717,-764722550,622,3441,501,5445127763,2018-05-31 00:11:27,970
0,31-MAY-18,-1,168,34293333,-764749300,-1,999,-1,5445127759,2018-05-31 00:11:27,977
0,31-MAY-18,-1,-1,-1,-1,-1,-1,-1,5445127772,2018-05-31 00:11:28,1024
0,31-MAY-18,511059,13644,34135400,-765139333,580,3192,9996,5445127767,2018-05-31 00:11:28,281
0,31-MAY-18,-1,-1,33605883,-765121933,-1,-1,-1,5445127771,2018-05-31 00:11:28,632
0,31-MAY-18,-1,15159,34297100,-764754933,-1,999,-1,5445127773,2018-05-31 00:11:28,774
0,31-MAY-18,-1,-1,34968950,-765038883,-1,-1,-1,5445127768,2018-05-31 00:11:28,810
0,31-MAY-18,-1,-1,34968533,-765037600,-1,-1,-1,5445127770,2018-05-31 00:11:28,882
0,31-MAY-18,-1,-1,34969950,-765037100,-1,-1,-1,5445127769,2018-05-31 00:11:28,893
0,31-MAY-18,-1,-1,33601933,-765122367,-1,-1,-1,5445127766,2018-05-31 00:11:28,995
0,31-MAY-18,-1,-1,34968800,-765034133,-1,-1,-1,5445127775,2018-05-31 00:11:29,1061
0,31-MAY-18,-1,110,34294300,-764749983,-1,999,-1,5445127778,2018-05-31 00:11:29,1112
0,31-MAY-18,-1,7663,34964133,-765055383,-1,999,-1,5445127783,2018-05-31 00:11:29,1211
0,31-MAY-18,-1,-1,34280767,-764998933,-1,-1,-1,5445127781,2018-05-31 00:11:29,251
0,31-MAY-18,513262,11,34933183,-765189000,545,2121,1882,5445127776,2018-05-31 00:11:29,53
0,31-MAY-18,-1,-1,33608233,-765121250,-1,999,-1,5445127774,2018-05-31 00:11:29,71
0,31-MAY-18,-1,-1,34302517,-764747150,-1,-1,-1,5445127780,2018-05-31 00:11:29,759
0,31-MAY-18,514051,262,34374683,-764715267,790,2841,300,5445127779,2018-05-31 00:11:29,789
0,31-MAY-18,-1,-1,34972783,-765006083,-1,-1,-1,5445127784,2018-05-31 00:11:29,820
0,31-MAY-18,-1,18128,34957500,-765047350,-1,999,-1,5445127777,2018-05-31 00:11:29,888
0,31-MAY-18,-1,1336,34041317,-764758817,-1,999,-1,5445127782,2018-05-31 00:11:29,932
0,31-MAY-18,511441,-1,33592817,-765121417,657,3124,9881,5445127793,2018-05-31 00:11:30,103
0,31-MAY-18,-1,-1,33591267,-765113233,-1,-1,-1,5445127795,2018-05-31 00:11:30,1048
0,31-MAY-18,-1,-1,34978000,-765020967,-1,-1,-1,5445127792,2018-05-31 00:11:30,1208
0,31-MAY-18,513245,4,34909683,-764857483,896,3351,529,5445127797,2018-05-31 00:11:30,202
0,31-MAY-18,500168,-1,34285683,-764664733,1167,3441,9949,5445127789,2018-05-31 00:11:30,260
0,31-MAY-18,513262,11,34932833,-765187983,545,2121,1882,5445127786,2018-05-31 00:11:30,53
0,31-MAY-18,-1,-1,34045683,-764758817,-1,-1,-1,5445127796,2018-05-31 00:11:30,555
0,31-MAY-18,-1,-1,34970367,-765036383,-1,-1,-1,5445127790,2018-05-31 00:11:30,813
0,31-MAY-18,-1,-1,34969033,-765038517,-1,-1,-1,5445127791,2018-05-31 00:11:30,815
0,31-MAY-18,-1,-1,34956933,-765049000,-1,999,-1,5445127794,2018-05-31 00:11:30,817
0,31-MAY-18,504016,14326,33854767,-765446333,497,131,9921,5445127785,2018-05-31 00:11:30,837
0,31-MAY-18,502301,257,33633967,-765244950,555,2121,2178,5445127798,2018-05-31 00:11:30,844
0,31-MAY-18,-1,-1,34043750,-764761833,-1,-1,-1,5445127788,2018-05-31 00:11:30,919
0,31-MAY-18,500104,12460,34297550,-764752850,-1,999,-1,5445127787,2018-05-31 00:11:30,960
0,31-MAY-18,502302,-1,33670133,-765293450,986,3171,9988,5445127801,2018-05-31 00:11:31,1006
0,31-MAY-18,511324,79,33794100,-765204617,228,3131,620,5445127807,2018-05-31 00:11:31,1130
0,31-MAY-18,-1,12313,33587700,-765121017,-1,999,-1,5445127804,2018-05-31 00:11:31,1138
0,31-MAY-18,-1,5462,33587100,-765110883,-1,999,-1,5445127805,2018-05-31 00:11:31,1154
0,31-MAY-18,500111,-1,34891650,-765053417,799,323,9998,5445127800,2018-05-31 00:11:31,1214
0,31-MAY-18,-1,-1,34037317,-764754283,-1,-1,-1,5445127806,2018-05-31 00:11:31,289
0,31-MAY-18,-1,-1,33585617,-765111550,-1,999,-1,5445127803,2018-05-31 00:11:31,855
0,31-MAY-18,-1,-1,34035183,-764761683,-1,999,-1,5445127802,2018-05-31 00:11:31,924
0,31-MAY-18,-1,95,34297000,-764753550,-1,999,-1,5445127799,2018-05-31 00:11:31,975
0,31-MAY-18,513253,5,34896317,-765067383,511,2121,1884,5445127812,2018-05-31 00:11:32,1078
0,31-MAY-18,-1,-1,33591083,-765112300,-1,-1,-1,5445127813,2018-05-31 00:11:32,1144
0,31-MAY-18,-1,5662,33584367,-765114800,-1,999,-1,5445127811,2018-05-31 00:11:32,1145
0,31-MAY-18,-1,8592,34710483,-765212550,-1,999,-1,5445127819,2018-05-31 00:11:32,1202
0,31-MAY-18,-1,-1,35005817,-764975533,-1,-1,-1,5445127814,2018-05-31 00:11:32,182
0,31-MAY-18,-1,9681,33769267,-765247833,-1,999,-1,5445127808,2018-05-31 00:11:32,199
0,31-MAY-18,-1,-1,33586433,-765120333,-1,-1,-1,5445127823,2018-05-31 00:11:32,414
0,31-MAY-18,-1,155,34290350,-764747633,-1,999,-1,5445127809,2018-05-31 00:11:32,717
0,31-MAY-18,-1,-1,34301133,-764754500,-1,999,-1,5445127817,2018-05-31 00:11:32,739
0,31-MAY-18,-1,598,34301217,-764745833,-1,999,-1,5445127822,2018-05-31 00:11:32,747
0,31-MAY-18,514052,31,34374967,-764715833,790,2841,300,5445127820,2018-05-31 00:11:32,789
0,31-MAY-18,-1,-1,34301350,-764747533,-1,-1,-1,5445127815,2018-05-31 00:11:32,802
0,31-MAY-18,-1,-1,33597900,-765119633,-1,-1,-1,5445127821,2018-05-31 00:11:32,83
0,31-MAY-18,-1,5814,34035000,-764759033,-1,999,-1,5445127810,2018-05-31 00:11:32,936
0,31-MAY-18,511251,-1,33667517,-765282517,598,3172,192,5445127816,2018-05-31 00:11:32,94
0,31-MAY-18,514174,31,34204167,-764720100,622,3441,501,5445127818,2018-05-31 00:11:32,970
0,31-MAY-18,-1,-1,33604533,-765122200,-1,-1,-1,5445127827,2018-05-31 00:11:33,1003
0,31-MAY-18,-1,-1,34953000,-765055817,-1,999,-1,5445127825,2018-05-31 00:11:33,1213
0,31-MAY-18,-1,-1,34961017,-765053517,-1,999,-1,5445127828,2018-05-31 00:11:33,193
0,31-MAY-18,-1,-1,34040750,-764756550,-1,-1,-1,5445127824,2018-05-31 00:11:33,624
0,31-MAY-18,502304,14239,34289100,-764747550,-1,999,-1,5445127826,2018-05-31 00:11:33,746
0,31-MAY-18,-1,441,34295000,-764751833,-1,999,-1,5445127836,2018-05-31 00:11:34,1155
0,31-MAY-18,-1,83,33591900,-765120833,276,3122,9931,5445127839,2018-05-31 00:11:34,121
0,31-MAY-18,-1,-1,34034983,-764762000,-1,-1,-1,5445127829,2018-05-31 00:11:34,259
0,31-MAY-18,-1,-1,33590100,-765113067,-1,-1,-1,5445127837,2018-05-31 00:11:34,67
0,31-MAY-18,-1,-1,34292283,-764744517,-1,-1,-1,5445127835,2018-05-31 00:11:34,705
0,31-MAY-18,-1,613,34298050,-764744700,-1,999,-1,5445127834,2018-05-31 00:11:34,743
0,31-MAY-18,-1,-1,33591250,-765112183,-1,-1,-1,5445127830,2018-05-31 00:11:34,823
0,31-MAY-18,-1,-1,33593000,-765118283,-1,999,-1,5445127832,2018-05-31 00:11:34,866
0,31-MAY-18,511441,-1,33718100,-765562733,12,3124,9948,5445127831,2018-05-31 00:11:34,876
0,31-MAY-18,-1,13,34046450,-764758650,874,3411,9990,5445127833,2018-05-31 00:11:34,928
0,31-MAY-18,-1,612,34304083,-764750117,-1,999,-1,5445127838,2018-05-31 00:11:34,983
0,31-MAY-18,-1,413,34954400,-765051067,-1,999,-1,5445127846,2018-05-31 00:11:35,1178
0,31-MAY-18,519041,4447,34782100,-765175567,259,305,9992,5445127841,2018-05-31 00:11:35,1189
0,31-MAY-18,-1,1865,34956183,-765048567,-1,999,-1,5445127848,2018-05-31 00:11:35,1192
0,31-MAY-18,-1,6871,34842583,-765132717,729,302,9982,5445127849,2018-05-31 00:11:35,210
0,31-MAY-18,-1,350,34034333,-764764000,188,1472,9759,5445127844,2018-05-31 00:11:35,219
0,31-MAY-18,-1,-1,34035400,-764761533,-1,-1,-1,5445127840,2018-05-31 00:11:35,221
0,31-MAY-18,-1,21,34037533,-764765933,560,347,9998,5445127843,2018-05-31 00:11:35,240
0,31-MAY-18,-1,8908,33591517,-765114617,-1,999,-1,5445127845,2018-05-31 00:11:35,299
0,31-MAY-18,-1,-1,33599150,-765121683,-1,-1,-1,5445127850,2018-05-31 00:11:35,402
0,31-MAY-18,-1,323,33589150,-765111633,-1,999,-1,5445127842,2018-05-31 00:11:35,51
0,31-MAY-18,-1,7712,34964950,-765063667,-1,999,-1,5445127854,2018-05-31 00:11:35,653
0,31-MAY-18,-1,5862,33591433,-765121300,-1,999,-1,5445127852,2018-05-31 00:11:35,88
0,31-MAY-18,-1,10127,34970683,-765035917,-1,999,-1,5445127851,2018-05-31 00:11:35,889
0,31-MAY-18,-1,-1,34969383,-765038233,-1,-1,-1,5445127847,2018-05-31 00:11:35,894
0,31-MAY-18,-1,1,33592950,-765121017,-1,999,-1,5445127853,2018-05-31 00:11:35,98
0,31-MAY-18,500165,3754,34288450,-764737750,-1,999,-1,5445127864,2018-05-31 00:11:36,1045
0,31-MAY-18,513253,34,34896950,-765069867,511,2121,1884,5445127856,2018-05-31 00:11:36,1078
0,31-MAY-18,513253,34,34897167,-765070750,511,2121,1884,5445127859,2018-05-31 00:11:36,1078
0,31-MAY-18,-1,-1,34979283,-765019083,-1,-1,-1,5445127860,2018-05-31 00:11:36,204
0,31-MAY-18,514405,277,34046500,-764756817,455,347,9990,5445127866,2018-05-31 00:11:36,226
0,31-MAY-18,-1,14,34046933,-764757383,-1,999,-1,5445127855,2018-05-31 00:11:36,269
0,31-MAY-18,-1,221,33579350,-765124250,-1,999,-1,5445127861,2018-05-31 00:11:36,54
0,31-MAY-18,-1,1299,34295367,-764750967,-1,999,-1,5445127865,2018-05-31 00:11:36,771
0,31-MAY-18,514052,55,34375867,-764717767,790,2841,300,5445127862,2018-05-31 00:11:36,789
0,31-MAY-18,-1,638,33591983,-765112117,-1,999,-1,5445127857,2018-05-31 00:11:36,829
0,31-MAY-18,511033,5488,33586217,-765171767,641,3133,9855,5445127858,2018-05-31 00:11:36,95
0,31-MAY-18,-1,-1,34294200,-764746767,-1,-1,-1,5445127863,2018-05-31 00:11:36,974
0,31-MAY-18,-1,216,34292467,-764748467,-1,999,-1,5445127867,2018-05-31 00:11:37,1111
0,31-MAY-18,-1,506,34303383,-764749500,-1,999,-1,5445127875,2018-05-31 00:11:37,1115
0,31-MAY-18,-1,8313,34953517,-765053867,-1,999,-1,5445127873,2018-05-31 00:11:37,1190
0,31-MAY-18,519192,-1,34959250,-765080900,937,306,9982,5445127870,2018-05-31 00:11:37,198
0,31-MAY-18,-1,-1,33600533,-765122033,-1,-1,-1,5445127872,2018-05-31 00:11:37,23
0,31-MAY-18,-1,-1,33586883,-765111533,-1,999,-1,5445127869,2018-05-31 00:11:37,26
0,31-MAY-18,-1,-1,33603383,-765119050,-1,-1,-1,5445127871,2018-05-31 00:11:37,389
0,31-MAY-18,-1,-1,33600883,-765117733,-1,-1,-1,5445127868,2018-05-31 00:11:37,437
0,31-MAY-18,514405,769,34036833,-764765467,-1,999,-1,5445127874,2018-05-31 00:11:37,937
0,31-MAY-18,514174,35,34207017,-764718283,622,3441,501,5445127876,2018-05-31 00:11:37,970
0,31-MAY-18,-1,86,33593800,-765120850,-1,999,-1,5445127883,2018-05-31 00:11:38,24
0,31-MAY-18,-1,398,33595233,-765118067,-1,999,-1,5445127877,2018-05-31 00:11:38,382
0,31-MAY-18,-1,2758,33592833,-765114750,-1,999,-1,5445127882,2018-05-31 00:11:38,42
0,31-MAY-18,-1,-1,34303183,-764749233,-1,999,-1,5445127878,2018-05-31 00:11:38,744
0,31-MAY-18,515054,6990,34303017,-764748383,999,2524,728,5445127880,2018-05-31 00:11:38,792
0,31-MAY-18,-1,-1,33510733,-765234783,-1,999,-1,5445127881,2018-05-31 00:11:38,873
0,31-MAY-18,-1,-1,34046267,-764754750,-1,-1,-1,5445127884,2018-05-31 00:11:38,944
0,31-MAY-18,514042,1,34166850,-764668167,618,2841,302,5445127879,2018-05-31 00:11:38,968
0,31-MAY-18,-1,-1,34975150,-765022300,-1,-1,-1,5445127889,2018-05-31 00:11:39,1029
0,31-MAY-18,513253,10,34897833,-765073417,511,2121,1884,5445127886,2018-05-31 00:11:39,1078
0,31-MAY-18,-1,507,34300750,-764748683,-1,999,-1,5445127891,2018-05-31 00:11:39,1113
0,31-MAY-18,-1,5762,33593833,-765119300,-1,999,-1,5445127885,2018-05-31 00:11:39,1129
0,31-MAY-18,-1,-1,33592450,-765118217,-1,999,-1,5445127892,2018-05-31 00:11:39,1233
0,31-MAY-18,-1,-1,34041017,-764756333,-1,-1,-1,5445127887,2018-05-31 00:11:39,239
0,31-MAY-18,-1,-1,34970200,-765031567,-1,-1,-1,5445127890,2018-05-31 00:11:39,637
0,31-MAY-18,-1,-1,34971033,-765034867,-1,-1,-1,5445127893,2018-05-31 00:11:39,809
0,31-MAY-18,513316,-1,34907050,-764917133,215,553,9999,5445127888,2018-05-31 00:11:39,899
0,31-MAY-18,502302,-1,33583733,-765129600,842,3141,587,5445127897,2018-05-31 00:11:40,1009
0,31-MAY-18,-1,126,34034717,-764763783,423,1571,9885,5445127895,2018-05-31 00:11:40,216
0,31-MAY-18,514052,55,34377200,-764720383,790,2841,300,5445127896,2018-05-31 00:11:40,789
0,31-MAY-18,511204,-1,34344700,-765411933,611,3191,9892,5445127894,2018-05-31 00:11:40,900
0,31-MAY-18,-1,12528,34300067,-764754283,-1,999,-1,5445127899,2018-05-31 00:11:41,1094
0,31-MAY-18,513053,323,34943300,-764908850,393,333,317,5445127903,2018-05-31 00:11:41,1210
0,31-MAY-18,-1,-1,33584333,-765110600,-1,-1,-1,5445127898,2018-05-31 00:11:41,130
0,31-MAY-18,517076,11440,34840833,-765133783,614,373,9980,5445127902,2018-05-31 00:11:41,186
0,31-MAY-18,513245,-1,34912417,-764859417,896,3351,9996,5445127907,2018-05-31 00:11:41,202
0,31-MAY-18,513245,33,34914783,-764861517,896,3351,9996,5445127908,2018-05-31 00:11:41,202
0,31-MAY-18,-1,-1,34035333,-764758833,-1,-1,-1,5445127900,2018-05-31 00:11:41,241
0,31-MAY-18,501850,14066,34293067,-764750400,-1,999,-1,5445127905,2018-05-31 00:11:41,45
0,31-MAY-18,-1,5,34035367,-764763267,115,150,9948,5445127906,2018-05-31 00:11:41,551
0,31-MAY-18,-1,499,34034767,-764761883,707,142,9964,5445127904,2018-05-31 00:11:41,616
0,31-MAY-18,-1,-1,34969700,-765032500,-1,-1,-1,5445127901,2018-05-31 00:11:41,9
0,31-MAY-18,-1,2871,34953100,-765054350,-1,999,-1,5445127917,2018-05-31 00:11:42,1075
0,31-MAY-18,-1,3926,34290433,-764749050,-1,999,-1,5445127912,2018-05-31 00:11:42,1093
0,31-MAY-18,-1,-1,34289483,-764746800,-1,999,-1,5445127914,2018-05-31 00:11:42,1108
0,31-MAY-18,-1,-1,33587867,-765120217,-1,999,-1,5445127913,2018-05-31 00:11:42,1161
0,31-MAY-18,513054,2,34943883,-764908583,393,333,317,5445127919,2018-05-31 00:11:42,1210
0,31-MAY-18,-1,-1,34970950,-765035283,-1,-1,-1,5445127909,2018-05-31 00:11:42,137
0,31-MAY-18,515190,-1,34048100,-764757817,606,353,9952,5445127911,2018-05-31 00:11:42,272
0,31-MAY-18,-1,-1,34029667,-764756167,-1,-1,-1,5445127910,2018-05-31 00:11:42,285
0,31-MAY-18,-1,-1,33585400,-765237933,-1,-1,-1,5445127920,2018-05-31 00:11:42,29
0,31-MAY-18,-1,253,33594550,-765115233,-1,999,-1,5445127918,2018-05-31 00:11:42,37
0,31-MAY-18,514052,36,34377517,-764721067,790,2841,300,5445127916,2018-05-31 00:11:42,789
0,31-MAY-18,-1,-1,34303433,-764754233,-1,999,-1,5445127915,2018-05-31 00:11:42,959
0,31-MAY-18,-1,-1,35005450,-765040317,-1,-1,-1,5445127925,2018-05-31 00:11:43,1018
0,31-MAY-18,-1,6364,33583300,-765123433,-1,999,-1,5445127922,2018-05-31 00:11:43,1046
0,31-MAY-18,-1,-1,34300350,-764748383,-1,-1,-1,5445127924,2018-05-31 00:11:43,1095
0,31-MAY-18,-1,897,34290117,-764748217,-1,999,-1,5445127921,2018-05-31 00:11:43,1110
0,31-MAY-18,-1,6239,34965050,-765037783,-1,999,-1,5445127926,2018-05-31 00:11:43,213
0,31-MAY-18,-1,-1,34045733,-764760967,-1,999,-1,5445127923,2018-05-31 00:11:43,618
0,31-MAY-18,-1,-1,34301833,-764746550,-1,-1,-1,5445127927,2018-05-31 00:11:43,760
0,31-MAY-18,-1,2533,34959533,-765053883,-1,999,-1,5445127928,2018-05-31 00:11:44,1067
0,31-MAY-18,511059,-1,33763067,-765651217,116,3192,9990,5445127932,2018-05-31 00:11:44,119
0,31-MAY-18,-1,461,33597650,-765120400,-1,999,-1,5445127929,2018-05-31 00:11:44,27
0,31-MAY-18,-1,-1,33590600,-765112283,-1,-1,-1,5445127931,2018-05-31 00:11:44,44
0,31-MAY-18,-1,616,34300167,-764747000,-1,999,-1,5445127930,2018-05-31 00:11:44,745
0,31-MAY-18,502302,-1,33583450,-765126650,842,3141,9964,5445127940,2018-05-31 00:11:45,1009
0,31-MAY-18,-1,-1,33614700,-765116950,-1,-1,-1,5445127941,2018-05-31 00:11:45,126
0,31-MAY-18,-1,434,34957117,-765047600,-1,999,-1,5445127937,2018-05-31 00:11:45,166
0,31-MAY-18,-1,-1,34038200,-764753533,-1,-1,-1,5445127934,2018-05-31 00:11:45,288
0,31-MAY-18,-1,-1,-1,-1,-1,-1,-1,5445127936,2018-05-31 00:11:45,388
0,31-MAY-18,501703,12675,-1,-1,-1,-1,-1,5445127935,2018-05-31 00:11:45,706
0,31-MAY-18,514052,36,34378850,-764724100,790,2841,300,5445127938,2018-05-31 00:11:45,789
0,31-MAY-18,-1,7757,33590167,-765111700,-1,999,-1,5445127939,2018-05-31 00:11:45,863
0,31-MAY-18,-1,-1,34038633,-764765083,-1,-1,-1,5445127933,2018-05-31 00:11:45,935
0,31-MAY-18,-1,113,33590350,-765114483,-1,999,-1,5445127943,2018-05-31 00:11:46,1049
0,31-MAY-18,-1,-1,33584817,-765113333,-1,-1,-1,5445127948,2018-05-31 00:11:46,1159
0,31-MAY-18,514068,116,34345933,-764794283,53,3442,645,5445127947,2018-05-31 00:11:46,274
0,31-MAY-18,-1,-1,34971317,-765028867,-1,-1,-1,5445127942,2018-05-31 00:11:46,303
0,31-MAY-18,-1,113,34294900,-764751400,-1,999,-1,5445127946,2018-05-31 00:11:46,767
0,31-MAY-18,-1,-1,33587067,-765115467,-1,-1,-1,5445127944,2018-05-31 00:11:46,81
0,31-MAY-18,-1,-1,33604450,-765119450,-1,-1,-1,5445127945,2018-05-31 00:11:46,832
0,31-MAY-18,-1,6125,33590050,-765120917,-1,999,-1,5445127949,2018-05-31 00:11:46,850
0,31-MAY-18,-1,-1,34961267,-765041000,-1,-1,-1,5445127956,2018-05-31 00:11:47,1074
0,31-MAY-18,513054,34,34947750,-764906433,393,333,317,5445127955,2018-05-31 00:11:47,1210
0,31-MAY-18,-1,-1,-1,-1,-1,-1,-1,5445127954,2018-05-31 00:11:47,151
0,31-MAY-18,-1,-1,34963250,-765040083,-1,-1,-1,5445127952,2018-05-31 00:11:47,192
0,31-MAY-18,-1,-1,34970450,-765030850,-1,-1,-1,5445127950,2018-05-31 00:11:47,297
0,31-MAY-18,-1,-1,34304550,-764750383,-1,999,-1,5445127951,2018-05-31 00:11:47,709
0,31-MAY-18,-1,-1,34293600,-764740450,-1,-1,-1,5445127953,2018-05-31 00:11:47,740
0,31-MAY-18,-1,-1,34975367,-765021833,-1,-1,-1,5445127961,2018-05-31 00:11:48,1072
0,31-MAY-18,-1,-1,34959133,-765043150,-1,-1,-1,5445127958,2018-05-31 00:11:48,1079
0,31-MAY-18,513106,5541,34965383,-765071050,436,3372,9994,5445127959,2018-05-31 00:11:48,1193
0,31-MAY-18,-1,-1,34959850,-765044217,-1,999,-1,5445127957,2018-05-31 00:11:48,1203
0,31-MAY-18,-1,1765,34033833,-764759667,-1,999,-1,5445127962,2018-05-31 00:11:48,258
0,31-MAY-18,-1,181,33588033,-765114183,-1,999,-1,5445127964,2018-05-31 00:11:48,32
0,31-MAY-18,-1,19165,34298483,-764746900,-1,999,-1,5445127963,2018-05-31 00:11:48,749
0,31-MAY-18,-1,170,34293117,-764749567,-1,999,-1,5445127960,2018-05-31 00:11:48,775
0,31-MAY-18,-1,2247,34301300,-764747417,-1,999,-1,5445127966,2018-05-31 00:11:48,788
0,31-MAY-18,-1,631,33588550,-765111217,-1,999,-1,5445127965,2018-05-31 00:11:48,828
0,31-MAY-18,-1,388,33590383,-765120517,-1,999,-1,5445127967,2018-05-31 00:11:49,125
0,31-MAY-18,-1,-1,34916333,-764866250,896,3351,9996,5445127969,2018-05-31 00:11:49,202
0,31-MAY-18,-1,65,34048150,-764756667,-1,999,-1,5445127971,2018-05-31 00:11:49,700
0,31-MAY-18,-1,-1,34303767,-764748350,-1,-1,-1,5445127970,2018-05-31 00:11:49,757
0,31-MAY-18,-1,-1,34033400,-764765150,-1,-1,-1,5445127968,2018-05-31 00:11:49,946
0,31-MAY-18,503012,1902,34183450,-764866933,861,2842,433,5445127979,2018-05-31 00:11:50,1096
0,31-MAY-18,-1,187,34291900,-764748583,-1,999,-1,5445127973,2018-05-31 00:11:50,1107
0,31-MAY-18,-1,236,33587917,-765114650,-1,999,-1,5445127976,2018-05-31 00:11:50,1135
0,31-MAY-18,511274,5887,33450367,-765241317,373,2211,9861,5445127982,2018-05-31 00:11:50,1139
0,31-MAY-18,-1,427,34962517,-765038833,-1,999,-1,5445127975,2018-05-31 00:11:50,1172
0,31-MAY-18,-1,335,34958700,-765044933,-1,999,-1,5445127977,2018-05-31 00:11:50,1179
0,31-MAY-18,511352,-1,33708933,-765373700,160,3122,9943,5445127980,2018-05-31 00:11:50,124
0,31-MAY-18,-1,-1,34953767,-765052400,-1,999,-1,5445127978,2018-05-31 00:11:50,180
0,31-MAY-18,-1,2014,34051833,-764755067,-1,999,-1,5445127972,2018-05-31 00:11:50,227
0,31-MAY-18,-1,594,34299500,-764746250,-1,999,-1,5445127981,2018-05-31 00:11:50,797
0,31-MAY-18,-1,-1,34034250,-764762133,-1,999,-1,5445127974,2018-05-31 00:11:50,940
0,31-MAY-18,-1,5,33586150,-765109683,-1,-1,-1,5445127983,2018-05-31 00:11:51,116
0,31-MAY-18,-1,-1,33602250,-765120733,-1,-1,-1,5445127986,2018-05-31 00:11:51,18
0,31-MAY-18,-1,3352,34963167,-765036933,-1,999,-1,5445127985,2018-05-31 00:11:51,307
0,31-MAY-18,514041,259,34170667,-764666017,618,2841,302,5445127987,2018-05-31 00:11:51,968
0,31-MAY-18,-1,-1,34299950,-764748300,-1,-1,-1,5445127984,2018-05-31 00:11:51,984
0,31-MAY-18,500101,12510,34294017,-764750533,-1,999,-1,5445127990,2018-05-31 00:11:52,1005
0,31-MAY-18,-1,-1,34969783,-765037400,-1,-1,-1,5445127992,2018-05-31 00:11:52,1026
0,31-MAY-18,-1,170,34293767,-764749850,-1,999,-1,5445127991,2018-05-31 00:11:52,1103
0,31-MAY-18,-1,-1,33587100,-765110167,-1,-1,-1,5445127994,2018-05-31 00:11:52,122
0,31-MAY-18,-1,-1,34964067,-765055333,337,552,9999,5445127999,2018-05-31 00:11:52,181
0,31-MAY-18,500108,2470,34964067,-765055333,337,552,9999,5445127996,2018-05-31 00:11:52,181
0,31-MAY-18,-1,1755,34295517,-764752050,-1,999,-1,5445127993,2018-05-31 00:11:52,761
0,31-MAY-18,-1,-1,34303733,-764754517,-1,999,-1,5445127995,2018-05-31 00:11:52,764
0,31-MAY-18,-1,1182,34300667,-764747267,-1,999,-1,5445127997,2018-05-31 00:11:52,785
0,31-MAY-18,-1,4198,33589183,-765114533,-1,999,-1,5445127998,2018-05-31 00:11:52,856
0,31-MAY-18,-1,-1,34033867,-764766667,-1,999,-1,5445127989,2018-05-31 00:11:52,910
0,31-MAY-18,-1,148,34045233,-764761167,-1,999,-1,5445127988,2018-05-31 00:11:52,926
0,31-MAY-18,-1,3492,33594533,-765114850,-1,999,-1,5445128000,2018-05-31 00:11:53,128
0,31-MAY-18,-1,-1,34043867,-764761200,-1,-1,-1,5445128003,2018-05-31 00:11:53,238
0,31-MAY-18,500164,285,34438617,-764819033,904,3411,356,5445128008,2018-05-31 00:11:53,250
0,31-MAY-18,514361,-1,34140917,-764708067,96,3442,9865,5445128009,2018-05-31 00:11:53,263
0,31-MAY-18,-1,-1,34300433,-764754733,-1,999,-1,5445128002,2018-05-31 00:11:53,765
0,31-MAY-18,515190,3073,34047200,-764759333,105,353,9904,5445128006,2018-05-31 00:11:53,949
0,31-MAY-18,-1,471,34294200,-764745233,-1,999,-1,5445128001,2018-05-31 00:11:53,953
0,31-MAY-18,-1,-1,34297317,-764745800,-1,999,-1,5445128007,2018-05-31 00:11:53,966
0,31-MAY-18,-1,22523,33591150,-765114083,-1,999,-1,5445128004,2018-05-31 00:11:53,991
0,31-MAY-18,-1,202,33594367,-765113717,-1,999,-1,5445128005,2018-05-31 00:11:53,992
0,31-MAY-18,-1,3745,33587817,-765111250,-1,999,-1,5445128011,2018-05-31 00:11:54,1008
0,31-MAY-18,-1,-1,33583100,-765117450,842,3141,9964,5445128017,2018-05-31 00:11:54,1009
0,31-MAY-18,-1,719,33589400,-765114033,-1,999,-1,5445128020,2018-05-31 00:11:54,1033
0,31-MAY-18,-1,-1,34975450,-765021417,-1,-1,-1,5445128013,2018-05-31 00:11:54,1082
0,31-MAY-18,500153,7852,34293667,-764745050,-1,999,-1,5445128019,2018-05-31 00:11:54,1109
0,31-MAY-18,-1,-1,33603583,-765122433,-1,-1,-1,5445128012,2018-05-31 00:11:54,1120
0,31-MAY-18,-1,858,34974467,-765009467,-1,999,-1,5445128015,2018-05-31 00:11:54,1185
0,31-MAY-18,-1,-1,34958383,-765054083,-1,999,-1,5445128016,2018-05-31 00:11:54,1212
0,31-MAY-18,-1,1963,33586667,-765113333,-1,999,-1,5445128018,2018-05-31 00:11:54,1220
0,31-MAY-18,-1,15687,33591117,-765119550,-1,-1,-1,5445128014,2018-05-31 00:11:54,314
0,31-MAY-18,-1,403,33586500,-765110767,-1,999,-1,5445128010,2018-05-31 00:11:54,65
0,31-MAY-18,-1,2341,34956667,-765047667,-1,999,-1,5445128024,2018-05-31 00:11:55,1068
0,31-MAY-18,514245,273,34527317,-764923967,1087,3452,9998,5445128026,2018-05-31 00:11:55,1263
0,31-MAY-18,-1,3700,34958950,-765045183,-1,999,-1,5445128023,2018-05-31 00:11:55,145
0,31-MAY-18,-1,1605,34965050,-765035383,-1,999,-1,5445128021,2018-05-31 00:11:55,190
0,31-MAY-18,-1,13683,34959367,-765044867,-1,999,-1,5445128025,2018-05-31 00:11:55,203
0,31-MAY-18,-1,-1,34298883,-764750400,-1,999,-1,5445128022,2018-05-31 00:11:55,725
0,31-MAY-18,514042,32,34171883,-764665300,618,2841,302,5445128027,2018-05-31 00:11:55,968
0,31-MAY-18,-1,-1,33599883,-765117433,-1,-1,-1,5445128031,2018-05-31 00:11:56,68
0,31-MAY-18,-1,-1,34302083,-764746767,-1,-1,-1,5445128030,2018-05-31 00:11:56,772
0,31-MAY-18,-1,-1,34970633,-765035567,-1,-1,-1,5445128028,2018-05-31 00:11:56,805
0,31-MAY-18,-1,168,34293317,-764749300,-1,999,-1,5445128029,2018-05-31 00:11:56,977
0,31-MAY-18,-1,-1,34962467,-765038333,-1,-1,-1,5445128035,2018-05-31 00:11:57,1180
0,31-MAY-18,519281,10766,34978200,-765020183,-1,999,-1,5445128033,2018-05-31 00:11:57,188
0,31-MAY-18,511059,14169,34168283,-765105767,580,3192,9996,5445128034,2018-05-31 00:11:57,281
0,31-MAY-18,-1,15161,34296817,-764754333,-1,999,-1,5445128036,2018-05-31 00:11:57,774
0,31-MAY-18,-1,-1,34035217,-764758817,-1,-1,-1,5445128032,2018-05-31 00:11:57,929
0,31-MAY-18,-1,110,34294300,-764750000,-1,999,-1,5445128039,2018-05-31 00:11:58,1112
0,31-MAY-18,-1,-1,33591900,-765113283,-1,-1,-1,5445128040,2018-05-31 00:11:58,1124
0,31-MAY-18,-1,-1,34975100,-765022667,-1,-1,-1,5445128037,2018-05-31 00:11:58,177
0,31-MAY-18,-1,18128,34957483,-765047383,-1,999,-1,5445128038,2018-05-31 00:11:58,888
0,31-MAY-18,-1,1336,34041317,-764758817,-1,999,-1,5445128041,2018-05-31 00:11:58,932
0,31-MAY-18,511441,-1,33592800,-765121417,657,3124,9881,5445128047,2018-05-31 00:11:59,103
0,31-MAY-18,-1,12371,33585417,-765117433,-1,999,-1,5445128050,2018-05-31 00:11:59,1138
0,31-MAY-18,-1,-1,33605867,-765121917,-1,-1,-1,5445128046,2018-05-31 00:11:59,632
0,31-MAY-18,-1,-1,34973900,-765023600,-1,-1,-1,5445128042,2018-05-31 00:11:59,642
0,31-MAY-18,-1,-1,34956917,-765049017,-1,999,-1,5445128048,2018-05-31 00:11:59,817
0,31-MAY-18,-1,-1,33593700,-765116583,-1,-1,-1,5445128049,2018-05-31 00:11:59,836
0,31-MAY-18,-1,-1,34968533,-765037600,-1,-1,-1,5445128045,2018-05-31 00:11:59,882
0,31-MAY-18,500104,12460,34297533,-764752850,-1,999,-1,5445128043,2018-05-31 00:11:59,960
0,31-MAY-18,-1,95,34297000,-764753533,-1,999,-1,5445128044,2018-05-31 00:11:59,975
0,31-MAY-18,502302,-1,33670133,-765293450,986,3171,9988,5445128055,2018-05-31 00:12:00,1006
0,31-MAY-18,-1,-1,34968800,-765034167,-1,-1,-1,5445128051,2018-05-31 00:12:00,1061
0,31-MAY-18,-1,5462,33587117,-765110867,-1,999,-1,5445128062,2018-05-31 00:12:00,1154
0,31-MAY-18,-1,7718,34962617,-765053400,-1,999,-1,5445128064,2018-05-31 00:12:00,1211
0,31-MAY-18,500111,-1,34896850,-765069850,799,323,9998,5445128059,2018-05-31 00:12:00,1214
0,31-MAY-18,-1,-1,34279783,-764997167,-1,-1,-1,5445128063,2018-05-31 00:12:00,251
0,31-MAY-18,513260,10,34926700,-765171883,545,2121,1882,5445128053,2018-05-31 00:12:00,53
0,31-MAY-18,513262,290,34925050,-765166133,545,2121,1882,5445128057,2018-05-31 00:12:00,53
0,31-MAY-18,-1,155,34290333,-764747633,-1,999,-1,5445128054,2018-05-31 00:12:00,717
0,31-MAY-18,-1,-1,34302517,-764747167,-1,-1,-1,5445128065,2018-05-31 00:12:00,759
0,31-MAY-18,-1,-1,34968950,-765038883,-1,-1,-1,5445128056,2018-05-31 00:12:00,810
0,31-MAY-18,504016,14703,33822833,-765440750,497,131,9921,5445128058,2018-05-31 00:12:00,837
0,31-MAY-18,-1,-1,33585600,-765111533,-1,999,-1,5445128061,2018-05-31 00:12:00,855
0,31-MAY-18,-1,-1,34969933,-765037083,-1,-1,-1,5445128052,2018-05-31 00:12:00,893
0,31-MAY-18,-1,-1,34035167,-764761683,-1,999,-1,5445128060,2018-05-31 00:12:00,924
0,31-MAY-18,-1,-1,33591267,-765113233,-1,-1,-1,5445128078,2018-05-31 00:12:01,1048
0,31-MAY-18,511324,79,33794283,-765205100,228,3131,620,5445128066,2018-05-31 00:12:01,1130
0,31-MAY-18,-1,-1,34973800,-765007917,-1,-1,-1,5445128071,2018-05-31 00:12:01,1173
0,31-MAY-18,-1,-1,34977983,-765020967,-1,-1,-1,5445128076,2018-05-31 00:12:01,1208
0,31-MAY-18,-1,10135,33810900,-765247017,-1,999,-1,5445128069,2018-05-31 00:12:01,199
0,31-MAY-18,-1,-1,34045683,-764758800,-1,-1,-1,5445128077,2018-05-31 00:12:01,555
0,31-MAY-18,-1,-1,34300883,-764754583,-1,999,-1,5445128075,2018-05-31 00:12:01,739
0,31-MAY-18,-1,598,34301200,-764745850,-1,999,-1,5445128080,2018-05-31 00:12:01,747
0,31-MAY-18,-1,-1,34970333,-765036417,-1,-1,-1,5445128072,2018-05-31 00:12:01,813
0,31-MAY-18,-1,-1,34969050,-765038517,-1,-1,-1,5445128073,2018-05-31 00:12:01,815
0,31-MAY-18,502301,569,33605517,-765240667,555,2121,2178,5445128074,2018-05-31 00:12:01,844
0,31-MAY-18,-1,-1,34043650,-764761733,-1,-1,-1,5445128070,2018-05-31 00:12:01,919
0,31-MAY-18,-1,5814,34034983,-764759033,-1,999,-1,5445128067,2018-05-31 00:12:01,936
0,31-MAY-18,511251,-1,33667533,-765282517,598,3172,192,5445128079,2018-05-31 00:12:01,94
0,31-MAY-18,-1,-1,33602450,-765122383,-1,-1,-1,5445128068,2018-05-31 00:12:01,995
0,31-MAY-18,-1,10,33583067,-765116483,-1,999,-1,5445128088,2018-05-31 00:12:02,1009
0,31-MAY-18,-1,5662,33584550,-765114500,-1,999,-1,5445128081,2018-05-31 00:12:02,1145
0,31-MAY-18,-1,8922,34737233,-765198067,-1,999,-1,5445128086,2018-05-31 00:12:02,1202
0,31-MAY-18,-1,-1,34957467,-765046667,-1,999,-1,5445128083,2018-05-31 00:12:02,1213
0,31-MAY-18,-1,-1,34964067,-765055333,-1,999,-1,5445128089,2018-05-31 00:12:02,181
0,31-MAY-18,-1,-1,34983300,-765012233,-1,-1,-1,5445128084,2018-05-31 00:12:02,182
0,31-MAY-18,-1,-1,34037283,-764754250,-1,-1,-1,5445128087,2018-05-31 00:12:02,289
0,31-MAY-18,502304,14239,34289100,-764747567,-1,999,-1,5445128082,2018-05-31 00:12:02,746
0,31-MAY-18,514053,3,34381583,-764732883,790,2841,300,5445128085,2018-05-31 00:12:02,789
0,31-MAY-18,-1,-1,33591067,-765112300,-1,-1,-1,5445128092,2018-05-31 00:12:03,1144
0,31-MAY-18,-1,613,34298067,-764744700,-1,999,-1,5445128091,2018-05-31 00:12:03,743
0,31-MAY-18,511441,-1,33712233,-765566617,12,3124,9948,5445128090,2018-05-31 00:12:03,876
0,31-MAY-18,-1,441,34295000,-764751833,-1,999,-1,5445128096,2018-05-31 00:12:04,1155
0,31-MAY-18,-1,413,34954400,-765051000,-1,999,-1,5445128101,2018-05-31 00:12:04,1178
0,31-MAY-18,-1,1865,34956250,-765048550,-1,999,-1,5445128105,2018-05-31 00:12:04,1192
0,31-MAY-18,-1,-1,34960183,-765053717,-1,999,-1,5445128106,2018-05-31 00:12:04,193
0,31-MAY-18,-1,7405,34883683,-765107950,729,302,9982,5445128098,2018-05-31 00:12:04,210
0,31-MAY-18,-1,8908,33591517,-765114617,-1,999,-1,5445128104,2018-05-31 00:12:04,299
0,31-MAY-18,-1,637,33583517,-765138500,-1,999,-1,5445128103,2018-05-31 00:12:04,312
0,31-MAY-18,-1,323,33589133,-765111633,-1,999,-1,5445128100,2018-05-31 00:12:04,51
0,31-MAY-18,-1,-1,34040750,-764756550,-1,-1,-1,5445128099,2018-05-31 00:12:04,624
0,31-MAY-18,-1,-1,34301350,-764747500,-1,-1,-1,5445128097,2018-05-31 00:12:04,802
0,31-MAY-18,-1,-1,33597900,-765119650,-1,-1,-1,5445128095,2018-05-31 00:12:04,83
0,31-MAY-18,-1,-1,33593000,-765118283,-1,999,-1,5445128102,2018-05-31 00:12:04,866
0,31-MAY-18,-1,10127,34970667,-765035917,-1,999,-1,5445128094,2018-05-31 00:12:04,889
0,31-MAY-18,-1,-1,34978833,-765018900,-1,-1,-1,5445128107,2018-05-31 00:12:04,901
0,31-MAY-18,-1,1,33592950,-765121017,-1,999,-1,5445128093,2018-05-31 00:12:04,98
0,31-MAY-18,-1,-1,-1,-1,-1,-1,-1,5445128111,2018-05-31 00:12:05,1024
0,31-MAY-18,-1,39,34961750,-765053433,-1,999,-1,5445128108,2018-05-31 00:12:05,200
0,31-MAY-18,-1,-1,34034983,-764762000,-1,-1,-1,5445128115,2018-05-31 00:12:05,259
0,31-MAY-18,-1,-1,33586417,-765120317,-1,-1,-1,5445128112,2018-05-31 00:12:05,414
0,31-MAY-18,513260,35,34923417,-765160750,545,2121,1882,5445128114,2018-05-31 00:12:05,53
0,31-MAY-18,-1,-1,33591267,-765112200,-1,-1,-1,5445128116,2018-05-31 00:12:05,823
0,31-MAY-18,-1,638,33592000,-765112117,-1,999,-1,5445128113,2018-05-31 00:12:05,829
0,31-MAY-18,-1,5862,33591450,-765121300,-1,999,-1,5445128109,2018-05-31 00:12:05,88
0,31-MAY-18,511033,5804,33583617,-765139567,641,3133,9855,5445128117,2018-05-31 00:12:05,95
0,31-MAY-18,-1,612,34304100,-764750150,-1,999,-1,5445128110,2018-05-31 00:12:05,983
0,31-MAY-18,-1,-1,33604550,-765122217,-1,-1,-1,5445128127,2018-05-31 00:12:06,1003
0,31-MAY-18,-1,216,34292450,-764748483,-1,999,-1,5445128125,2018-05-31 00:12:06,1111
0,31-MAY-18,519192,-1,34965050,-765069317,937,306,9982,5445128124,2018-05-31 00:12:06,198
0,31-MAY-18,-1,-1,34979267,-765019100,-1,-1,-1,5445128129,2018-05-31 00:12:06,204
0,31-MAY-18,-1,350,34034333,-764764000,188,1472,9759,5445128126,2018-05-31 00:12:06,219
0,31-MAY-18,-1,-1,34035417,-764761533,-1,-1,-1,5445128123,2018-05-31 00:12:06,221
0,31-MAY-18,514405,277,34046483,-764756817,455,347,9990,5445128120,2018-05-31 00:12:06,226
0,31-MAY-18,-1,221,33579350,-765124217,-1,999,-1,5445128130,2018-05-31 00:12:06,54
0,31-MAY-18,-1,-1,33590117,-765113067,-1,-1,-1,5445128119,2018-05-31 00:12:06,67
0,31-MAY-18,-1,1299,34295367,-764750983,-1,999,-1,5445128118,2018-05-31 00:12:06,771
0,31-MAY-18,-1,-1,34972817,-765006083,-1,-1,-1,5445128121,2018-05-31 00:12:06,820
0,31-MAY-18,-1,-1,34969383,-765038217,-1,-1,-1,5445128128,2018-05-31 00:12:06,894
0,31-MAY-18,-1,39,34045033,-764760250,874,3411,9990,5445128122,2018-05-31 00:12:06,928
0,31-MAY-18,513253,282,34906267,-765096900,511,2121,1884,5445128147,2018-05-31 00:12:07,1078
0,31-MAY-18,-1,506,34303367,-764749533,-1,999,-1,5445128138,2018-05-31 00:12:07,1115
0,31-MAY-18,-1,8313,34953550,-765053867,-1,999,-1,5445128139,2018-05-31 00:12:07,1190
0,31-MAY-18,-1,-1,33591833,-765120817,276,3122,9931,5445128143,2018-05-31 00:12:07,121
0,31-MAY-18,-1,-1,33587383,-765113267,314,3133,9886,5445128137,2018-05-31 00:12:07,123
0,31-MAY-18,-1,-1,33587383,-765113283,314,3133,9886,5445128140,2018-05-31 00:12:07,123
0,31-MAY-18,-1,-1,33587383,-765113283,314,3133,9886,5445128141,2018-05-31 00:12:07,123
0,31-MAY-18,-1,-1,33587383,-765113283,314,3133,9886,5445128142,2018-05-31 00:12:07,123
0,31-MAY-18,-1,86,33593783,-765120867,-1,999,-1,5445128136,2018-05-31 00:12:07,24
0,31-MAY-18,-1,21,34037533,-764765917,560,347,9998,5445128144,2018-05-31 00:12:07,240
0,31-MAY-18,-1,398,33595233,-765118067,-1,999,-1,5445128146,2018-05-31 00:12:07,382
0,31-MAY-18,-1,-1,33599167,-765121700,-1,-1,-1,5445128132,2018-05-31 00:12:07,402
0,31-MAY-18,-1,-1,33600900,-765117733,-1,-1,-1,5445128145,2018-05-31 00:12:07,437
0,31-MAY-18,-1,7789,34964700,-765056333,-1,999,-1,5445128134,2018-05-31 00:12:07,653
0,31-MAY-18,514053,32,34379117,-764734067,790,2841,300,5445128135,2018-05-31 00:12:07,789
0,31-MAY-18,514053,32,34379883,-764733767,790,2841,300,5445128133,2018-05-31 00:12:07,789
0,31-MAY-18,514405,769,34036833,-764765450,-1,999,-1,5445128131,2018-05-31 00:12:07,937
0,31-MAY-18,-1,5762,33593833,-765119267,-1,999,-1,5445128156,2018-05-31 00:12:08,1129
0,31-MAY-18,-1,-1,33587383,-765113283,314,3133,9886,5445128149,2018-05-31 00:12:08,123
0,31-MAY-18,-1,2758,33592850,-765114733,-1,999,-1,5445128154,2018-05-31 00:12:08,42
0,31-MAY-18,-1,-1,34303117,-764749267,-1,999,-1,5445128151,2018-05-31 00:12:08,744
0,31-MAY-18,515054,6990,34302433,-764749200,999,2524,728,5445128152,2018-05-31 00:12:08,792
0,31-MAY-18,502301,620,33600733,-765240150,555,2121,2178,5445128155,2018-05-31 00:12:08,844
0,31-MAY-18,-1,-1,33467683,-765241950,-1,999,-1,5445128150,2018-05-31 00:12:08,873
0,31-MAY-18,514174,72,34208483,-764717733,622,3441,501,5445128148,2018-05-31 00:12:08,970
0,31-MAY-18,-1,-1,34294150,-764746583,-1,-1,-1,5445128153,2018-05-31 00:12:08,974
0,31-MAY-18,-1,507,34300750,-764748667,-1,999,-1,5445128158,2018-05-31 00:12:09,1113
0,31-MAY-18,-1,-1,33592483,-765118217,-1,999,-1,5445128159,2018-05-31 00:12:09,1233
0,31-MAY-18,-1,-1,33600533,-765122033,-1,-1,-1,5445128157,2018-05-31 00:12:09,23
0,31-MAY-18,513316,-1,34907067,-764917150,215,553,9999,5445128160,2018-05-31 00:12:09,899
0,31-MAY-18,511204,-1,34374733,-765384633,611,3191,9892,5445128161,2018-05-31 00:12:09,900
0,31-MAY-18,-1,12528,34300083,-764754283,-1,999,-1,5445128163,2018-05-31 00:12:10,1094
0,31-MAY-18,-1,-1,34041017,-764756333,-1,-1,-1,5445128164,2018-05-31 00:12:10,239
0,31-MAY-18,-1,-1,34970217,-765031583,-1,-1,-1,5445128165,2018-05-31 00:12:10,637
0,31-MAY-18,-1,-1,34046267,-764754767,-1,-1,-1,5445128162,2018-05-31 00:12:10,944
0,31-MAY-18,-1,-1,34975150,-765022300,-1,-1,-1,5445128175,2018-05-31 00:12:11,1029
0,31-MAY-18,-1,3926,34290433,-764749033,-1,999,-1,5445128172,2018-05-31 00:12:11,1093
0,31-MAY-18,-1,-1,34289233,-764746833,-1,999,-1,5445128173,2018-05-31 00:12:11,1108
0,31-MAY-18,-1,-1,33588000,-765120683,-1,999,-1,5445128174,2018-05-31 00:12:11,1161
0,31-MAY-18,517076,12029,34886333,-765106383,614,373,9980,5445128166,2018-05-31 00:12:11,186
0,31-MAY-18,-1,126,34034700,-764763783,423,1571,9885,5445128168,2018-05-31 00:12:11,216
0,31-MAY-18,-1,-1,33603367,-765119017,-1,-1,-1,5445128176,2018-05-31 00:12:11,389
0,31-MAY-18,501850,14066,34293067,-764750383,-1,999,-1,5445128169,2018-05-31 00:12:11,45
0,31-MAY-18,514053,15,34376583,-764735233,790,2841,300,5445128167,2018-05-31 00:12:11,789
0,31-MAY-18,-1,-1,34971050,-765034867,-1,-1,-1,5445128170,2018-05-31 00:12:11,809
0,31-MAY-18,-1,-1,34303433,-764754150,-1,999,-1,5445128171,2018-05-31 00:12:11,959
0,31-MAY-18,-1,6364,33583300,-765123400,-1,999,-1,5445128180,2018-05-31 00:12:12,1046
0,31-MAY-18,-1,897,34290100,-764748217,-1,999,-1,5445128178,2018-05-31 00:12:12,1110
0,31-MAY-18,-1,253,33594550,-765115217,-1,999,-1,5445128177,2018-05-31 00:12:12,37
0,31-MAY-18,-1,-1,34045750,-764760933,-1,999,-1,5445128179,2018-05-31 00:12:12,618
0,31-MAY-18,-1,2871,34953083,-765054333,-1,999,-1,5445128181,2018-05-31 00:12:13,1075
0,31-MAY-18,-1,-1,33584300,-765110617,-1,-1,-1,5445128186,2018-05-31 00:12:13,130
0,31-MAY-18,-1,-1,34970933,-765035283,-1,-1,-1,5445128187,2018-05-31 00:12:13,137
0,31-MAY-18,-1,6342,34960533,-765045250,-1,999,-1,5445128183,2018-05-31 00:12:13,213
0,31-MAY-18,-1,461,33597667,-765120400,-1,999,-1,5445128190,2018-05-31 00:12:13,27
0,31-MAY-18,-1,-1,34034233,-764756367,-1,-1,-1,5445128189,2018-05-31 00:12:13,285
0,31-MAY-18,-1,5,34035367,-764763267,115,150,9948,5445128184,2018-05-31 00:12:13,551
0,31-MAY-18,-1,499,34034683,-764761900,707,142,9964,5445128182,2018-05-31 00:12:13,616
0,31-MAY-18,501703,12675,-1,-1,-1,-1,-1,5445128191,2018-05-31 00:12:13,706
0,31-MAY-18,-1,616,34300183,-764747000,-1,999,-1,5445128188,2018-05-31 00:12:13,745
0,31-MAY-18,514042,131,34181233,-764660400,618,2841,302,5445128185,2018-05-31 00:12:13,968
0,31-MAY-18,-1,2544,34958467,-765054167,-1,999,-1,5445128194,2018-05-31 00:12:14,1067
0,31-MAY-18,519041,4447,34782483,-765175650,259,305,9992,5445128196,2018-05-31 00:12:14,1189
0,31-MAY-18,511059,-1,33739233,-765641433,116,3192,9990,5445128193,2018-05-31 00:12:14,119
0,31-MAY-18,-1,-1,34035333,-764758817,-1,-1,-1,5445128197,2018-05-31 00:12:14,241
0,31-MAY-18,512004,-1,34920717,-765152100,545,2121,1882,5445128195,2018-05-31 00:12:14,53
0,31-MAY-18,-1,-1,34301850,-764746600,-1,-1,-1,5445128192,2018-05-31 00:12:14,760
0,31-MAY-18,-1,-1,34976200,-765030267,-1,-1,-1,5445128204,2018-05-31 00:12:15,1018
0,31-MAY-18,-1,113,33590317,-765114450,-1,999,-1,5445128200,2018-05-31 00:12:15,1049
0,31-MAY-18,-1,-1,34300350,-764748400,-1,-1,-1,5445128202,2018-05-31 00:12:15,1095
0,31-MAY-18,514068,272,34334600,-764790217,53,3442,645,5445128203,2018-05-31 00:12:15,274
0,31-MAY-18,-1,-1,33589583,-765226417,-1,-1,-1,5445128199,2018-05-31 00:12:15,29
0,31-MAY-18,-1,113,34294933,-764751367,-1,999,-1,5445128201,2018-05-31 00:12:15,767
0,31-MAY-18,-1,7757,33590183,-765111717,-1,999,-1,5445128198,2018-05-31 00:12:15,863
0,31-MAY-18,-1,434,34957117,-765047550,-1,999,-1,5445128206,2018-05-31 00:12:16,166
0,31-MAY-18,-1,-1,34038217,-764753550,-1,-1,-1,5445128208,2018-05-31 00:12:16,288
0,31-MAY-18,-1,-1,-1,-1,-1,-1,-1,5445128210,2018-05-31 00:12:16,388
0,31-MAY-18,-1,-1,34304533,-764750383,-1,999,-1,5445128209,2018-05-31 00:12:16,709
0,31-MAY-18,-1,6143,33588717,-765120767,-1,999,-1,5445128205,2018-05-31 00:12:16,850
0,31-MAY-18,-1,-1,34038583,-764765083,-1,-1,-1,5445128207,2018-05-31 00:12:16,935
0,31-MAY-18,511324,122,33791517,-765203633,228,3131,620,5445128212,2018-05-31 00:12:17,1130
0,31-MAY-18,513106,5609,34964650,-765065450,436,3372,9994,5445128219,2018-05-31 00:12:17,1193
0,31-MAY-18,-1,-1,34959867,-765044167,-1,999,-1,5445128215,2018-05-31 00:12:17,1203
0,31-MAY-18,-1,-1,33614000,-765102483,-1,-1,-1,5445128211,2018-05-31 00:12:17,126
0,31-MAY-18,-1,-1,34971317,-765028867,-1,-1,-1,5445128213,2018-05-31 00:12:17,303
0,31-MAY-18,512004,-1,34919933,-765149483,545,2121,1882,5445128216,2018-05-31 00:12:17,53
0,31-MAY-18,-1,170,34293067,-764749567,-1,999,-1,5445128218,2018-05-31 00:12:17,775
0,31-MAY-18,-1,-1,33587033,-765115483,-1,-1,-1,5445128217,2018-05-31 00:12:17,81
0,31-MAY-18,-1,-1,33604450,-765119450,-1,-1,-1,5445128214,2018-05-31 00:12:17,832
0,31-MAY-18,-1,-1,34969750,-765032483,-1,-1,-1,5445128220,2018-05-31 00:12:17,9
0,31-MAY-18,-1,-1,33584850,-765113300,-1,-1,-1,5445128223,2018-05-31 00:12:18,1159
0,31-MAY-18,-1,388,33590400,-765120533,-1,999,-1,5445128228,2018-05-31 00:12:18,125
0,31-MAY-18,-1,-1,-1,-1,-1,-1,-1,5445128225,2018-05-31 00:12:18,151
0,31-MAY-18,-1,-1,34963267,-765040117,-1,-1,-1,5445128229,2018-05-31 00:12:18,192
0,31-MAY-18,-1,1765,34033833,-764759667,-1,999,-1,5445128221,2018-05-31 00:12:18,258
0,31-MAY-18,-1,-1,34970450,-765030850,-1,-1,-1,5445128230,2018-05-31 00:12:18,297
0,31-MAY-18,-1,181,33588050,-765114183,-1,999,-1,5445128222,2018-05-31 00:12:18,32
0,31-MAY-18,-1,65,34048133,-764756733,-1,999,-1,5445128226,2018-05-31 00:12:18,700
0,31-MAY-18,-1,2247,34301333,-764747417,-1,999,-1,5445128227,2018-05-31 00:12:18,788
0,31-MAY-18,-1,631,33588667,-765111183,-1,999,-1,5445128224,2018-05-31 00:12:18,828
0,31-MAY-18,-1,-1,34962567,-765038933,-1,-1,-1,5445128234,2018-05-31 00:12:19,1074
0,31-MAY-18,-1,-1,34959283,-765042617,-1,-1,-1,5445128243,2018-05-31 00:12:19,1079
0,31-MAY-18,-1,187,34291917,-764748600,-1,999,-1,5445128238,2018-05-31 00:12:19,1107
0,31-MAY-18,-1,236,33587917,-765114633,-1,999,-1,5445128239,2018-05-31 00:12:19,1135
0,31-MAY-18,-1,5,33586150,-765109667,-1,-1,-1,5445128240,2018-05-31 00:12:19,116
0,31-MAY-18,-1,457,34963917,-765037017,-1,999,-1,5445128237,2018-05-31 00:12:19,1172
0,31-MAY-18,-1,336,34958650,-765045000,-1,999,-1,5445128241,2018-05-31 00:12:19,1179
0,31-MAY-18,513054,219,34964200,-764898383,393,333,317,5445128233,2018-05-31 00:12:19,1210
0,31-MAY-18,-1,-1,34953783,-765052383,-1,999,-1,5445128242,2018-05-31 00:12:19,180
0,31-MAY-18,-1,2014,34051850,-764755067,-1,999,-1,5445128235,2018-05-31 00:12:19,227
0,31-MAY-18,500168,-1,34237767,-764656450,1167,3441,9949,5445128244,2018-05-31 00:12:19,260
0,31-MAY-18,-1,-1,34293500,-764740300,-1,-1,-1,5445128232,2018-05-31 00:12:19,740
0,31-MAY-18,-1,19165,34298617,-764746833,-1,999,-1,5445128231,2018-05-31 00:12:19,749
0,31-MAY-18,-1,-1,34034267,-764762167,-1,999,-1,5445128236,2018-05-31 00:12:19,940
0,31-MAY-18,511274,6296,33493067,-765237450,373,2211,9861,5445128246,2018-05-31 00:12:20,1139
0,31-MAY-18,511352,-1,33706817,-765367017,160,3122,9943,5445128245,2018-05-31 00:12:20,124
0,31-MAY-18,-1,3352,34963167,-765036967,-1,999,-1,5445128249,2018-05-31 00:12:20,307
0,31-MAY-18,-1,594,34299517,-764746233,-1,999,-1,5445128247,2018-05-31 00:12:20,797
0,31-MAY-18,-1,148,34045233,-764761150,-1,999,-1,5445128248,2018-05-31 00:12:20,926
0,31-MAY-18,500101,12510,34294017,-764750550,-1,999,-1,5445128257,2018-05-31 00:12:21,1005
0,31-MAY-18,-1,-1,34975350,-765021833,-1,-1,-1,5445128250,2018-05-31 00:12:21,1072
0,31-MAY-18,503012,1902,34183467,-764866917,861,2842,433,5445128258,2018-05-31 00:12:21,1096
0,31-MAY-18,-1,170,34293800,-764749850,-1,999,-1,5445128255,2018-05-31 00:12:21,1103
0,31-MAY-18,-1,162,34923200,-764856300,896,3351,9996,5445128251,2018-05-31 00:12:21,202
0,31-MAY-18,512004,22,34919017,-765145967,545,2121,1882,5445128253,2018-05-31 00:12:21,53
0,31-MAY-18,-1,-1,34303767,-764748333,-1,-1,-1,5445128252,2018-05-31 00:12:21,757
0,31-MAY-18,-1,-1,34296783,-764754567,-1,999,-1,5445128256,2018-05-31 00:12:21,765
0,31-MAY-18,-1,-1,34033917,-764766633,-1,999,-1,5445128254,2018-05-31 00:12:21,910
0,31-MAY-18,-1,-1,34969783,-765037417,-1,-1,-1,5445128262,2018-05-31 00:12:22,1026
0,31-MAY-18,-1,1755,34295533,-764752033,-1,999,-1,5445128263,2018-05-31 00:12:22,761
0,31-MAY-18,-1,1182,34300633,-764747467,-1,999,-1,5445128260,2018-05-31 00:12:22,785
0,31-MAY-18,-1,4198,33589183,-765114500,-1,999,-1,5445128259,2018-05-31 00:12:22,856
0,31-MAY-18,-1,471,34294083,-764745433,-1,999,-1,5445128261,2018-05-31 00:12:22,953
0,31-MAY-18,-1,719,33589400,-765114050,-1,999,-1,5445128265,2018-05-31 00:12:23,1033
0,31-MAY-18,-1,-1,33587083,-765110083,-1,-1,-1,5445128274,2018-05-31 00:12:23,122
0,31-MAY-18,-1,3492,33594550,-765114867,-1,999,-1,5445128273,2018-05-31 00:12:23,128
0,31-MAY-18,-1,3700,34958967,-765045167,-1,999,-1,5445128270,2018-05-31 00:12:23,145
0,31-MAY-18,500164,285,34438667,-764819100,904,3411,356,5445128268,2018-05-31 00:12:23,250
0,31-MAY-18,-1,15687,33591033,-765119883,-1,-1,-1,5445128264,2018-05-31 00:12:23,314
0,31-MAY-18,512004,22,34918500,-765144217,545,2121,1882,5445128272,2018-05-31 00:12:23,53
0,31-MAY-18,-1,403,33586500,-765110817,-1,999,-1,5445128271,2018-05-31 00:12:23,65
0,31-MAY-18,-1,-1,34297150,-764745867,-1,999,-1,5445128266,2018-05-31 00:12:23,966
0,31-MAY-18,-1,22523,33591133,-765114100,-1,999,-1,5445128267,2018-05-31 00:12:23,991
0,31-MAY-18,-1,202,33594367,-765113750,-1,999,-1,5445128269,2018-05-31 00:12:23,992
0,31-MAY-18,-1,3745,33587850,-765111133,-1,999,-1,5445128281,2018-05-31 00:12:24,1008
0,31-MAY-18,-1,29,33584217,-765114833,-1,999,-1,5445128279,2018-05-31 00:12:24,1009
0,31-MAY-18,500153,7852,34293650,-764745033,-1,999,-1,5445128278,2018-05-31 00:12:24,1109
0,31-MAY-18,-1,-1,33603583,-765122467,-1,-1,-1,5445128284,2018-05-31 00:12:24,1120
0,31-MAY-18,-1,-1,34955933,-765048367,-1,999,-1,5445128277,2018-05-31 00:12:24,1212
0,31-MAY-18,-1,1963,33586683,-765113333,-1,999,-1,5445128275,2018-05-31 00:12:24,1220
0,31-MAY-18,-1,-1,33602617,-765119317,-1,-1,-1,5445128276,2018-05-31 00:12:24,18
0,31-MAY-18,-1,1612,34965417,-765034867,-1,999,-1,5445128283,2018-05-31 00:12:24,190
0,31-MAY-18,-1,13683,34959317,-765044867,-1,999,-1,5445128285,2018-05-31 00:12:24,203
0,31-MAY-18,-1,-1,34043867,-764761217,-1,-1,-1,5445128286,2018-05-31 00:12:24,238
0,31-MAY-18,-1,-1,34298417,-764750317,-1,999,-1,5445128282,2018-05-31 00:12:24,725
0,31-MAY-18,-1,-1,34299950,-764748300,-1,-1,-1,5445128280,2018-05-31 00:12:24,984
0,31-MAY-18,-1,2341,34956700,-765047600,-1,999,-1,5445128290,2018-05-31 00:12:25,1068
0,31-MAY-18,-1,-1,34975483,-765021400,-1,-1,-1,5445128291,2018-05-31 00:12:25,1082
0,31-MAY-18,514245,333,34526267,-764926067,1087,3452,9998,5445128287,2018-05-31 00:12:25,1263
0,31-MAY-18,-1,-1,34964083,-765055367,-1,999,-1,5445128289,2018-05-31 00:12:25,181
0,31-MAY-18,514361,-1,34112117,-764724600,96,3442,9865,5445128288,2018-05-31 00:12:25,263
0,31-MAY-18,-1,168,34293300,-764749300,-1,999,-1,5445128292,2018-05-31 00:12:25,977
0,31-MAY-18,512200,5,34917733,-765141650,545,2121,1882,5445128294,2018-05-31 00:12:26,53
0,31-MAY-18,-1,6,34301517,-764754733,-1,999,-1,5445128293,2018-05-31 00:12:26,764
0,31-MAY-18,-1,-1,34302100,-764746767,-1,-1,-1,5445128295,2018-05-31 00:12:26,772
0,31-MAY-18,-1,110,34294317,-764750033,-1,999,-1,5445128299,2018-05-31 00:12:27,1112
0,31-MAY-18,513054,283,34968133,-764896417,393,333,317,5445128297,2018-05-31 00:12:27,1210
0,31-MAY-18,-1,-1,34048117,-764758033,-1,999,-1,5445128301,2018-05-31 00:12:27,272
0,31-MAY-18,-1,15211,34294717,-764750850,-1,999,-1,5445128296,2018-05-31 00:12:27,774
0,31-MAY-18,504016,15183,33783150,-765431417,497,131,9921,5445128300,2018-05-31 00:12:27,837
0,31-MAY-18,-1,18128,34957450,-765047417,-1,999,-1,5445128298,2018-05-31 00:12:27,888
0,31-MAY-18,519281,10812,34978000,-765021517,-1,999,-1,5445128307,2018-05-31 00:12:28,188
0,31-MAY-18,-1,-1,33599833,-765117383,-1,-1,-1,5445128303,2018-05-31 00:12:28,68
0,31-MAY-18,-1,-1,34956883,-765049017,-1,999,-1,5445128304,2018-05-31 00:12:28,817
0,31-MAY-18,-1,1336,34041317,-764758817,-1,999,-1,5445128302,2018-05-31 00:12:28,932
0,31-MAY-18,500104,12460,34297533,-764752833,-1,999,-1,5445128305,2018-05-31 00:12:28,960
0,31-MAY-18,-1,95,34297000,-764753500,-1,999,-1,5445128306,2018-05-31 00:12:28,975
0,31-MAY-18,502302,-1,33670150,-765293433,986,3171,9988,5445128312,2018-05-31 00:12:29,1006
0,31-MAY-18,511441,-1,33592800,-765121433,657,3124,9881,5445128310,2018-05-31 00:12:29,103
0,31-MAY-18,-1,-1,33591900,-765113283,-1,-1,-1,5445128317,2018-05-31 00:12:29,1124
0,31-MAY-18,513055,9,34969200,-764895867,393,333,317,5445128308,2018-05-31 00:12:29,1210
0,31-MAY-18,500111,-1,34901117,-765085900,799,323,9998,5445128315,2018-05-31 00:12:29,1214
0,31-MAY-18,-1,10673,33858633,-765245267,-1,999,-1,5445128314,2018-05-31 00:12:29,199
0,31-MAY-18,512200,34,34916983,-765139250,545,2121,1882,5445128313,2018-05-31 00:12:29,53
0,31-MAY-18,-1,-1,34974617,-765023383,-1,-1,-1,5445128309,2018-05-31 00:12:29,642
0,31-MAY-18,-1,155,34290350,-764747650,-1,999,-1,5445128311,2018-05-31 00:12:29,717
0,31-MAY-18,-1,-1,34035167,-764761683,-1,999,-1,5445128316,2018-05-31 00:12:29,924
0,31-MAY-18,513257,-1,34910417,-765115183,511,2121,1884,5445128325,2018-05-31 00:12:30,1078
0,31-MAY-18,-1,12471,33595400,-765118633,-1,999,-1,5445128319,2018-05-31 00:12:30,1138
0,31-MAY-18,-1,5462,33587117,-765110850,-1,999,-1,5445128318,2018-05-31 00:12:30,1154
0,31-MAY-18,-1,-1,34962433,-765038350,-1,-1,-1,5445128320,2018-05-31 00:12:30,1180
0,31-MAY-18,-1,-1,34975083,-765022650,-1,-1,-1,5445128321,2018-05-31 00:12:30,177
0,31-MAY-18,-1,-1,33605867,-765121917,-1,-1,-1,5445128326,2018-05-31 00:12:30,632
0,31-MAY-18,-1,-1,34970650,-765035567,-1,-1,-1,5445128324,2018-05-31 00:12:30,805
0,31-MAY-18,-1,-1,34968533,-765037600,-1,-1,-1,5445128327,2018-05-31 00:12:30,882
0,31-MAY-18,-1,5814,34034967,-764759033,-1,999,-1,5445128323,2018-05-31 00:12:30,936
0,31-MAY-18,-1,3073,34047317,-764760000,-1,999,-1,5445128322,2018-05-31 00:12:30,949
0,31-MAY-18,-1,-1,34968817,-765034183,-1,-1,-1,5445128335,2018-05-31 00:12:31,1061
0,31-MAY-18,-1,5692,33587133,-765113617,-1,999,-1,5445128339,2018-05-31 00:12:31,1145
0,31-MAY-18,-1,-1,34960433,-765042017,-1,999,-1,5445128340,2018-05-31 00:12:31,1213
0,31-MAY-18,-1,-1,33606517,-765123217,-1,-1,-1,5445128331,2018-05-31 00:12:31,56
0,31-MAY-18,-1,-1,33606517,-765123233,-1,-1,-1,5445128333,2018-05-31 00:12:31,56
0,31-MAY-18,-1,-1,33606533,-765123233,-1,-1,-1,5445128334,2018-05-31 00:12:31,56
0,31-MAY-18,-1,-1,34300233,-764755067,-1,999,-1,5445128332,2018-05-31 00:12:31,739
0,31-MAY-18,-1,613,34298050,-764744717,-1,999,-1,5445128337,2018-05-31 00:12:31,743
0,31-MAY-18,502304,14239,34289117,-764747567,-1,999,-1,5445128341,2018-05-31 00:12:31,746
0,31-MAY-18,514053,213,34373200,-764746383,790,2841,300,5445128329,2018-05-31 00:12:31,789
0,31-MAY-18,-1,-1,33593700,-765116567,-1,-1,-1,5445128330,2018-05-31 00:12:31,836
0,31-MAY-18,-1,-1,33585600,-765111500,-1,999,-1,5445128342,2018-05-31 00:12:31,855
0,31-MAY-18,-1,-1,33593000,-765118283,-1,999,-1,5445128338,2018-05-31 00:12:31,866
0,31-MAY-18,-1,-1,34969917,-765037083,-1,-1,-1,5445128336,2018-05-31 00:12:31,893
0,31-MAY-18,511251,-1,33667533,-765282500,598,3172,192,5445128328,2018-05-31 00:12:31,94
0,31-MAY-18,-1,441,34295000,-764751850,-1,999,-1,5445128346,2018-05-31 00:12:32,1155
0,31-MAY-18,-1,9049,34747733,-765191600,-1,999,-1,5445128349,2018-05-31 00:12:32,1202
0,31-MAY-18,-1,7742,34961550,-765053317,-1,999,-1,5445128345,2018-05-31 00:12:32,1211
0,31-MAY-18,-1,-1,34279817,-764997183,-1,-1,-1,5445128347,2018-05-31 00:12:32,251
0,31-MAY-18,512200,34,34916983,-765139250,545,2121,1882,5445128350,2018-05-31 00:12:32,53
0,31-MAY-18,-1,-1,33606533,-765123217,-1,-1,-1,5445128353,2018-05-31 00:12:32,56
0,31-MAY-18,-1,598,34301183,-764745883,-1,999,-1,5445128344,2018-05-31 00:12:32,747
0,31-MAY-18,-1,-1,34302517,-764747200,-1,-1,-1,5445128348,2018-05-31 00:12:32,759
0,31-MAY-18,514054,7,34373867,-764747200,790,2841,300,5445128343,2018-05-31 00:12:32,789
0,31-MAY-18,-1,-1,34968967,-765038867,-1,-1,-1,5445128352,2018-05-31 00:12:32,810
0,31-MAY-18,-1,-1,34970317,-765036467,-1,-1,-1,5445128355,2018-05-31 00:12:32,813
0,31-MAY-18,511441,-1,33706817,-765572500,12,3124,9948,5445128351,2018-05-31 00:12:32,876
0,31-MAY-18,-1,-1,34043600,-764761750,-1,-1,-1,5445128354,2018-05-31 00:12:32,919
0,31-MAY-18,-1,-1,33591250,-765113233,-1,-1,-1,5445128356,2018-05-31 00:12:33,1048
0,31-MAY-18,-1,-1,34973783,-765007900,-1,-1,-1,5445128368,2018-05-31 00:12:33,1173
0,31-MAY-18,-1,413,34954400,-765050850,-1,999,-1,5445128363,2018-05-31 00:12:33,1178
0,31-MAY-18,-1,1865,34956267,-765048567,-1,999,-1,5445128369,2018-05-31 00:12:33,1192
0,31-MAY-18,-1,-1,34959833,-765053883,-1,999,-1,5445128367,2018-05-31 00:12:33,193
0,31-MAY-18,-1,7970,34932817,-765090300,729,302,9982,5445128361,2018-05-31 00:12:33,210
0,31-MAY-18,511059,14510,34191367,-765081833,580,3192,9996,5445128365,2018-05-31 00:12:33,281
0,31-MAY-18,-1,221,33579367,-765124217,-1,999,-1,5445128366,2018-05-31 00:12:33,54
0,31-MAY-18,-1,-1,34045700,-764758800,-1,-1,-1,5445128360,2018-05-31 00:12:33,555
0,31-MAY-18,-1,-1,34969067,-765038533,-1,-1,-1,5445128359,2018-05-31 00:12:33,815
0,31-MAY-18,-1,638,33592000,-765112117,-1,999,-1,5445128362,2018-05-31 00:12:33,829
0,31-MAY-18,-1,10127,34970667,-765035933,-1,999,-1,5445128357,2018-05-31 00:12:33,889
0,31-MAY-18,-1,1,33593000,-765121017,-1,999,-1,5445128358,2018-05-31 00:12:33,98
0,31-MAY-18,-1,-1,33602517,-765122367,-1,-1,-1,5445128364,2018-05-31 00:12:33,995
0,31-MAY-18,-1,-1,34979750,-765018017,-1,-1,-1,5445128370,2018-05-31 00:12:34,182
0,31-MAY-18,-1,-1,34037283,-764754233,-1,-1,-1,5445128374,2018-05-31 00:12:34,289
0,31-MAY-18,514054,32,34375267,-764748900,790,2841,300,5445128373,2018-05-31 00:12:34,789
0,31-MAY-18,-1,-1,34301317,-764747550,-1,-1,-1,5445128371,2018-05-31 00:12:34,802
0,31-MAY-18,-1,5862,33591450,-765121283,-1,999,-1,5445128375,2018-05-31 00:12:34,88
0,31-MAY-18,-1,-1,34978633,-765019683,-1,-1,-1,5445128377,2018-05-31 00:12:34,901
0,31-MAY-18,511033,6017,33582917,-765118050,641,3133,9855,5445128376,2018-05-31 00:12:34,95
0,31-MAY-18,-1,612,34304167,-764750233,-1,999,-1,5445128372,2018-05-31 00:12:34,983
0,31-MAY-18,-1,216,34292433,-764748483,-1,999,-1,5445128387,2018-05-31 00:12:35,1111
0,31-MAY-18,-1,-1,33591067,-765112317,-1,-1,-1,5445128390,2018-05-31 00:12:35,1144
0,31-MAY-18,519192,-1,34964583,-765059617,937,306,9982,5445128385,2018-05-31 00:12:35,198
0,31-MAY-18,514405,277,34046467,-764756800,455,347,9990,5445128378,2018-05-31 00:12:35,226
0,31-MAY-18,-1,-1,33592100,-765117733,-1,-1,-1,5445128382,2018-05-31 00:12:35,414
0,31-MAY-18,-1,323,33589133,-765111633,-1,999,-1,5445128384,2018-05-31 00:12:35,51
0,31-MAY-18,512200,2,34915550,-765134683,545,2121,1882,5445128386,2018-05-31 00:12:35,53
0,31-MAY-18,512200,2,34915550,-765134683,545,2121,1882,5445128388,2018-05-31 00:12:35,53
0,31-MAY-18,-1,-1,34040733,-764756567,-1,-1,-1,5445128383,2018-05-31 00:12:35,624
0,31-MAY-18,-1,1299,34295383,-764751000,-1,999,-1,5445128380,2018-05-31 00:12:35,771
0,31-MAY-18,514054,32,34376000,-764749783,790,2841,300,5445128379,2018-05-31 00:12:35,789
0,31-MAY-18,-1,-1,33597917,-765119650,-1,-1,-1,5445128381,2018-05-31 00:12:35,83
0,31-MAY-18,513316,34,34906367,-764917917,215,553,9999,5445128389,2018-05-31 00:12:35,899
0,31-MAY-18,-1,506,34303367,-764749550,-1,999,-1,5445128392,2018-05-31 00:12:36,1115
0,31-MAY-18,-1,8313,34953600,-765053733,-1,999,-1,5445128391,2018-05-31 00:12:36,1190
0,31-MAY-18,-1,86,33593767,-765120867,-1,999,-1,5445128394,2018-05-31 00:12:36,24
0,31-MAY-18,-1,-1,34034983,-764762000,-1,-1,-1,5445128395,2018-05-31 00:12:36,259
0,31-MAY-18,514069,-1,34326900,-764787767,53,3442,645,5445128398,2018-05-31 00:12:36,274
0,31-MAY-18,-1,398,33595233,-765118067,-1,999,-1,5445128397,2018-05-31 00:12:36,382
0,31-MAY-18,-1,-1,33591283,-765112200,-1,-1,-1,5445128396,2018-05-31 00:12:36,823
0,31-MAY-18,514405,769,34036833,-764765433,-1,999,-1,5445128393,2018-05-31 00:12:36,937
0,31-MAY-18,-1,-1,33604567,-765122233,-1,-1,-1,5445128413,2018-05-31 00:12:37,1003
0,31-MAY-18,-1,-1,-1,-1,-1,-1,-1,5445128404,2018-05-31 00:12:37,1024
0,31-MAY-18,513253,581,34912300,-765120400,511,2121,1884,5445128410,2018-05-31 00:12:37,1078
0,31-MAY-18,-1,5762,33593833,-765119250,-1,999,-1,5445128411,2018-05-31 00:12:37,1129
0,31-MAY-18,-1,-1,34979250,-765019100,-1,-1,-1,5445128412,2018-05-31 00:12:37,204
0,31-MAY-18,-1,350,34034350,-764764017,188,1472,9759,5445128409,2018-05-31 00:12:37,219
0,31-MAY-18,-1,-1,34035450,-764761567,-1,-1,-1,5445128408,2018-05-31 00:12:37,221
0,31-MAY-18,-1,32,34035700,-764767100,560,347,9998,5445128406,2018-05-31 00:12:37,240
0,31-MAY-18,-1,2794,33594833,-765117667,-1,999,-1,5445128402,2018-05-31 00:12:37,42
0,31-MAY-18,-1,-1,33590133,-765113083,-1,-1,-1,5445128400,2018-05-31 00:12:37,67
0,31-MAY-18,-1,-1,34303150,-764749500,-1,999,-1,5445128403,2018-05-31 00:12:37,744
0,31-MAY-18,515054,6990,34302883,-764748667,999,2524,728,5445128399,2018-05-31 00:12:37,792
0,31-MAY-18,-1,-1,33445183,-765241850,-1,999,-1,5445128405,2018-05-31 00:12:37,873
0,31-MAY-18,-1,-1,34969367,-765038200,-1,-1,-1,5445128414,2018-05-31 00:12:37,894
0,31-MAY-18,-1,39,34045017,-764760167,874,3411,9990,5445128407,2018-05-31 00:12:37,928
0,31-MAY-18,514174,191,34219200,-764711383,622,3441,501,5445128401,2018-05-31 00:12:37,970
0,31-MAY-18,513257,35,34912683,-765121900,511,2121,1884,5445128422,2018-05-31 00:12:38,1078
0,31-MAY-18,-1,12528,34300100,-764754283,-1,999,-1,5445128423,2018-05-31 00:12:38,1094
0,31-MAY-18,-1,507,34300750,-764748650,-1,999,-1,5445128416,2018-05-31 00:12:38,1113
0,31-MAY-18,-1,-1,33591900,-765120867,276,3122,9931,5445128417,2018-05-31 00:12:38,121
0,31-MAY-18,-1,-1,33587383,-765113283,314,3133,9886,5445128419,2018-05-31 00:12:38,123
0,31-MAY-18,-1,-1,33592500,-765118217,-1,999,-1,5445128415,2018-05-31 00:12:38,1233
0,31-MAY-18,-1,-1,33599167,-765121717,-1,-1,-1,5445128421,2018-05-31 00:12:38,402
0,31-MAY-18,-1,7798,34964483,-765055533,-1,999,-1,5445128418,2018-05-31 00:12:38,653
0,31-MAY-18,502301,941,33572533,-765236883,555,2121,2178,5445128420,2018-05-31 00:12:38,844
0,31-MAY-18,511204,-1,34400617,-765365333,611,3191,9892,5445128424,2018-05-31 00:12:38,900
0,31-MAY-18,513257,35,34912683,-765121900,511,2121,1884,5445128430,2018-05-31 00:12:39,1078
0,31-MAY-18,517076,12614,34936667,-765088733,614,373,9980,5445128426,2018-05-31 00:12:39,186
0,31-MAY-18,-1,50,34960650,-765053650,-1,999,-1,5445128427,2018-05-31 00:12:39,200
0,31-MAY-18,-1,-1,33600900,-765117733,-1,-1,-1,5445128428,2018-05-31 00:12:39,437
0,31-MAY-18,512200,43,34914383,-765130817,545,2121,1882,5445128429,2018-05-31 00:12:39,53
0,31-MAY-18,-1,-1,34294750,-764746117,-1,-1,-1,5445128425,2018-05-31 00:12:39,974
0,31-MAY-18,-1,3926,34290417,-764749033,-1,999,-1,5445128437,2018-05-31 00:12:40,1093
0,31-MAY-18,-1,-1,34288050,-764740233,-1,999,-1,5445128434,2018-05-31 00:12:40,1108
0,31-MAY-18,-1,-1,33587867,-765120833,-1,999,-1,5445128438,2018-05-31 00:12:40,1161
0,31-MAY-18,-1,-1,33600517,-765122017,-1,-1,-1,5445128432,2018-05-31 00:12:40,23
0,31-MAY-18,501850,14066,34293050,-764750383,-1,999,-1,5445128431,2018-05-31 00:12:40,45
0,31-MAY-18,512200,43,34914383,-765130817,545,2121,1882,5445128435,2018-05-31 00:12:40,53
0,31-MAY-18,514054,7,34379850,-764754300,790,2841,300,5445128433,2018-05-31 00:12:40,789
0,31-MAY-18,-1,-1,34303450,-764754133,-1,999,-1,5445128436,2018-05-31 00:12:40,959
0,31-MAY-18,-1,6364,33583250,-765123333,-1,999,-1,5445128447,2018-05-31 00:12:41,1046
0,31-MAY-18,-1,897,34290100,-764748217,-1,999,-1,5445128448,2018-05-31 00:12:41,1110
0,31-MAY-18,513055,32,34973933,-764893367,393,333,317,5445128440,2018-05-31 00:12:41,1210
0,31-MAY-18,-1,30,34962850,-765053667,-1,999,-1,5445128439,2018-05-31 00:12:41,181
0,31-MAY-18,-1,-1,34041017,-764756333,-1,-1,-1,5445128444,2018-05-31 00:12:41,239
0,31-MAY-18,-1,461,33597667,-765120400,-1,999,-1,5445128445,2018-05-31 00:12:41,27
0,31-MAY-18,-1,253,33594567,-765115233,-1,999,-1,5445128442,2018-05-31 00:12:41,37
0,31-MAY-18,-1,-1,34045783,-764760917,-1,999,-1,5445128446,2018-05-31 00:12:41,618
0,31-MAY-18,-1,-1,34970233,-765031600,-1,-1,-1,5445128449,2018-05-31 00:12:41,637
0,31-MAY-18,514054,7,34380600,-764755200,790,2841,300,5445128443,2018-05-31 00:12:41,789
0,31-MAY-18,-1,-1,34046250,-764754783,-1,-1,-1,5445128441,2018-05-31 00:12:41,944
0,31-MAY-18,-1,2871,34953083,-765054333,-1,999,-1,5445128450,2018-05-31 00:12:42,1075
0,31-MAY-18,511478,-1,33791033,-765186150,228,3131,620,5445128455,2018-05-31 00:12:42,1130
0,31-MAY-18,-1,6418,34957917,-765052067,-1,999,-1,5445128452,2018-05-31 00:12:42,213
0,31-MAY-18,-1,126,34034717,-764763783,423,1571,9885,5445128456,2018-05-31 00:12:42,216
0,31-MAY-18,-1,879,33582950,-765117167,-1,999,-1,5445128460,2018-05-31 00:12:42,312
0,31-MAY-18,501703,12675,-1,-1,-1,-1,-1,5445128461,2018-05-31 00:12:42,706
0,31-MAY-18,-1,616,34300183,-764746983,-1,999,-1,5445128459,2018-05-31 00:12:42,745
0,31-MAY-18,-1,-1,34971083,-765034867,-1,-1,-1,5445128457,2018-05-31 00:12:42,809
0,31-MAY-18,-1,-1,34972850,-765006100,-1,-1,-1,5445128451,2018-05-31 00:12:42,820
0,31-MAY-18,514042,404,34199233,-764651500,618,2841,302,5445128458,2018-05-31 00:12:42,968
0,31-MAY-18,514466,-1,34199233,-764651500,618,2841,302,5445128453,2018-05-31 00:12:42,968
0,31-MAY-18,514277,7,34224050,-764708650,622,3441,501,5445128454,2018-05-31 00:12:42,970
0,31-MAY-18,-1,-1,34975150,-765022300,-1,-1,-1,5445128466,2018-05-31 00:12:43,1029
0,31-MAY-18,-1,2545,34958483,-765054183,-1,999,-1,5445128465,2018-05-31 00:12:43,1067
0,31-MAY-18,511059,-1,33717167,-765641033,116,3192,9990,5445128463,2018-05-31 00:12:43,119
0,31-MAY-18,-1,-1,33588367,-765203467,-1,-1,-1,5445128464,2018-05-31 00:12:43,29
0,31-MAY-18,-1,-1,33603367,-765119000,-1,-1,-1,5445128467,2018-05-31 00:12:43,389
0,31-MAY-18,-1,7757,33590200,-765111750,-1,999,-1,5445128462,2018-05-31 00:12:43,863
0,31-MAY-18,-1,113,33590250,-765114383,-1,999,-1,5445128473,2018-05-31 00:12:44,1049
0,31-MAY-18,513257,21,34913783,-765125300,511,2121,1884,5445128476,2018-05-31 00:12:44,1078
0,31-MAY-18,513257,21,34913783,-765125300,511,2121,1884,5445128478,2018-05-31 00:12:44,1078
0,31-MAY-18,519041,4447,34782467,-765175533,259,305,9992,5445128475,2018-05-31 00:12:44,1189
0,31-MAY-18,513055,44,34973550,-764891233,393,333,317,5445128468,2018-05-31 00:12:44,1210
0,31-MAY-18,-1,-1,33584267,-765110650,-1,-1,-1,5445128472,2018-05-31 00:12:44,130
0,31-MAY-18,-1,-1,34970917,-765035267,-1,-1,-1,5445128471,2018-05-31 00:12:44,137
0,31-MAY-18,-1,-1,34034733,-764756333,-1,-1,-1,5445128477,2018-05-31 00:12:44,285
0,31-MAY-18,-1,5,34035367,-764763267,115,150,9948,5445128469,2018-05-31 00:12:44,551
0,31-MAY-18,-1,499,34034650,-764761900,707,142,9964,5445128470,2018-05-31 00:12:44,616
0,31-MAY-18,-1,113,34294933,-764751333,-1,999,-1,5445128474,2018-05-31 00:12:44,767
0,31-MAY-18,-1,31,-1,-1,-1,999,-1,5445128482,2018-05-31 00:12:45,1009
0,31-MAY-18,-1,-1,34300350,-764748400,-1,-1,-1,5445128483,2018-05-31 00:12:45,1095
0,31-MAY-18,-1,434,34957800,-765046783,-1,999,-1,5445128480,2018-05-31 00:12:45,166
0,31-MAY-18,514068,409,34323600,-764786383,53,3442,645,5445128485,2018-05-31 00:12:45,274
0,31-MAY-18,-1,-1,34304533,-764750383,-1,999,-1,5445128484,2018-05-31 00:12:45,709
0,31-MAY-18,-1,-1,34301850,-764746633,-1,-1,-1,5445128481,2018-05-31 00:12:45,760
0,31-MAY-18,-1,6167,33586500,-765120550,-1,999,-1,5445128479,2018-05-31 00:12:45,850
0,31-MAY-18,-1,-1,34972183,-765028867,-1,-1,-1,5445128489,2018-05-31 00:12:46,1018
0,31-MAY-18,511324,373,33791000,-765183667,228,3131,620,5445128486,2018-05-31 00:12:46,1130
0,31-MAY-18,513106,5609,34964550,-765065000,436,3372,9994,5445128488,2018-05-31 00:12:46,1193
0,31-MAY-18,-1,-1,34959850,-765044167,-1,999,-1,5445128487,2018-05-31 00:12:46,1203
0,31-MAY-18,-1,-1,34035333,-764758817,-1,-1,-1,5445128490,2018-05-31 00:12:46,241
0,31-MAY-18,-1,170,34293017,-764749550,-1,999,-1,5445128491,2018-05-31 00:12:46,775
0,31-MAY-18,511478,31,33791033,-765179483,228,3131,620,5445128492,2018-05-31 00:12:47,1130
0,31-MAY-18,-1,399,33589900,-765120550,-1,999,-1,5445128500,2018-05-31 00:12:47,125
0,31-MAY-18,-1,-1,34038217,-764753567,-1,-1,-1,5445128499,2018-05-31 00:12:47,288
0,31-MAY-18,-1,181,33588033,-765114200,-1,999,-1,5445128496,2018-05-31 00:12:47,32
0,31-MAY-18,-1,-1,-1,-1,-1,-1,-1,5445128501,2018-05-31 00:12:47,388
0,31-MAY-18,-1,65,34048117,-764756717,-1,999,-1,5445128494,2018-05-31 00:12:47,700
0,31-MAY-18,-1,19165,34298567,-764747017,-1,999,-1,5445128495,2018-05-31 00:12:47,749
0,31-MAY-18,-1,2247,34301667,-764747183,-1,999,-1,5445128498,2018-05-31 00:12:47,788
0,31-MAY-18,-1,631,33588483,-765111267,-1,999,-1,5445128493,2018-05-31 00:12:47,828
0,31-MAY-18,514277,33,34229100,-764705783,622,3441,501,5445128497,2018-05-31 00:12:47,970
0,31-MAY-18,-1,190,34291500,-764748317,-1,999,-1,5445128508,2018-05-31 00:12:48,1107
0,31-MAY-18,-1,236,33587900,-765114617,-1,999,-1,5445128513,2018-05-31 00:12:48,1135
0,31-MAY-18,-1,5,33586150,-765109667,-1,-1,-1,5445128509,2018-05-31 00:12:48,116
0,31-MAY-18,-1,477,34965300,-765035467,-1,999,-1,5445128507,2018-05-31 00:12:48,1172
0,31-MAY-18,-1,-1,33613517,-765102267,-1,-1,-1,5445128502,2018-05-31 00:12:48,126
0,31-MAY-18,-1,-1,34953817,-765052333,-1,999,-1,5445128514,2018-05-31 00:12:48,180
0,31-MAY-18,-1,2014,34051867,-764755083,-1,999,-1,5445128512,2018-05-31 00:12:48,227
0,31-MAY-18,-1,1765,34033850,-764759667,-1,999,-1,5445128504,2018-05-31 00:12:48,258
0,31-MAY-18,514069,32,34322400,-764785967,53,3442,645,5445128517,2018-05-31 00:12:48,274
0,31-MAY-18,-1,-1,34971317,-765028883,-1,-1,-1,5445128505,2018-05-31 00:12:48,303
0,31-MAY-18,-1,594,34299517,-764746200,-1,999,-1,5445128503,2018-05-31 00:12:48,797
0,31-MAY-18,-1,-1,33587117,-765115450,-1,-1,-1,5445128515,2018-05-31 00:12:48,81
0,31-MAY-18,-1,-1,33604467,-765119433,-1,-1,-1,5445128511,2018-05-31 00:12:48,832
0,31-MAY-18,-1,-1,34956183,-765049583,-1,-1,-1,5445128516,2018-05-31 00:12:48,892
0,31-MAY-18,-1,-1,34038583,-764765083,-1,-1,-1,5445128506,2018-05-31 00:12:48,935
0,31-MAY-18,-1,-1,34034283,-764762167,-1,999,-1,5445128510,2018-05-31 00:12:48,940
0,31-MAY-18,511274,6822,33536750,-765233233,373,2211,9861,5445128521,2018-05-31 00:12:49,1139
0,31-MAY-18,-1,-1,33584883,-765113283,-1,-1,-1,5445128519,2018-05-31 00:12:49,1159
0,31-MAY-18,-1,336,34958617,-765045067,-1,999,-1,5445128522,2018-05-31 00:12:49,1179
0,31-MAY-18,513055,21,34972233,-764888900,393,333,317,5445128520,2018-05-31 00:12:49,1210
0,31-MAY-18,-1,-1,-1,-1,-1,-1,-1,5445128518,2018-05-31 00:12:49,151
0,31-MAY-18,-1,-1,34963267,-765040133,-1,-1,-1,5445128523,2018-05-31 00:12:49,192
0,31-MAY-18,-1,-1,34970467,-765030850,-1,-1,-1,5445128525,2018-05-31 00:12:49,297
0,31-MAY-18,-1,3354,34963183,-765037050,-1,999,-1,5445128524,2018-05-31 00:12:49,307
0,31-MAY-18,-1,-1,34969767,-765032483,-1,-1,-1,5445128526,2018-05-31 00:12:49,9
0,31-MAY-18,500101,12510,34294017,-764750550,-1,999,-1,5445128533,2018-05-31 00:12:50,1005
0,31-MAY-18,-1,-1,34964183,-765036867,-1,-1,-1,5445128527,2018-05-31 00:12:50,1074
0,31-MAY-18,-1,-1,34959300,-765042667,-1,-1,-1,5445128537,2018-05-31 00:12:50,1079
0,31-MAY-18,-1,170,34293817,-764749867,-1,999,-1,5445128535,2018-05-31 00:12:50,1103
0,31-MAY-18,511352,-1,33691150,-765331500,160,3122,9943,5445128528,2018-05-31 00:12:50,124
0,31-MAY-18,-1,-1,34293483,-764740267,-1,-1,-1,5445128529,2018-05-31 00:12:50,740
0,31-MAY-18,-1,1755,34295550,-764752033,-1,999,-1,5445128536,2018-05-31 00:12:50,761
0,31-MAY-18,-1,-1,34298233,-764754950,-1,999,-1,5445128534,2018-05-31 00:12:50,765
0,31-MAY-18,-1,-1,34033900,-764766633,-1,999,-1,5445128532,2018-05-31 00:12:50,910
0,31-MAY-18,-1,148,34045250,-764761150,-1,999,-1,5445128531,2018-05-31 00:12:50,926
0,31-MAY-18,-1,471,34294267,-764745300,-1,999,-1,5445128530,2018-05-31 00:12:50,953
0,31-MAY-18,-1,1182,34300633,-764747283,-1,999,-1,5445128539,2018-05-31 00:12:51,785
0,31-MAY-18,-1,4198,33589200,-765114467,-1,999,-1,5445128538,2018-05-31 00:12:51,856
0,31-MAY-18,-1,3745,33587867,-765111083,-1,999,-1,5445128548,2018-05-31 00:12:52,1008
0,31-MAY-18,-1,719,33589400,-765114050,-1,999,-1,5445128547,2018-05-31 00:12:52,1033
0,31-MAY-18,-1,3492,33594550,-765114867,-1,999,-1,5445128549,2018-05-31 00:12:52,128
0,31-MAY-18,-1,13683,34959283,-765044867,-1,999,-1,5445128551,2018-05-31 00:12:52,203
0,31-MAY-18,500164,285,34438650,-764819083,904,3411,356,5445128541,2018-05-31 00:12:52,250
0,31-MAY-18,514361,-1,34083333,-764740767,96,3442,9865,5445128543,2018-05-31 00:12:52,263
0,31-MAY-18,-1,15687,33590933,-765119800,-1,-1,-1,5445128546,2018-05-31 00:12:52,314
0,31-MAY-18,-1,403,33586500,-765110850,-1,999,-1,5445128550,2018-05-31 00:12:52,65
0,31-MAY-18,-1,-1,34303750,-764748317,-1,-1,-1,5445128542,2018-05-31 00:12:52,757
0,31-MAY-18,-1,-1,34296983,-764746033,-1,999,-1,5445128544,2018-05-31 00:12:52,966
0,31-MAY-18,-1,22523,33591117,-765114133,-1,999,-1,5445128545,2018-05-31 00:12:52,991
0,31-MAY-18,-1,202,33594367,-765113767,-1,999,-1,5445128540,2018-05-31 00:12:52,992
0,31-MAY-18,-1,-1,34975350,-765021833,-1,-1,-1,5445128553,2018-05-31 00:12:53,1072
0,31-MAY-18,503012,2039,34193267,-764861583,861,2842,433,5445128560,2018-05-31 00:12:53,1096
0,31-MAY-18,500153,7852,34293650,-764745067,-1,999,-1,5445128554,2018-05-31 00:12:53,1109
0,31-MAY-18,-1,-1,34960150,-765043150,-1,999,-1,5445128555,2018-05-31 00:12:53,1212
0,31-MAY-18,-1,1963,33586700,-765113467,-1,999,-1,5445128552,2018-05-31 00:12:53,1220
0,31-MAY-18,-1,3700,34958967,-765045167,-1,999,-1,5445128557,2018-05-31 00:12:53,145
0,31-MAY-18,-1,1625,34966300,-765033550,-1,999,-1,5445128558,2018-05-31 00:12:53,190
0,31-MAY-18,513258,4,34910233,-765120383,545,2121,1882,5445128559,2018-05-31 00:12:53,53
0,31-MAY-18,-1,-1,34302117,-764752200,-1,999,-1,5445128556,2018-05-31 00:12:53,725
0,31-MAY-18,-1,-1,34969783,-765037433,-1,-1,-1,5445128565,2018-05-31 00:12:54,1026
0,31-MAY-18,514245,739,34523917,-764890533,1087,3452,9998,5445128563,2018-05-31 00:12:54,1263
0,31-MAY-18,-1,507,34916383,-764888950,896,3351,9996,5445128562,2018-05-31 00:12:54,202
0,31-MAY-18,514466,36,34204417,-764648967,618,2841,302,5445128561,2018-05-31 00:12:54,968
0,31-MAY-18,-1,168,34293300,-764749283,-1,999,-1,5445128564,2018-05-31 00:12:54,977
0,31-MAY-18,-1,-1,33603583,-765122483,-1,-1,-1,5445128570,2018-05-31 00:12:55,1120
0,31-MAY-18,-1,-1,33587050,-765110017,-1,-1,-1,5445128566,2018-05-31 00:12:55,122
0,31-MAY-18,-1,-1,33602700,-765119167,-1,-1,-1,5445128567,2018-05-31 00:12:55,18
0,31-MAY-18,-1,-1,34043883,-764761233,-1,-1,-1,5445128571,2018-05-31 00:12:55,238
0,31-MAY-18,511059,14518,34192233,-765080317,580,3192,9996,5445128569,2018-05-31 00:12:55,281
0,31-MAY-18,513258,31,34909067,-765118333,545,2121,1882,5445128568,2018-05-31 00:12:55,53
0,31-MAY-18,-1,2341,34956733,-765047567,-1,999,-1,5445128575,2018-05-31 00:12:56,1068
0,31-MAY-18,-1,-1,34975500,-765021400,-1,-1,-1,5445128578,2018-05-31 00:12:56,1082
0,31-MAY-18,-1,15211,34294683,-764750700,-1,999,-1,5445128573,2018-05-31 00:12:56,774
0,31-MAY-18,514055,7,34390217,-764769933,790,2841,300,5445128572,2018-05-31 00:12:56,789
0,31-MAY-18,504016,15416,33760517,-765425700,497,131,9921,5445128579,2018-05-31 00:12:56,837
0,31-MAY-18,-1,18128,34957433,-765047450,-1,999,-1,5445128576,2018-05-31 00:12:56,888
0,31-MAY-18,-1,1336,34041333,-764758800,-1,999,-1,5445128574,2018-05-31 00:12:56,932
0,31-MAY-18,-1,-1,34299950,-764748300,-1,-1,-1,5445128577,2018-05-31 00:12:56,984
0,31-MAY-18,-1,110,34294300,-764750050,-1,999,-1,5445128580,2018-05-31 00:12:57,1112
0,31-MAY-18,519281,10814,34978117,-765021350,-1,999,-1,5445128583,2018-05-31 00:12:57,188
0,31-MAY-18,513258,39,34908350,-765116950,545,2121,1882,5445128582,2018-05-31 00:12:57,53
0,31-MAY-18,-1,-1,34302100,-764746767,-1,-1,-1,5445128584,2018-05-31 00:12:57,772
0,31-MAY-18,500104,12460,34297533,-764752833,-1,999,-1,5445128581,2018-05-31 00:12:57,960
0,31-MAY-18,-1,96,34296933,-764753383,-1,999,-1,5445128585,2018-05-31 00:12:57,975
0,31-MAY-18,502302,-1,33670150,-765293450,986,3171,9988,5445128592,2018-05-31 00:12:58,1006
0,31-MAY-18,511441,-1,33592767,-765121450,657,3124,9881,5445128590,2018-05-31 00:12:58,103
0,31-MAY-18,-1,12518,33598750,-765119700,-1,999,-1,5445128587,2018-05-31 00:12:58,1138
0,31-MAY-18,500111,-1,34911517,-765096350,799,323,9998,5445128593,2018-05-31 00:12:58,1214
0,31-MAY-18,-1,170,34289183,-764747033,-1,999,-1,5445128591,2018-05-31 00:12:58,717
0,31-MAY-18,-1,6,34301517,-764754750,-1,999,-1,5445128588,2018-05-31 00:12:58,764
0,31-MAY-18,-1,-1,34956850,-765049033,-1,999,-1,5445128589,2018-05-31 00:12:58,817
0,31-MAY-18,-1,-1,34035183,-764761700,-1,999,-1,5445128594,2018-05-31 00:12:58,924
0,31-MAY-18,514466,62,34206817,-764647600,618,2841,302,5445128586,2018-05-31 00:12:58,968
0,31-MAY-18,-1,5462,33587133,-765110850,-1,999,-1,5445128597,2018-05-31 00:12:59,1154
0,31-MAY-18,-1,11082,33896600,-765241317,-1,999,-1,5445128599,2018-05-31 00:12:59,199
0,31-MAY-18,-1,-1,33599883,-765117450,-1,-1,-1,5445128595,2018-05-31 00:12:59,68
0,31-MAY-18,-1,5814,34034967,-764759033,-1,999,-1,5445128598,2018-05-31 00:12:59,936
0,31-MAY-18,514176,6,34242250,-764698583,622,3441,501,5445128596,2018-05-31 00:12:59,970
0,31-MAY-18,-1,5692,33587133,-765113617,-1,999,-1,5445128606,2018-05-31 00:13:00,1145
0,31-MAY-18,-1,-1,34962183,-765039267,-1,-1,-1,5445128601,2018-05-31 00:13:00,1180
0,31-MAY-18,-1,-1,34974667,-765023333,-1,-1,-1,5445128603,2018-05-31 00:13:00,642
0,31-MAY-18,-1,-1,34300267,-764755117,-1,999,-1,5445128600,2018-05-31 00:13:00,739
0,31-MAY-18,-1,613,34297917,-764744650,-1,999,-1,5445128604,2018-05-31 00:13:00,743
0,31-MAY-18,502304,14239,34289117,-764747567,-1,999,-1,5445128607,2018-05-31 00:13:00,746
0,31-MAY-18,-1,-1,33592983,-765118300,-1,999,-1,5445128605,2018-05-31 00:13:00,866
0,31-MAY-18,511251,-1,33667550,-765282483,598,3172,192,5445128602,2018-05-31 00:13:00,94
0,31-MAY-18,-1,-1,34968817,-765034183,-1,-1,-1,5445128615,2018-05-31 00:13:01,1061
0,31-MAY-18,-1,-1,33591900,-765113267,-1,-1,-1,5445128608,2018-05-31 00:13:01,1124
0,31-MAY-18,-1,9384,34774317,-765175167,-1,999,-1,5445128610,2018-05-31 00:13:01,1202
0,31-MAY-18,-1,-1,34960133,-765042350,-1,999,-1,5445128616,2018-05-31 00:13:01,1213
0,31-MAY-18,514055,31,34392983,-764774000,790,2841,300,5445128611,2018-05-31 00:13:01,789
0,31-MAY-18,514055,31,34393717,-764775050,790,2841,300,5445128613,2018-05-31 00:13:01,789
0,31-MAY-18,511441,-1,33695217,-765565683,12,3124,9948,5445128614,2018-05-31 00:13:01,876
0,31-MAY-18,-1,3073,34047333,-764759950,-1,999,-1,5445128612,2018-05-31 00:13:01,949
0,31-MAY-18,514176,34,34243467,-764698133,622,3441,501,5445128609,2018-05-31 00:13:01,970
0,31-MAY-18,512003,5,34918417,-765139767,511,2121,1884,5445128630,2018-05-31 00:13:02,1078
0,31-MAY-18,-1,441,34295000,-764751867,-1,999,-1,5445128621,2018-05-31 00:13:02,1155
0,31-MAY-18,-1,413,34954400,-765050850,-1,999,-1,5445128627,2018-05-31 00:13:02,1178
0,31-MAY-18,-1,1865,34956200,-765048550,-1,999,-1,5445128631,2018-05-31 00:13:02,1192
0,31-MAY-18,513029,4,34967367,-764880100,393,333,317,5445128619,2018-05-31 00:13:02,1210
0,31-MAY-18,-1,7768,34960333,-765053717,-1,999,-1,5445128622,2018-05-31 00:13:02,1211
0,31-MAY-18,-1,8341,34964983,-765078183,729,302,9982,5445128620,2018-05-31 00:13:02,210
0,31-MAY-18,513258,29,34906983,-765114383,545,2121,1882,5445128628,2018-05-31 00:13:02,53
0,31-MAY-18,-1,221,33579383,-765124217,-1,999,-1,5445128632,2018-05-31 00:13:02,54
0,31-MAY-18,-1,-1,33605867,-765121917,-1,-1,-1,5445128618,2018-05-31 00:13:02,632
0,31-MAY-18,-1,598,34301167,-764745917,-1,999,-1,5445128623,2018-05-31 00:13:02,747
0,31-MAY-18,-1,638,33592000,-765112117,-1,999,-1,5445128626,2018-05-31 00:13:02,829
0,31-MAY-18,-1,-1,34968533,-765037600,-1,-1,-1,5445128617,2018-05-31 00:13:02,882
0,31-MAY-18,-1,10127,34970667,-765035933,-1,999,-1,5445128624,2018-05-31 00:13:02,889
0,31-MAY-18,-1,-1,34969900,-765037083,-1,-1,-1,5445128629,2018-05-31 00:13:02,893
0,31-MAY-18,-1,1,33592983,-765121050,-1,999,-1,5445128625,2018-05-31 00:13:02,98
0,31-MAY-18,-1,-1,34975083,-765022633,-1,-1,-1,5445128636,2018-05-31 00:13:03,177
0,31-MAY-18,-1,-1,34958667,-765053983,-1,999,-1,5445128643,2018-05-31 00:13:03,193
0,31-MAY-18,-1,-1,34279500,-764996583,-1,-1,-1,5445128633,2018-05-31 00:13:03,251
0,31-MAY-18,-1,-1,34048100,-764758050,-1,999,-1,5445128642,2018-05-31 00:13:03,272
0,31-MAY-18,-1,323,33589000,-765111450,-1,999,-1,5445128639,2018-05-31 00:13:03,51
0,31-MAY-18,-1,-1,34302500,-764747233,-1,-1,-1,5445128638,2018-05-31 00:13:03,759
0,31-MAY-18,-1,-1,33593683,-765116567,-1,-1,-1,5445128634,2018-05-31 00:13:03,836
0,31-MAY-18,-1,5862,33591467,-765121283,-1,999,-1,5445128637,2018-05-31 00:13:03,88
0,31-MAY-18,-1,-1,34043283,-764761217,-1,-1,-1,5445128640,2018-05-31 00:13:03,919
0,31-MAY-18,511033,6017,33583017,-765118250,641,3133,9855,5445128641,2018-05-31 00:13:03,95
0,31-MAY-18,-1,612,34304150,-764750200,-1,999,-1,5445128635,2018-05-31 00:13:03,983
0,31-MAY-18,-1,-1,33591250,-765113233,-1,-1,-1,5445128647,2018-05-31 00:13:04,1048
0,31-MAY-18,-1,216,34292433,-764748500,-1,999,-1,5445128650,2018-05-31 00:13:04,1111
0,31-MAY-18,519192,-1,34964483,-765057033,937,306,9982,5445128649,2018-05-31 00:13:04,198
0,31-MAY-18,514405,277,34046467,-764756800,455,347,9990,5445128648,2018-05-31 00:13:04,226
0,31-MAY-18,513258,29,34906083,-765112600,545,2121,1882,5445128651,2018-05-31 00:13:04,53
0,31-MAY-18,-1,1299,34295367,-764750933,-1,999,-1,5445128646,2018-05-31 00:13:04,771
0,31-MAY-18,-1,-1,34970300,-765036433,-1,-1,-1,5445128644,2018-05-31 00:13:04,813
0,31-MAY-18,-1,-1,34969100,-765038533,-1,-1,-1,5445128645,2018-05-31 00:13:04,815
0,31-MAY-18,513316,771,34879217,-764944967,215,553,9999,5445128652,2018-05-31 00:13:04,899
0,31-MAY-18,512003,32,34919167,-765142200,511,2121,1884,5445128664,2018-05-31 00:13:05,1078
0,31-MAY-18,-1,506,34303350,-764749567,-1,999,-1,5445128655,2018-05-31 00:13:05,1115
0,31-MAY-18,-1,8313,34953600,-765053767,-1,999,-1,5445128658,2018-05-31 00:13:05,1190
0,31-MAY-18,513029,31,34966367,-764878183,393,333,317,5445128657,2018-05-31 00:13:05,1210
0,31-MAY-18,-1,86,33593767,-765120883,-1,999,-1,5445128661,2018-05-31 00:13:05,24
0,31-MAY-18,-1,-1,34037283,-764754217,-1,-1,-1,5445128660,2018-05-31 00:13:05,289
0,31-MAY-18,-1,398,33595233,-765118050,-1,999,-1,5445128663,2018-05-31 00:13:05,382
0,31-MAY-18,-1,-1,34045700,-764758767,-1,-1,-1,5445128659,2018-05-31 00:13:05,555
0,31-MAY-18,-1,-1,34303400,-764749300,-1,999,-1,5445128656,2018-05-31 00:13:05,744
0,31-MAY-18,-1,-1,34968967,-765038850,-1,-1,-1,5445128662,2018-05-31 00:13:05,810
0,31-MAY-18,-1,-1,33585483,-765111300,-1,999,-1,5445128653,2018-05-31 00:13:05,855
0,31-MAY-18,-1,-1,34978617,-765019767,-1,-1,-1,5445128665,2018-05-31 00:13:05,901
0,31-MAY-18,514405,769,34036833,-764765433,-1,999,-1,5445128654,2018-05-31 00:13:05,937
0,31-MAY-18,512003,32,34919167,-765142200,511,2121,1884,5445128675,2018-05-31 00:13:06,1078
0,31-MAY-18,-1,5762,33593817,-765119200,-1,999,-1,5445128673,2018-05-31 00:13:06,1129
0,31-MAY-18,-1,-1,34973783,-765007883,-1,-1,-1,5445128676,2018-05-31 00:13:06,1173
0,31-MAY-18,-1,-1,34048100,-764758050,-1,999,-1,5445128674,2018-05-31 00:13:06,272
0,31-MAY-18,-1,-1,33598850,-765119150,-1,-1,-1,5445128671,2018-05-31 00:13:06,414
0,31-MAY-18,-1,2802,33594600,-765117600,-1,999,-1,5445128670,2018-05-31 00:13:06,42
0,31-MAY-18,-1,-1,34040750,-764756567,-1,-1,-1,5445128672,2018-05-31 00:13:06,624
0,31-MAY-18,515054,6990,34302700,-764749050,999,2524,728,5445128667,2018-05-31 00:13:06,792
0,31-MAY-18,-1,-1,34301317,-764747500,-1,-1,-1,5445128668,2018-05-31 00:13:06,802
0,31-MAY-18,-1,-1,33597933,-765119650,-1,-1,-1,5445128669,2018-05-31 00:13:06,83
0,31-MAY-18,-1,-1,33472767,-765240717,-1,999,-1,5445128666,2018-05-31 00:13:06,873
0,31-MAY-18,-1,12537,34298383,-764754533,-1,999,-1,5445128685,2018-05-31 00:13:07,1094
0,31-MAY-18,-1,507,34300733,-764748633,-1,999,-1,5445128679,2018-05-31 00:13:07,1113
0,31-MAY-18,513029,31,34965683,-764876900,393,333,317,5445128681,2018-05-31 00:13:07,1210
0,31-MAY-18,-1,-1,33587383,-765113283,314,3133,9886,5445128678,2018-05-31 00:13:07,123
0,31-MAY-18,-1,-1,33592500,-765118217,-1,999,-1,5445128680,2018-05-31 00:13:07,1233
0,31-MAY-18,-1,-1,34034900,-764761900,-1,-1,-1,5445128686,2018-05-31 00:13:07,259
0,31-MAY-18,500168,-1,34184167,-764684283,1167,3441,9949,5445128687,2018-05-31 00:13:07,260
0,31-MAY-18,-1,7798,34964300,-765055217,-1,999,-1,5445128677,2018-05-31 00:13:07,653
0,31-MAY-18,-1,-1,33591283,-765112200,-1,-1,-1,5445128683,2018-05-31 00:13:07,823
0,31-MAY-18,511204,-1,34434767,-765365717,611,3191,9892,5445128684,2018-05-31 00:13:07,900
0,31-MAY-18,-1,39,34045017,-764760167,874,3411,9990,5445128682,2018-05-31 00:13:07,928
0,31-MAY-18,-1,-1,33604583,-765122250,-1,-1,-1,5445128697,2018-05-31 00:13:08,1003
0,31-MAY-18,-1,-1,-1,-1,-1,-1,-1,5445128690,2018-05-31 00:13:08,1024
0,31-MAY-18,-1,-1,33591050,-765112317,-1,-1,-1,5445128688,2018-05-31 00:13:08,1144
0,31-MAY-18,517076,12939,34965017,-765077900,614,373,9980,5445128689,2018-05-31 00:13:08,186
0,31-MAY-18,-1,350,34034367,-764764017,188,1472,9759,5445128694,2018-05-31 00:13:08,219
0,31-MAY-18,-1,-1,34035383,-764761483,-1,-1,-1,5445128693,2018-05-31 00:13:08,221
0,31-MAY-18,-1,69,34032150,-764765617,560,347,9998,5445128692,2018-05-31 00:13:08,240
0,31-MAY-18,-1,-1,33590150,-765113067,-1,-1,-1,5445128691,2018-05-31 00:13:08,67
0,31-MAY-18,-1,-1,34970667,-765035550,-1,-1,-1,5445128695,2018-05-31 00:13:08,805
0,31-MAY-18,-1,-1,34969367,-765038200,-1,-1,-1,5445128696,2018-05-31 00:13:08,894
0,31-MAY-18,-1,6364,33583250,-765122883,-1,999,-1,5445128705,2018-05-31 00:13:09,1046
0,31-MAY-18,-1,3926,34290433,-764749017,-1,999,-1,5445128702,2018-05-31 00:13:09,1093
0,31-MAY-18,-1,897,34290083,-764748200,-1,999,-1,5445128704,2018-05-31 00:13:09,1110
0,31-MAY-18,-1,-1,33587750,-765120800,-1,999,-1,5445128706,2018-05-31 00:13:09,1161
0,31-MAY-18,-1,-1,33591933,-765120900,276,3122,9931,5445128699,2018-05-31 00:13:09,121
0,31-MAY-18,-1,-1,34979217,-765019117,-1,-1,-1,5445128707,2018-05-31 00:13:09,204
0,31-MAY-18,-1,-1,33599183,-765121717,-1,-1,-1,5445128698,2018-05-31 00:13:09,402
0,31-MAY-18,501850,14066,34293050,-764750367,-1,999,-1,5445128700,2018-05-31 00:13:09,45
0,31-MAY-18,513258,21,34905017,-765110350,545,2121,1882,5445128703,2018-05-31 00:13:09,53
0,31-MAY-18,-1,-1,34303467,-764754133,-1,999,-1,5445128701,2018-05-31 00:13:09,959
0,31-MAY-18,-1,63,34959467,-765054100,-1,999,-1,5445128711,2018-05-31 00:13:10,200
0,31-MAY-18,-1,461,33597683,-765120417,-1,999,-1,5445128714,2018-05-31 00:13:10,27
0,31-MAY-18,-1,253,33594583,-765115217,-1,999,-1,5445128709,2018-05-31 00:13:10,37
0,31-MAY-18,-1,-1,33600900,-765117750,-1,-1,-1,5445128712,2018-05-31 00:13:10,437
0,31-MAY-18,501703,12675,-1,-1,-1,-1,-1,5445128713,2018-05-31 00:13:10,706
0,31-MAY-18,502301,1281,33540933,-765233367,555,2121,2178,5445128708,2018-05-31 00:13:10,844
0,31-MAY-18,-1,-1,34294533,-764746300,-1,-1,-1,5445128710,2018-05-31 00:13:10,974
0,31-MAY-18,512003,12,34920433,-765146000,511,2121,1884,5445128717,2018-05-31 00:13:11,1078
0,31-MAY-18,512003,12,34920433,-765146000,511,2121,1884,5445128718,2018-05-31 00:13:11,1078
0,31-MAY-18,-1,-1,33600517,-765122017,-1,-1,-1,5445128715,2018-05-31 00:13:11,23
0,31-MAY-18,-1,616,34300200,-764746967,-1,999,-1,5445128716,2018-05-31 00:13:11,745
0,31-MAY-18,-1,2624,34952067,-765054700,-1,999,-1,5445128724,2018-05-31 00:13:12,1067
0,31-MAY-18,511059,-1,33703183,-765630717,116,3192,9990,5445128722,2018-05-31 00:13:12,119
0,31-MAY-18,513029,4,34964067,-764873817,393,333,317,5445128720,2018-05-31 00:13:12,1210
0,31-MAY-18,-1,-1,34041033,-764756350,-1,-1,-1,5445128726,2018-05-31 00:13:12,239
0,31-MAY-18,-1,880,33582833,-765116800,-1,999,-1,5445128723,2018-05-31 00:13:12,312
0,31-MAY-18,-1,-1,34045783,-764760917,-1,999,-1,5445128725,2018-05-31 00:13:12,618
0,31-MAY-18,-1,-1,34970233,-765031617,-1,-1,-1,5445128727,2018-05-31 00:13:12,637
0,31-MAY-18,-1,7757,33590233,-765111783,-1,999,-1,5445128719,2018-05-31 00:13:12,863
0,31-MAY-18,-1,-1,34046250,-764754800,-1,-1,-1,5445128721,2018-05-31 00:13:12,944
0,31-MAY-18,-1,2871,34953083,-765054350,-1,999,-1,5445128730,2018-05-31 00:13:13,1075
0,31-MAY-18,-1,126,34034717,-764763783,423,1571,9885,5445128728,2018-05-31 00:13:13,216
0,31-MAY-18,514069,148,34311350,-764782167,53,3442,645,5445128735,2018-05-31 00:13:13,274
0,31-MAY-18,-1,113,34294950,-764751317,-1,999,-1,5445128734,2018-05-31 00:13:13,767
0,31-MAY-18,-1,-1,34971083,-765034883,-1,-1,-1,5445128731,2018-05-31 00:13:13,809
0,31-MAY-18,-1,-1,34972867,-765006117,-1,-1,-1,5445128733,2018-05-31 00:13:13,820
0,31-MAY-18,514176,159,34254267,-764691933,622,3441,501,5445128729,2018-05-31 00:13:13,970
0,31-MAY-18,514485,7,34255317,-764691333,622,3441,501,5445128732,2018-05-31 00:13:13,970
0,31-MAY-18,519041,4447,34782467,-765175500,259,305,9992,5445128740,2018-05-31 00:13:14,1189
0,31-MAY-18,-1,-1,34959933,-765044067,-1,999,-1,5445128739,2018-05-31 00:13:14,1203
0,31-MAY-18,513029,43,34963383,-764872517,393,333,317,5445128737,2018-05-31 00:13:14,1210
0,31-MAY-18,-1,46,34961167,-765053433,-1,999,-1,5445128738,2018-05-31 00:13:14,181
0,31-MAY-18,-1,-1,34304533,-764750400,-1,999,-1,5445128741,2018-05-31 00:13:14,709
0,31-MAY-18,-1,6167,33586583,-765120333,-1,999,-1,5445128736,2018-05-31 00:13:14,850
0,31-MAY-18,-1,56,33585383,-765113467,-1,999,-1,5445128744,2018-05-31 00:13:15,1009
0,31-MAY-18,-1,-1,33584267,-765110667,-1,-1,-1,5445128746,2018-05-31 00:13:15,130
0,31-MAY-18,-1,-1,34970917,-765035250,-1,-1,-1,5445128747,2018-05-31 00:13:15,137
0,31-MAY-18,-1,434,34957683,-765046883,-1,999,-1,5445128743,2018-05-31 00:13:15,166
0,31-MAY-18,-1,-1,34034767,-764756300,-1,-1,-1,5445128748,2018-05-31 00:13:15,285
0,31-MAY-18,-1,-1,33586700,-765180633,-1,-1,-1,5445128745,2018-05-31 00:13:15,29
0,31-MAY-18,-1,5,34035367,-764763283,115,150,9948,5445128742,2018-05-31 00:13:15,551
0,31-MAY-18,-1,183,34291883,-764748750,-1,999,-1,5445128749,2018-05-31 00:13:15,775
0,31-MAY-18,-1,-1,34975150,-765022300,-1,-1,-1,5445128763,2018-05-31 00:13:16,1029
0,31-MAY-18,-1,-1,34300350,-764748400,-1,-1,-1,5445128761,2018-05-31 00:13:16,1095
0,31-MAY-18,-1,201,34290950,-764747733,-1,999,-1,5445128760,2018-05-31 00:13:16,1107
0,31-MAY-18,-1,236,33587900,-765114583,-1,999,-1,5445128759,2018-05-31 00:13:16,1135
0,31-MAY-18,-1,416,33587733,-765120417,-1,999,-1,5445128762,2018-05-31 00:13:16,125
0,31-MAY-18,514405,277,34046450,-764756800,455,347,9990,5445128756,2018-05-31 00:13:16,226
0,31-MAY-18,-1,181,33588017,-765114217,-1,999,-1,5445128757,2018-05-31 00:13:16,32
0,31-MAY-18,-1,499,34034633,-764761900,707,142,9964,5445128752,2018-05-31 00:13:16,616
0,31-MAY-18,-1,65,34048117,-764756650,-1,999,-1,5445128750,2018-05-31 00:13:16,700
0,31-MAY-18,-1,-1,34301917,-764746817,-1,-1,-1,5445128753,2018-05-31 00:13:16,760
0,31-MAY-18,-1,2247,34301483,-764747283,-1,999,-1,5445128758,2018-05-31 00:13:16,788
0,31-MAY-18,514056,5,34404917,-764790600,790,2841,300,5445128755,2018-05-31 00:13:16,789
0,31-MAY-18,-1,631,33588483,-765111283,-1,999,-1,5445128751,2018-05-31 00:13:16,828
0,31-MAY-18,514485,33,34259950,-764688683,622,3441,501,5445128754,2018-05-31 00:13:16,970
0,31-MAY-18,512003,8,34921650,-765150083,511,2121,1884,5445128774,2018-05-31 00:13:17,1078
0,31-MAY-18,511478,119,33787883,-765165317,228,3131,620,5445128765,2018-05-31 00:13:17,1130
0,31-MAY-18,-1,5,33586150,-765109667,-1,-1,-1,5445128769,2018-05-31 00:13:17,116
0,31-MAY-18,-1,486,34965667,-765035067,-1,999,-1,5445128772,2018-05-31 00:13:17,1172
0,31-MAY-18,-1,336,34958600,-765045100,-1,999,-1,5445128775,2018-05-31 00:13:17,1179
0,31-MAY-18,513029,43,34962383,-764870483,393,333,317,5445128768,2018-05-31 00:13:17,1210
0,31-MAY-18,-1,-1,34953833,-765052283,-1,999,-1,5445128773,2018-05-31 00:13:17,180
0,31-MAY-18,-1,2014,34051867,-764755017,-1,999,-1,5445128771,2018-05-31 00:13:17,227
0,31-MAY-18,-1,-1,34035333,-764758817,-1,-1,-1,5445128776,2018-05-31 00:13:17,241
0,31-MAY-18,-1,1765,34033867,-764759667,-1,999,-1,5445128766,2018-05-31 00:13:17,258
0,31-MAY-18,-1,19165,34298567,-764747000,-1,999,-1,5445128767,2018-05-31 00:13:17,749
0,31-MAY-18,-1,594,34299517,-764746217,-1,999,-1,5445128764,2018-05-31 00:13:17,797
0,31-MAY-18,-1,-1,34034367,-764762300,-1,999,-1,5445128770,2018-05-31 00:13:17,940
0,31-MAY-18,-1,-1,33603083,-765117750,-1,-1,-1,5445128786,2018-05-31 00:13:18,1002
0,31-MAY-18,511478,119,33787883,-765165317,228,3131,620,5445128779,2018-05-31 00:13:18,1130
0,31-MAY-18,511274,7341,33580467,-765237950,373,2211,9861,5445128777,2018-05-31 00:13:18,1139
0,31-MAY-18,511352,-1,33667633,-765287417,160,3122,9943,5445128778,2018-05-31 00:13:18,124
0,31-MAY-18,500058,-1,34144567,-764725883,62,376,9998,5445128782,2018-05-31 00:13:18,1262
0,31-MAY-18,500058,-1,34162117,-764756050,62,376,9998,5445128781,2018-05-31 00:13:18,1262
0,31-MAY-18,500058,-1,34176083,-764780500,62,376,9998,5445128780,2018-05-31 00:13:18,1262
0,31-MAY-18,-1,-1,34038233,-764753567,-1,-1,-1,5445128783,2018-05-31 00:13:18,288
0,31-MAY-18,-1,3363,34964200,-765036850,-1,999,-1,5445128784,2018-05-31 00:13:18,307
0,31-MAY-18,-1,-1,34955967,-765049667,-1,-1,-1,5445128785,2018-05-31 00:13:18,892
0,31-MAY-18,500101,12510,34294000,-764750533,-1,999,-1,5445128796,2018-05-31 00:13:19,1005
0,31-MAY-18,-1,170,34293817,-764749867,-1,999,-1,5445128798,2018-05-31 00:13:19,1103
0,31-MAY-18,-1,-1,33614567,-765101100,-1,-1,-1,5445128787,2018-05-31 00:13:19,126
0,31-MAY-18,-1,-1,34971317,-765028817,-1,-1,-1,5445128790,2018-05-31 00:13:19,303
0,31-MAY-18,-1,1755,34295567,-764752017,-1,999,-1,5445128800,2018-05-31 00:13:19,761
0,31-MAY-18,-1,-1,34297083,-764755433,-1,999,-1,5445128799,2018-05-31 00:13:19,765
0,31-MAY-18,-1,1182,34300750,-764747550,-1,999,-1,5445128789,2018-05-31 00:13:19,785
0,31-MAY-18,514056,32,34406350,-764792633,790,2841,300,5445128788,2018-05-31 00:13:19,789
0,31-MAY-18,-1,-1,33587117,-765115417,-1,-1,-1,5445128797,2018-05-31 00:13:19,81
0,31-MAY-18,-1,-1,33604500,-765119417,-1,-1,-1,5445128795,2018-05-31 00:13:19,832
0,31-MAY-18,-1,-1,34033900,-764766633,-1,999,-1,5445128791,2018-05-31 00:13:19,910
0,31-MAY-18,-1,196,34041550,-764763567,-1,999,-1,5445128792,2018-05-31 00:13:19,926
0,31-MAY-18,-1,-1,34038567,-764765083,-1,-1,-1,5445128794,2018-05-31 00:13:19,935
0,31-MAY-18,-1,471,34294300,-764745350,-1,999,-1,5445128793,2018-05-31 00:13:19,953
0,31-MAY-18,-1,-1,33584883,-765113200,-1,-1,-1,5445128803,2018-05-31 00:13:20,1159
0,31-MAY-18,-1,-1,-1,-1,-1,-1,-1,5445128805,2018-05-31 00:13:20,151
0,31-MAY-18,-1,-1,34963267,-765040133,-1,-1,-1,5445128808,2018-05-31 00:13:20,192
0,31-MAY-18,-1,-1,34970467,-765030850,-1,-1,-1,5445128809,2018-05-31 00:13:20,297
0,31-MAY-18,-1,-1,-1,-1,-1,-1,-1,5445128801,2018-05-31 00:13:20,388
0,31-MAY-18,513258,81,34901283,-765106317,545,2121,1882,5445128807,2018-05-31 00:13:20,53
0,31-MAY-18,514056,32,34406817,-764793267,790,2841,300,5445128806,2018-05-31 00:13:20,789
0,31-MAY-18,514486,-1,34263483,-764686617,622,3441,501,5445128802,2018-05-31 00:13:20,970
0,31-MAY-18,-1,22523,33591100,-765114133,-1,999,-1,5445128804,2018-05-31 00:13:20,991
0,31-MAY-18,-1,3745,33587883,-765111050,-1,999,-1,5445128817,2018-05-31 00:13:21,1008
0,31-MAY-18,-1,-1,34959450,-765042450,-1,-1,-1,5445128820,2018-05-31 00:13:21,1079
0,31-MAY-18,500153,7852,34293650,-764745083,-1,999,-1,5445128816,2018-05-31 00:13:21,1109
0,31-MAY-18,-1,13683,34959267,-765044867,-1,999,-1,5445128819,2018-05-31 00:13:21,203
0,31-MAY-18,514361,-1,34055100,-764756133,96,3442,9865,5445128811,2018-05-31 00:13:21,263
0,31-MAY-18,-1,15687,33590883,-765119283,-1,-1,-1,5445128815,2018-05-31 00:13:21,314
0,31-MAY-18,-1,403,33586500,-765110883,-1,999,-1,5445128818,2018-05-31 00:13:21,65
0,31-MAY-18,-1,-1,34293467,-764740250,-1,-1,-1,5445128813,2018-05-31 00:13:21,740
0,31-MAY-18,-1,4198,33589167,-765114350,-1,999,-1,5445128810,2018-05-31 00:13:21,856
0,31-MAY-18,-1,-1,34296667,-764746400,-1,999,-1,5445128814,2018-05-31 00:13:21,966
0,31-MAY-18,-1,202,33594367,-765113767,-1,999,-1,5445128812,2018-05-31 00:13:21,992
0,31-MAY-18,-1,719,33589400,-765114050,-1,999,-1,5445128825,2018-05-31 00:13:22,1033
0,31-MAY-18,-1,-1,34965200,-765035867,-1,-1,-1,5445128823,2018-05-31 00:13:22,1074
0,31-MAY-18,-1,-1,34960600,-765042833,-1,999,-1,5445128826,2018-05-31 00:13:22,1212
0,31-MAY-18,-1,1963,33586700,-765113417,-1,999,-1,5445128824,2018-05-31 00:13:22,1220
0,31-MAY-18,-1,3492,33594550,-765114867,-1,999,-1,5445128828,2018-05-31 00:13:22,128
0,31-MAY-18,-1,3700,34958967,-765045133,-1,999,-1,5445128829,2018-05-31 00:13:22,145
0,31-MAY-18,-1,1721,34969700,-765026133,-1,999,-1,5445128830,2018-05-31 00:13:22,190
0,31-MAY-18,500164,285,34438917,-764819450,904,3411,356,5445128822,2018-05-31 00:13:22,250
0,31-MAY-18,-1,-1,34304067,-764754667,-1,999,-1,5445128827,2018-05-31 00:13:22,725
0,31-MAY-18,-1,-1,34969800,-765032483,-1,-1,-1,5445128821,2018-05-31 00:13:22,9
0,31-MAY-18,503012,2520,34237367,-764854767,861,2842,433,5445128836,2018-05-31 00:13:23,1096
0,31-MAY-18,514245,1137,34519867,-764849900,1087,3452,9998,5445128833,2018-05-31 00:13:23,1263
0,31-MAY-18,-1,816,34911033,-764913700,896,3351,9996,5445128834,2018-05-31 00:13:23,202
0,31-MAY-18,-1,-1,34303733,-764748300,-1,-1,-1,5445128832,2018-05-31 00:13:23,757
0,31-MAY-18,514486,31,34267933,-764684167,622,3441,501,5445128831,2018-05-31 00:13:23,970
0,31-MAY-18,-1,168,34293283,-764749267,-1,999,-1,5445128835,2018-05-31 00:13:23,977
0,31-MAY-18,-1,-1,33594633,-765120733,-1,-1,-1,5445128837,2018-05-31 00:13:24,1007
0,31-MAY-18,-1,-1,34975350,-765021833,-1,-1,-1,5445128840,2018-05-31 00:13:24,1072
0,31-MAY-18,519192,-1,34964167,-765055617,937,306,9982,5445128842,2018-05-31 00:13:24,198
0,31-MAY-18,511059,14745,34205333,-765067800,580,3192,9996,5445128843,2018-05-31 00:13:24,281
0,31-MAY-18,502312,-1,33586467,-765175583,1091,3131,9942,5445128841,2018-05-31 00:13:24,29
0,31-MAY-18,514044,3,34224967,-764637933,618,2841,302,5445128839,2018-05-31 00:13:24,968
0,31-MAY-18,514486,31,34267933,-764684167,622,3441,501,5445128838,2018-05-31 00:13:24,970
0,31-MAY-18,-1,-1,34969783,-765037450,-1,-1,-1,5445128850,2018-05-31 00:13:25,1026
0,31-MAY-18,-1,110,34294283,-764750067,-1,999,-1,5445128848,2018-05-31 00:13:25,1112
0,31-MAY-18,-1,-1,33603367,-765118983,-1,-1,-1,5445128844,2018-05-31 00:13:25,389
0,31-MAY-18,-1,15211,34294633,-764750600,-1,999,-1,5445128846,2018-05-31 00:13:25,774
0,31-MAY-18,514056,13,34409333,-764796733,790,2841,300,5445128847,2018-05-31 00:13:25,789
0,31-MAY-18,504016,15803,33731333,-765412967,497,131,9921,5445128851,2018-05-31 00:13:25,837
0,31-MAY-18,-1,18128,34957417,-765047467,-1,999,-1,5445128849,2018-05-31 00:13:25,888
0,31-MAY-18,-1,1336,34041333,-764758783,-1,999,-1,5445128845,2018-05-31 00:13:25,932
0,31-MAY-18,-1,2341,34956717,-765047583,-1,999,-1,5445128854,2018-05-31 00:13:26,1068
0,31-MAY-18,500111,-1,34928900,-765090850,799,323,9998,5445128857,2018-05-31 00:13:26,1214
0,31-MAY-18,-1,-1,33587017,-765109983,-1,-1,-1,5445128852,2018-05-31 00:13:26,122
0,31-MAY-18,519281,10814,34977900,-765022383,-1,999,-1,5445128855,2018-05-31 00:13:26,188
0,31-MAY-18,-1,-1,34043900,-764761217,-1,-1,-1,5445128858,2018-05-31 00:13:26,238
0,31-MAY-18,500104,12460,34297533,-764752817,-1,999,-1,5445128853,2018-05-31 00:13:26,960
0,31-MAY-18,-1,132,34294933,-764751133,-1,999,-1,5445128856,2018-05-31 00:13:26,975
0,31-MAY-18,502302,-1,33670183,-765293433,986,3171,9988,5445128864,2018-05-31 00:13:27,1006
0,31-MAY-18,511441,-1,33592750,-765121450,657,3124,9881,5445128859,2018-05-31 00:13:27,103
0,31-MAY-18,-1,-1,34975517,-765021400,-1,-1,-1,5445128868,2018-05-31 00:13:27,1082
0,31-MAY-18,-1,-1,33603567,-765122500,-1,-1,-1,5445128866,2018-05-31 00:13:27,1120
0,31-MAY-18,-1,12518,33598767,-765119700,-1,999,-1,5445128861,2018-05-31 00:13:27,1138
0,31-MAY-18,-1,11607,33944000,-765236217,-1,999,-1,5445128867,2018-05-31 00:13:27,199
0,31-MAY-18,500100,-1,34899017,-765102767,545,2121,9894,5445128865,2018-05-31 00:13:27,53
0,31-MAY-18,-1,170,34289200,-764747067,-1,999,-1,5445128863,2018-05-31 00:13:27,717
0,31-MAY-18,-1,6,34301500,-764754767,-1,999,-1,5445128862,2018-05-31 00:13:27,764
0,31-MAY-18,-1,-1,34956800,-765049083,-1,999,-1,5445128860,2018-05-31 00:13:27,817
0,31-MAY-18,-1,-1,34035183,-764761717,-1,999,-1,5445128869,2018-05-31 00:13:27,924
0,31-MAY-18,-1,5462,33587117,-765110817,-1,999,-1,5445128871,2018-05-31 00:13:28,1154
0,31-MAY-18,502304,14239,34289133,-764747567,-1,999,-1,5445128874,2018-05-31 00:13:28,746
0,31-MAY-18,-1,5814,34034967,-764759033,-1,999,-1,5445128873,2018-05-31 00:13:28,936
0,31-MAY-18,514466,330,34227100,-764636850,618,2841,302,5445128870,2018-05-31 00:13:28,968
0,31-MAY-18,-1,-1,34299950,-764748317,-1,-1,-1,5445128872,2018-05-31 00:13:28,984
0,31-MAY-18,-1,5692,33587150,-765113617,-1,999,-1,5445128882,2018-05-31 00:13:29,1145
0,31-MAY-18,-1,-1,34960200,-765042550,-1,999,-1,5445128881,2018-05-31 00:13:29,1213
0,31-MAY-18,-1,840,34910533,-764914600,896,3351,9996,5445128877,2018-05-31 00:13:29,202
0,31-MAY-18,-1,-1,34300167,-764754983,-1,999,-1,5445128876,2018-05-31 00:13:29,739
0,31-MAY-18,-1,613,34297900,-764744667,-1,999,-1,5445128878,2018-05-31 00:13:29,743
0,31-MAY-18,-1,-1,34302117,-764746767,-1,-1,-1,5445128880,2018-05-31 00:13:29,772
0,31-MAY-18,-1,-1,33592917,-765118250,-1,999,-1,5445128879,2018-05-31 00:13:29,866
0,31-MAY-18,511251,-1,33667567,-765282450,598,3172,192,5445128875,2018-05-31 00:13:29,94
0,31-MAY-18,-1,-1,33602783,-765118433,-1,-1,-1,5445128885,2018-05-31 00:13:30,18
0,31-MAY-18,-1,-1,33599883,-765117517,-1,-1,-1,5445128884,2018-05-31 00:13:30,68
0,31-MAY-18,-1,3073,34047400,-764759533,-1,999,-1,5445128883,2018-05-31 00:13:30,949
0,31-MAY-18,-1,441,34294950,-764751867,-1,999,-1,5445128888,2018-05-31 00:13:31,1155
0,31-MAY-18,-1,413,34954417,-765050833,-1,999,-1,5445128896,2018-05-31 00:13:31,1178
0,31-MAY-18,-1,1865,34956183,-765048633,-1,999,-1,5445128897,2018-05-31 00:13:31,1192
0,31-MAY-18,-1,5660,34964850,-765060467,-1,999,-1,5445128898,2018-05-31 00:13:31,1193
0,31-MAY-18,-1,9420,34778017,-765173167,-1,999,-1,5445128887,2018-05-31 00:13:31,1202
0,31-MAY-18,-1,7785,34959450,-765053983,-1,999,-1,5445128893,2018-05-31 00:13:31,1211
0,31-MAY-18,-1,8480,34964550,-765065017,729,302,9982,5445128889,2018-05-31 00:13:31,210
0,31-MAY-18,-1,323,33588950,-765111400,-1,999,-1,5445128894,2018-05-31 00:13:31,51
0,31-MAY-18,-1,-1,34974683,-765023317,-1,-1,-1,5445128892,2018-05-31 00:13:31,642
0,31-MAY-18,-1,638,33592000,-765112083,-1,999,-1,5445128895,2018-05-31 00:13:31,829
0,31-MAY-18,-1,10127,34970667,-765035933,-1,999,-1,5445128890,2018-05-31 00:13:31,889
0,31-MAY-18,-1,1,33592917,-765121000,-1,999,-1,5445128891,2018-05-31 00:13:31,98
0,31-MAY-18,-1,612,34304083,-764750183,-1,999,-1,5445128886,2018-05-31 00:13:31,983
0,31-MAY-18,-1,-1,34968817,-765034183,-1,-1,-1,5445128903,2018-05-31 00:13:32,1061
0,31-MAY-18,-1,-1,33591917,-765113250,-1,-1,-1,5445128899,2018-05-31 00:13:32,1124
0,31-MAY-18,-1,-1,34963217,-765037867,-1,-1,-1,5445128901,2018-05-31 00:13:32,1180
0,31-MAY-18,-1,221,33579350,-765124133,-1,999,-1,5445128905,2018-05-31 00:13:32,54
0,31-MAY-18,-1,598,34301150,-764745950,-1,999,-1,5445128902,2018-05-31 00:13:32,747
0,31-MAY-18,-1,5862,33591467,-765121267,-1,999,-1,5445128900,2018-05-31 00:13:32,88
0,31-MAY-18,511033,6030,33583000,-765117383,641,3133,9855,5445128904,2018-05-31 00:13:32,95
0,31-MAY-18,-1,216,34292417,-764748500,-1,999,-1,5445128913,2018-05-31 00:13:33,1111
0,31-MAY-18,-1,-1,33606533,-765123167,-1,-1,-1,5445128911,2018-05-31 00:13:33,56
0,31-MAY-18,-1,-1,33606533,-765123200,-1,-1,-1,5445128910,2018-05-31 00:13:33,56
0,31-MAY-18,-1,-1,33606533,-765123217,-1,-1,-1,5445128909,2018-05-31 00:13:33,56
0,31-MAY-18,-1,1299,34295383,-764750950,-1,999,-1,5445128907,2018-05-31 00:13:33,771
0,31-MAY-18,-1,-1,34968533,-765037600,-1,-1,-1,5445128906,2018-05-31 00:13:33,882
0,31-MAY-18,-1,-1,34969900,-765037067,-1,-1,-1,5445128912,2018-05-31 00:13:33,893
0,31-MAY-18,513316,1328,34865983,-764962267,215,553,9999,5445128914,2018-05-31 00:13:33,899
0,31-MAY-18,514405,769,34036833,-764765433,-1,999,-1,5445128908,2018-05-31 00:13:33,937
0,31-MAY-18,-1,506,34303350,-764749550,-1,999,-1,5445128917,2018-05-31 00:13:34,1115
0,31-MAY-18,-1,-1,34975067,-765022617,-1,-1,-1,5445128922,2018-05-31 00:13:34,177
0,31-MAY-18,-1,-1,34953200,-765055767,-1,999,-1,5445128925,2018-05-31 00:13:34,193
0,31-MAY-18,513245,-1,34910483,-764914400,896,3351,9996,5445128921,2018-05-31 00:13:34,202
0,31-MAY-18,-1,86,33593750,-765120883,-1,999,-1,5445128923,2018-05-31 00:13:34,24
0,31-MAY-18,-1,-1,34279000,-764995817,-1,-1,-1,5445128918,2018-05-31 00:13:34,251
0,31-MAY-18,-1,398,33595233,-765118050,-1,999,-1,5445128924,2018-05-31 00:13:34,382
0,31-MAY-18,-1,-1,34303150,-764749133,-1,999,-1,5445128915,2018-05-31 00:13:34,744
0,31-MAY-18,-1,-1,34302500,-764747233,-1,-1,-1,5445128916,2018-05-31 00:13:34,759
0,31-MAY-18,-1,-1,33593683,-765116567,-1,-1,-1,5445128920,2018-05-31 00:13:34,836
0,31-MAY-18,514044,31,34229900,-764636100,618,2841,302,5445128919,2018-05-31 00:13:34,968
0,31-MAY-18,-1,-1,33603033,-765117917,-1,-1,-1,5445128926,2018-05-31 00:13:35,1002
0,31-MAY-18,-1,-1,33591250,-765113233,-1,-1,-1,5445128928,2018-05-31 00:13:35,1048
0,31-MAY-18,-1,5762,33593800,-765119183,-1,999,-1,5445128934,2018-05-31 00:13:35,1129
0,31-MAY-18,511230,-1,33772250,-765165483,228,3131,620,5445128930,2018-05-31 00:13:35,1130
0,31-MAY-18,-1,2802,33594617,-765117617,-1,999,-1,5445128932,2018-05-31 00:13:35,42
0,31-MAY-18,-1,-1,34045683,-764758733,-1,-1,-1,5445128929,2018-05-31 00:13:35,555
0,31-MAY-18,515054,6990,34302633,-764749217,999,2524,728,5445128931,2018-05-31 00:13:35,792
0,31-MAY-18,-1,-1,34970300,-765036400,-1,-1,-1,5445128927,2018-05-31 00:13:35,813
0,31-MAY-18,-1,-1,33506267,-765234967,-1,999,-1,5445128933,2018-05-31 00:13:35,873
0,31-MAY-18,-1,-1,34042767,-764760933,-1,-1,-1,5445128935,2018-05-31 00:13:35,919
0,31-MAY-18,-1,507,34300733,-764748583,-1,999,-1,5445128936,2018-05-31 00:13:36,1113
0,31-MAY-18,-1,-1,33587383,-765113300,314,3133,9886,5445128939,2018-05-31 00:13:36,123
0,31-MAY-18,-1,-1,33592500,-765118183,-1,999,-1,5445128941,2018-05-31 00:13:36,1233
0,31-MAY-18,-1,-1,34048083,-764758050,-1,999,-1,5445128943,2018-05-31 00:13:36,272
0,31-MAY-18,-1,-1,34037267,-764754200,-1,-1,-1,5445128937,2018-05-31 00:13:36,289
0,31-MAY-18,-1,7831,34962417,-765053150,-1,999,-1,5445128938,2018-05-31 00:13:36,653
0,31-MAY-18,-1,-1,34969100,-765038550,-1,-1,-1,5445128940,2018-05-31 00:13:36,815
0,31-MAY-18,511441,-1,33686950,-765556417,12,3124,9948,5445128942,2018-05-31 00:13:36,876
0,31-MAY-18,511204,-1,34470817,-765365483,611,3191,9892,5445128944,2018-05-31 00:13:36,900
0,31-MAY-18,-1,-1,34978600,-765019817,-1,-1,-1,5445128945,2018-05-31 00:13:36,901
0,31-MAY-18,513259,-1,34925617,-765162883,511,2121,1884,5445128954,2018-05-31 00:13:37,1078
0,31-MAY-18,-1,12561,34297617,-764753617,-1,999,-1,5445128953,2018-05-31 00:13:37,1094
0,31-MAY-18,-1,-1,33588317,-765120033,-1,999,-1,5445128952,2018-05-31 00:13:37,1161
0,31-MAY-18,-1,-1,33598817,-765119083,-1,-1,-1,5445128949,2018-05-31 00:13:37,414
0,31-MAY-18,501850,14066,34293050,-764750350,-1,999,-1,5445128947,2018-05-31 00:13:37,45
0,31-MAY-18,-1,-1,34040750,-764756567,-1,-1,-1,5445128950,2018-05-31 00:13:37,624
0,31-MAY-18,-1,-1,34301300,-764747667,-1,-1,-1,5445128948,2018-05-31 00:13:37,802
0,31-MAY-18,-1,-1,33603950,-765119733,-1,-1,-1,5445128946,2018-05-31 00:13:37,83
0,31-MAY-18,-1,-1,34299450,-764754600,-1,999,-1,5445128951,2018-05-31 00:13:37,959
0,31-MAY-18,-1,6364,33583233,-765123183,-1,999,-1,5445128957,2018-05-31 00:13:38,1046
0,31-MAY-18,-1,3926,34290467,-764749033,-1,999,-1,5445128956,2018-05-31 00:13:38,1093
0,31-MAY-18,-1,-1,34973767,-765007867,-1,-1,-1,5445128960,2018-05-31 00:13:38,1173
0,31-MAY-18,-1,-1,34034917,-764761883,-1,-1,-1,5445128958,2018-05-31 00:13:38,259
0,31-MAY-18,-1,-1,33591300,-765112200,-1,-1,-1,5445128959,2018-05-31 00:13:38,823
0,31-MAY-18,-1,-1,33585500,-765111367,-1,999,-1,5445128955,2018-05-31 00:13:38,855
0,31-MAY-18,-1,-1,33604583,-765122233,-1,-1,-1,5445128971,2018-05-31 00:13:39,1003
0,31-MAY-18,-1,-1,34290850,-764739717,-1,999,-1,5445128965,2018-05-31 00:13:39,1108
0,31-MAY-18,-1,897,34290083,-764748183,-1,999,-1,5445128967,2018-05-31 00:13:39,1110
0,31-MAY-18,-1,-1,33591033,-765112317,-1,-1,-1,5445128961,2018-05-31 00:13:39,1144
0,31-MAY-18,-1,350,34034367,-764764017,188,1472,9759,5445128969,2018-05-31 00:13:39,219
0,31-MAY-18,-1,-1,34035383,-764761500,-1,-1,-1,5445128964,2018-05-31 00:13:39,221
0,31-MAY-18,-1,461,33597667,-765120417,-1,999,-1,5445128970,2018-05-31 00:13:39,27
0,31-MAY-18,-1,253,33594583,-765115200,-1,999,-1,5445128962,2018-05-31 00:13:39,37
0,31-MAY-18,-1,-1,33590167,-765113067,-1,-1,-1,5445128963,2018-05-31 00:13:39,67
0,31-MAY-18,501703,12675,-1,-1,-1,-1,-1,5445128968,2018-05-31 00:13:39,706
0,31-MAY-18,-1,-1,34969367,-765038217,-1,-1,-1,5445128972,2018-05-31 00:13:39,894
0,31-MAY-18,-1,39,34045000,-764760183,874,3411,9990,5445128966,2018-05-31 00:13:39,928
0,31-MAY-18,-1,-1,-1,-1,-1,-1,-1,5445128976,2018-05-31 00:13:40,1024
0,31-MAY-18,511230,31,33767783,-765165517,228,3131,620,5445128975,2018-05-31 00:13:40,1130
0,31-MAY-18,511059,-1,33685983,-765622950,116,3192,9990,5445128974,2018-05-31 00:13:40,119
0,31-MAY-18,-1,-1,33591967,-765120917,276,3122,9931,5445128973,2018-05-31 00:13:40,121
0,31-MAY-18,-1,-1,34979183,-765019133,-1,-1,-1,5445128982,2018-05-31 00:13:40,204
0,31-MAY-18,-1,69,34032167,-764765600,560,347,9998,5445128979,2018-05-31 00:13:40,240
0,31-MAY-18,-1,-1,33599183,-765121683,-1,-1,-1,5445128977,2018-05-31 00:13:40,402
0,31-MAY-18,-1,616,34300200,-764746933,-1,999,-1,5445128981,2018-05-31 00:13:40,745
0,31-MAY-18,-1,-1,34968950,-765038850,-1,-1,-1,5445128980,2018-05-31 00:13:40,810
0,31-MAY-18,502301,1613,33511067,-765234783,555,2121,2178,5445128978,2018-05-31 00:13:40,844
0,31-MAY-18,-1,2656,34954367,-765051900,-1,999,-1,5445128987,2018-05-31 00:13:41,1067
0,31-MAY-18,513259,32,34926383,-765165467,511,2121,1884,5445128988,2018-05-31 00:13:41,1078
0,31-MAY-18,-1,12561,34297617,-764753550,-1,999,-1,5445128989,2018-05-31 00:13:41,1094
0,31-MAY-18,-1,71,34958650,-765054183,-1,999,-1,5445128983,2018-05-31 00:13:41,200
0,31-MAY-18,-1,-1,33600900,-765117767,-1,-1,-1,5445128986,2018-05-31 00:13:41,437
0,31-MAY-18,-1,7757,33590233,-765111750,-1,999,-1,5445128984,2018-05-31 00:13:41,863
0,31-MAY-18,-1,-1,34295500,-764745233,-1,-1,-1,5445128985,2018-05-31 00:13:41,974
0,31-MAY-18,513259,32,34926567,-765166067,511,2121,1884,5445128993,2018-05-31 00:13:42,1078
0,31-MAY-18,519192,-1,34964183,-765055567,937,306,9982,5445128991,2018-05-31 00:13:42,198
0,31-MAY-18,-1,-1,33600533,-765122000,-1,-1,-1,5445128990,2018-05-31 00:13:42,23
0,31-MAY-18,-1,113,34294950,-764751300,-1,999,-1,5445128992,2018-05-31 00:13:42,767
0,31-MAY-18,-1,-1,34960233,-765043850,-1,999,-1,5445128998,2018-05-31 00:13:43,1203
0,31-MAY-18,-1,434,34957550,-765046950,-1,999,-1,5445128996,2018-05-31 00:13:43,166
0,31-MAY-18,514405,277,34046450,-764756817,455,347,9990,5445128995,2018-05-31 00:13:43,226
0,31-MAY-18,-1,-1,34041033,-764756300,-1,-1,-1,5445129000,2018-05-31 00:13:43,239
0,31-MAY-18,-1,-1,34970233,-765031633,-1,-1,-1,5445129001,2018-05-31 00:13:43,637
0,31-MAY-18,-1,-1,34304533,-764750383,-1,999,-1,5445128999,2018-05-31 00:13:43,709
0,31-MAY-18,-1,-1,34046250,-764754817,-1,-1,-1,5445128997,2018-05-31 00:13:43,944
0,31-MAY-18,514044,39,34233567,-764635867,618,2841,302,5445128994,2018-05-31 00:13:43,968
0,31-MAY-18,-1,2871,34953083,-765054333,-1,999,-1,5445129003,2018-05-31 00:13:44,1075
0,31-MAY-18,519041,4447,34781833,-765175567,259,305,9992,5445129009,2018-05-31 00:13:44,1189
0,31-MAY-18,-1,126,34034733,-764763783,423,1571,9885,5445129007,2018-05-31 00:13:44,216
0,31-MAY-18,-1,910,33584067,-765114750,-1,999,-1,5445129008,2018-05-31 00:13:44,312
0,31-MAY-18,-1,183,34291900,-764748750,-1,999,-1,5445129011,2018-05-31 00:13:44,775
0,31-MAY-18,-1,-1,34970700,-765035567,-1,-1,-1,5445129010,2018-05-31 00:13:44,805
0,31-MAY-18,-1,-1,34971083,-765034883,-1,-1,-1,5445129002,2018-05-31 00:13:44,809
0,31-MAY-18,-1,-1,34972867,-765006133,-1,-1,-1,5445129005,2018-05-31 00:13:44,820
0,31-MAY-18,-1,6167,33586533,-765120300,-1,999,-1,5445129004,2018-05-31 00:13:44,850
0,31-MAY-18,514487,-1,34277300,-764671933,622,3441,501,5445129006,2018-05-31 00:13:44,970
0,31-MAY-18,-1,201,34290967,-764747817,-1,999,-1,5445129021,2018-05-31 00:13:45,1107
0,31-MAY-18,-1,236,33587883,-765114567,-1,999,-1,5445129020,2018-05-31 00:13:45,1135
0,31-MAY-18,-1,416,33587767,-765120450,-1,999,-1,5445129022,2018-05-31 00:13:45,125
0,31-MAY-18,-1,56,34960350,-765053767,-1,999,-1,5445129015,2018-05-31 00:13:45,181
0,31-MAY-18,-1,13064,34964550,-765066383,-1,999,-1,5445129016,2018-05-31 00:13:45,186
0,31-MAY-18,-1,-1,33586900,-765111517,-1,999,-1,5445129012,2018-05-31 00:13:45,26
0,31-MAY-18,514069,301,34299533,-764778033,53,3442,645,5445129023,2018-05-31 00:13:45,274
0,31-MAY-18,-1,181,33588000,-765114217,-1,999,-1,5445129014,2018-05-31 00:13:45,32
0,31-MAY-18,-1,65,34048100,-764756667,-1,999,-1,5445129013,2018-05-31 00:13:45,700
0,31-MAY-18,-1,19165,34298633,-764746967,-1,999,-1,5445129017,2018-05-31 00:13:45,749
0,31-MAY-18,-1,2247,34301317,-764747250,-1,999,-1,5445129019,2018-05-31 00:13:45,788
0,31-MAY-18,-1,631,33588500,-765111283,-1,999,-1,5445129018,2018-05-31 00:13:45,828
0,31-MAY-18,-1,89,33585967,-765110833,-1,999,-1,5445129030,2018-05-31 00:13:46,1009
0,31-MAY-18,-1,-1,34901650,-765045550,-1,-1,-1,5445129036,2018-05-31 00:13:46,1053
0,31-MAY-18,-1,5,33586150,-765109667,-1,-1,-1,5445129035,2018-05-31 00:13:46,116
0,31-MAY-18,-1,496,34965933,-765034583,-1,999,-1,5445129032,2018-05-31 00:13:46,1172
0,31-MAY-18,-1,336,34958683,-765045233,-1,999,-1,5445129038,2018-05-31 00:13:46,1179
0,31-MAY-18,513029,226,34950367,-764856983,393,333,317,5445129028,2018-05-31 00:13:46,1210
0,31-MAY-18,-1,-1,34970917,-765035250,-1,-1,-1,5445129034,2018-05-31 00:13:46,137
0,31-MAY-18,-1,-1,34953850,-765052267,-1,999,-1,5445129037,2018-05-31 00:13:46,180
0,31-MAY-18,-1,2014,34051817,-764755217,-1,999,-1,5445129031,2018-05-31 00:13:46,227
0,31-MAY-18,-1,1765,34033883,-764759667,-1,999,-1,5445129025,2018-05-31 00:13:46,258
0,31-MAY-18,-1,-1,34034767,-764756267,-1,-1,-1,5445129039,2018-05-31 00:13:46,285
0,31-MAY-18,-1,5,34035367,-764763267,115,150,9948,5445129024,2018-05-31 00:13:46,551
0,31-MAY-18,-1,499,34034617,-764761900,707,142,9964,5445129026,2018-05-31 00:13:46,616
0,31-MAY-18,-1,594,34299500,-764746250,-1,999,-1,5445129029,2018-05-31 00:13:46,797
0,31-MAY-18,-1,-1,34034367,-764762283,-1,999,-1,5445129033,2018-05-31 00:13:46,940
0,31-MAY-18,514487,31,34278650,-764670117,622,3441,501,5445129027,2018-05-31 00:13:46,970
0,31-MAY-18,-1,-1,34300333,-764748400,-1,-1,-1,5445129046,2018-05-31 00:13:47,1095
0,31-MAY-18,511274,7582,33589267,-765223200,373,2211,9861,5445129043,2018-05-31 00:13:47,1139
0,31-MAY-18,511352,-1,33649417,-765252833,160,3122,9943,5445129042,2018-05-31 00:13:47,124
0,31-MAY-18,-1,-1,33584267,-765110667,-1,-1,-1,5445129045,2018-05-31 00:13:47,130
0,31-MAY-18,-1,3367,34964650,-765036533,-1,999,-1,5445129048,2018-05-31 00:13:47,307
0,31-MAY-18,-1,-1,34042417,-764762750,-1,999,-1,5445129049,2018-05-31 00:13:47,618
0,31-MAY-18,-1,-1,34302050,-764747033,-1,-1,-1,5445129041,2018-05-31 00:13:47,760
0,31-MAY-18,-1,-1,34033717,-764766283,-1,999,-1,5445129044,2018-05-31 00:13:47,910
0,31-MAY-18,-1,196,34041600,-764763450,-1,999,-1,5445129047,2018-05-31 00:13:47,926
0,31-MAY-18,514487,31,34279333,-764669233,622,3441,501,5445129040,2018-05-31 00:13:47,970
0,31-MAY-18,500101,12510,34293983,-764750517,-1,999,-1,5445129052,2018-05-31 00:13:48,1005
0,31-MAY-18,513259,3,34927583,-765169450,511,2121,1884,5445129053,2018-05-31 00:13:48,1078
0,31-MAY-18,-1,177,34293117,-764749283,-1,999,-1,5445129054,2018-05-31 00:13:48,1103
0,31-MAY-18,-1,1755,34295583,-764752017,-1,999,-1,5445129056,2018-05-31 00:13:48,761
0,31-MAY-18,-1,-1,34297033,-764755400,-1,999,-1,5445129055,2018-05-31 00:13:48,765
0,31-MAY-18,-1,1182,34300767,-764747583,-1,999,-1,5445129050,2018-05-31 00:13:48,785
0,31-MAY-18,-1,471,34294333,-764745333,-1,999,-1,5445129051,2018-05-31 00:13:48,953
0,31-MAY-18,-1,3745,33587883,-765111050,-1,999,-1,5445129059,2018-05-31 00:13:49,1008
0,31-MAY-18,513259,3,34927767,-765169983,511,2121,1884,5445129060,2018-05-31 00:13:49,1078
0,31-MAY-18,-1,-1,34035333,-764758833,-1,-1,-1,5445129061,2018-05-31 00:13:49,241
0,31-MAY-18,-1,-1,34038233,-764753583,-1,-1,-1,5445129058,2018-05-31 00:13:49,288
0,31-MAY-18,-1,-1,34955900,-765049733,-1,-1,-1,5445129062,2018-05-31 00:13:49,892
0,31-MAY-18,-1,22523,33591100,-765114150,-1,999,-1,5445129057,2018-05-31 00:13:49,991
0,31-MAY-18,-1,719,33589400,-765114033,-1,999,-1,5445129065,2018-05-31 00:13:50,1033
0,31-MAY-18,500153,7852,34293650,-764745083,-1,999,-1,5445129073,2018-05-31 00:13:50,1109
0,31-MAY-18,513030,4,34947917,-764855267,393,333,317,5445129068,2018-05-31 00:13:50,1210
0,31-MAY-18,-1,-1,33615817,-765100417,-1,-1,-1,5445129070,2018-05-31 00:13:50,126
0,31-MAY-18,-1,-1,-1,-1,-1,-1,-1,5445129069,2018-05-31 00:13:50,151
0,31-MAY-18,-1,13087,34964450,-765064300,-1,999,-1,5445129071,2018-05-31 00:13:50,186
0,31-MAY-18,-1,13683,34959267,-765044867,-1,999,-1,5445129077,2018-05-31 00:13:50,203
0,31-MAY-18,-1,-1,34971383,-765028917,-1,-1,-1,5445129072,2018-05-31 00:13:50,303
0,31-MAY-18,-1,15687,33590983,-765119250,-1,-1,-1,5445129066,2018-05-31 00:13:50,314
0,31-MAY-18,-1,403,33586500,-765110883,-1,999,-1,5445129075,2018-05-31 00:13:50,65
0,31-MAY-18,-1,-1,33587133,-765115417,-1,-1,-1,5445129078,2018-05-31 00:13:50,81
0,31-MAY-18,-1,-1,33604500,-765119383,-1,-1,-1,5445129076,2018-05-31 00:13:50,832
0,31-MAY-18,-1,4198,33589200,-765114333,-1,999,-1,5445129064,2018-05-31 00:13:50,856
0,31-MAY-18,-1,-1,34038583,-764765067,-1,-1,-1,5445129074,2018-05-31 00:13:50,935
0,31-MAY-18,-1,-1,34296617,-764746267,-1,999,-1,5445129067,2018-05-31 00:13:50,966
0,31-MAY-18,-1,202,33594367,-765113750,-1,999,-1,5445129063,2018-05-31 00:13:50,992
0,31-MAY-18,-1,-1,33594633,-765120733,-1,-1,-1,5445129079,2018-05-31 00:13:51,1007
0,31-MAY-18,-1,-1,33584867,-765113233,-1,-1,-1,5445129084,2018-05-31 00:13:51,1159
0,31-MAY-18,-1,-1,34960633,-765042817,-1,999,-1,5445129085,2018-05-31 00:13:51,1212
0,31-MAY-18,-1,1963,33586683,-765113367,-1,999,-1,5445129083,2018-05-31 00:13:51,1220
0,31-MAY-18,-1,3700,34958983,-765045117,-1,999,-1,5445129087,2018-05-31 00:13:51,145
0,31-MAY-18,-1,1864,34977467,-765015100,-1,999,-1,5445129086,2018-05-31 00:13:51,190
0,31-MAY-18,-1,-1,34963250,-765040133,-1,-1,-1,5445129091,2018-05-31 00:13:51,192
0,31-MAY-18,500164,285,34438967,-764819500,904,3411,356,5445129082,2018-05-31 00:13:51,250
0,31-MAY-18,-1,-1,34970483,-765030850,-1,-1,-1,5445129090,2018-05-31 00:13:51,297
0,31-MAY-18,-1,-1,-1,-1,-1,-1,-1,5445129080,2018-05-31 00:13:51,388
0,31-MAY-18,-1,-1,-1,-1,-1,999,-1,5445129088,2018-05-31 00:13:51,725
0,31-MAY-18,514487,21,34281533,-764666233,622,3441,501,5445129081,2018-05-31 00:13:51,970
0,31-MAY-18,-1,168,34293433,-764749117,-1,999,-1,5445129089,2018-05-31 00:13:51,977
0,31-MAY-18,500058,-1,34122050,-764718200,62,376,9998,5445129095,2018-05-31 00:13:52,1262
0,31-MAY-18,514245,1427,34510983,-764831367,1087,3452,9998,5445129094,2018-05-31 00:13:52,1263
0,31-MAY-18,-1,3492,33594483,-765114817,-1,999,-1,5445129096,2018-05-31 00:13:52,128
0,31-MAY-18,-1,-1,34293467,-764740233,-1,-1,-1,5445129093,2018-05-31 00:13:52,740
0,31-MAY-18,514487,21,34281533,-764666233,622,3441,501,5445129092,2018-05-31 00:13:52,970
0,31-MAY-18,-1,-1,34965267,-765035683,-1,-1,-1,5445129099,2018-05-31 00:13:53,1074
0,31-MAY-18,-1,-1,34959433,-765042600,-1,-1,-1,5445129097,2018-05-31 00:13:53,1079
0,31-MAY-18,511059,15305,34240967,-765030950,580,3192,9996,5445129101,2018-05-31 00:13:53,281
0,31-MAY-18,502312,-1,33585233,-765156817,1091,3131,9942,5445129100,2018-05-31 00:13:53,29
0,31-MAY-18,-1,-1,34969750,-765032367,-1,-1,-1,5445129098,2018-05-31 00:13:53,9
0,31-MAY-18,-1,-1,34303733,-764748300,-1,-1,-1,5445129102,2018-05-31 00:13:54,757
0,31-MAY-18,-1,15211,34294650,-764750667,-1,999,-1,5445129104,2018-05-31 00:13:54,774
0,31-MAY-18,504016,16156,33714100,-765380300,497,131,9921,5445129106,2018-05-31 00:13:54,837
0,31-MAY-18,-1,18128,34957417,-765047467,-1,999,-1,5445129105,2018-05-31 00:13:54,888
0,31-MAY-18,-1,1336,34041333,-764758733,-1,999,-1,5445129103,2018-05-31 00:13:54,932
0,31-MAY-18,-1,132,34294967,-764751117,-1,999,-1,5445129107,2018-05-31 00:13:54,975
0,31-MAY-18,503012,-1,34229517,-764837133,861,2842,9834,5445129108,2018-05-31 00:13:55,1096
0,31-MAY-18,-1,110,34294333,-764750100,-1,999,-1,5445129110,2018-05-31 00:13:55,1112
0,31-MAY-18,519281,10814,34978017,-765021817,-1,999,-1,5445129112,2018-05-31 00:13:55,188
0,31-MAY-18,514056,161,34416900,-764805167,790,2841,300,5445129109,2018-05-31 00:13:55,789
0,31-MAY-18,500104,12460,34297533,-764752800,-1,999,-1,5445129111,2018-05-31 00:13:55,960
0,31-MAY-18,502302,-1,33670200,-765293433,986,3171,9988,5445129120,2018-05-31 00:13:56,1006
0,31-MAY-18,-1,-1,34969767,-765037450,-1,-1,-1,5445129124,2018-05-31 00:13:56,1026
0,31-MAY-18,511441,-1,33592733,-765121433,657,3124,9881,5445129115,2018-05-31 00:13:56,103
0,31-MAY-18,-1,2341,34956700,-765047617,-1,999,-1,5445129119,2018-05-31 00:13:56,1068
0,31-MAY-18,-1,-1,34975367,-765021833,-1,-1,-1,5445129117,2018-05-31 00:13:56,1072
0,31-MAY-18,513259,22,34928883,-765173467,511,2121,1884,5445129121,2018-05-31 00:13:56,1078
0,31-MAY-18,-1,12518,33598750,-765119683,-1,999,-1,5445129114,2018-05-31 00:13:56,1138
0,31-MAY-18,500111,-1,34948867,-765084600,799,323,9998,5445129123,2018-05-31 00:13:56,1214
0,31-MAY-18,-1,12036,33983617,-765232183,-1,999,-1,5445129122,2018-05-31 00:13:56,199
0,31-MAY-18,-1,170,34289233,-764747067,-1,999,-1,5445129118,2018-05-31 00:13:56,717
0,31-MAY-18,-1,6,34301467,-764754783,-1,999,-1,5445129113,2018-05-31 00:13:56,764
0,31-MAY-18,-1,-1,34956800,-765049033,-1,999,-1,5445129116,2018-05-31 00:13:56,817
0,31-MAY-18,513259,22,34928883,-765173467,511,2121,1884,5445129131,2018-05-31 00:13:57,1078
0,31-MAY-18,-1,-1,34975533,-765021383,-1,-1,-1,5445129132,2018-05-31 00:13:57,1082
0,31-MAY-18,-1,5462,33587067,-765110700,-1,999,-1,5445129129,2018-05-31 00:13:57,1154
0,31-MAY-18,-1,-1,33587000,-765109967,-1,-1,-1,5445129126,2018-05-31 00:13:57,122
0,31-MAY-18,-1,-1,33603350,-765119000,-1,-1,-1,5445129127,2018-05-31 00:13:57,389
0,31-MAY-18,-1,-1,34035167,-764761700,-1,999,-1,5445129125,2018-05-31 00:13:57,924
0,31-MAY-18,-1,5814,34034950,-764759033,-1,999,-1,5445129130,2018-05-31 00:13:57,936
0,31-MAY-18,511251,-1,33667567,-765282417,598,3172,192,5445129128,2018-05-31 00:13:57,94
0,31-MAY-18,-1,-1,33603583,-765122500,-1,-1,-1,5445129139,2018-05-31 00:13:58,1120
0,31-MAY-18,-1,5692,33587133,-765113617,-1,999,-1,5445129141,2018-05-31 00:13:58,1145
0,31-MAY-18,-1,-1,34960183,-765042600,-1,999,-1,5445129140,2018-05-31 00:13:58,1213
0,31-MAY-18,-1,-1,34043933,-764761200,-1,-1,-1,5445129133,2018-05-31 00:13:58,238
0,31-MAY-18,500168,-1,34129267,-764714517,1167,3441,9949,5445129134,2018-05-31 00:13:58,260
0,31-MAY-18,500100,-1,34898800,-765088617,545,2121,9894,5445129138,2018-05-31 00:13:58,53
0,31-MAY-18,-1,-1,34300217,-764755033,-1,999,-1,5445129135,2018-05-31 00:13:58,739
0,31-MAY-18,-1,613,34297917,-764744667,-1,999,-1,5445129136,2018-05-31 00:13:58,743
0,31-MAY-18,502304,14239,34289117,-764747567,-1,999,-1,5445129142,2018-05-31 00:13:58,746
0,31-MAY-18,-1,-1,33592900,-765118250,-1,999,-1,5445129137,2018-05-31 00:13:58,866
0,31-MAY-18,513030,31,34943767,-764852217,393,333,317,5445129143,2018-05-31 00:13:59,1210
0,31-MAY-18,-1,-1,34299950,-764748233,-1,-1,-1,5445129144,2018-05-31 00:13:59,984
0,31-MAY-18,511230,199,33752200,-765165750,228,3131,620,5445129151,2018-05-31 00:14:00,1130
0,31-MAY-18,-1,441,34294917,-764751867,-1,999,-1,5445129150,2018-05-31 00:14:00,1155
0,31-MAY-18,-1,416,34954567,-765050533,-1,999,-1,5445129156,2018-05-31 00:14:00,1178
0,31-MAY-18,-1,1865,34956517,-765048517,-1,999,-1,5445129145,2018-05-31 00:14:00,1192
0,31-MAY-18,-1,9644,34794517,-765162883,-1,999,-1,5445129152,2018-05-31 00:14:00,1202
0,31-MAY-18,-1,8533,34964483,-765060650,729,302,9982,5445129149,2018-05-31 00:14:00,210
0,31-MAY-18,-1,323,33588933,-765111383,-1,999,-1,5445129155,2018-05-31 00:14:00,51
0,31-MAY-18,-1,-1,34302117,-764746750,-1,-1,-1,5445129157,2018-05-31 00:14:00,772
0,31-MAY-18,-1,638,33591983,-765112050,-1,999,-1,5445129154,2018-05-31 00:14:00,829
0,31-MAY-18,-1,10127,34970667,-765035950,-1,999,-1,5445129147,2018-05-31 00:14:00,889
0,31-MAY-18,-1,3073,34047467,-764759467,-1,999,-1,5445129148,2018-05-31 00:14:00,949
0,31-MAY-18,-1,1,33592850,-765120983,-1,999,-1,5445129146,2018-05-31 00:14:00,98
0,31-MAY-18,-1,612,34304083,-764750150,-1,999,-1,5445129153,2018-05-31 00:14:00,983
0,31-MAY-18,-1,7786,34959400,-765053950,-1,999,-1,5445129160,2018-05-31 00:14:01,1211
0,31-MAY-18,-1,221,33579350,-765124117,-1,999,-1,5445129158,2018-05-31 00:14:01,54
0,31-MAY-18,-1,-1,33600000,-765117483,-1,-1,-1,5445129159,2018-05-31 00:14:01,68
0,31-MAY-18,-1,598,34301167,-764745983,-1,999,-1,5445129161,2018-05-31 00:14:01,747
0,31-MAY-18,-1,5862,33591467,-765121250,-1,999,-1,5445129162,2018-05-31 00:14:01,88
0,31-MAY-18,511033,6044,33583267,-765115700,641,3133,9855,5445129163,2018-05-31 00:14:01,95
0,31-MAY-18,-1,216,34292417,-764748517,-1,999,-1,5445129167,2018-05-31 00:14:02,1111
0,31-MAY-18,514070,3,34291983,-764775250,53,3442,645,5445129164,2018-05-31 00:14:02,274
0,31-MAY-18,-1,-1,34974700,-765023317,-1,-1,-1,5445129165,2018-05-31 00:14:02,642
0,31-MAY-18,-1,1299,34295350,-764750917,-1,999,-1,5445129166,2018-05-31 00:14:02,771
0,31-MAY-18,513316,1802,34872867,-764987200,215,553,9999,5445129168,2018-05-31 00:14:02,899
0,31-MAY-18,-1,-1,34968833,-765034183,-1,-1,-1,5445129178,2018-05-31 00:14:03,1061
0,31-MAY-18,-1,506,34303350,-764749567,-1,999,-1,5445129174,2018-05-31 00:14:03,1115
0,31-MAY-18,-1,-1,33591933,-765113233,-1,-1,-1,5445129169,2018-05-31 00:14:03,1124
0,31-MAY-18,-1,-1,34963350,-765037583,-1,-1,-1,5445129171,2018-05-31 00:14:03,1180
0,31-MAY-18,-1,-1,33602767,-765118367,-1,-1,-1,5445129176,2018-05-31 00:14:03,18
0,31-MAY-18,513245,-1,34899867,-764928733,896,3351,9996,5445129175,2018-05-31 00:14:03,202
0,31-MAY-18,-1,86,33593750,-765120883,-1,999,-1,5445129172,2018-05-31 00:14:03,24
0,31-MAY-18,-1,398,33595250,-765118050,-1,999,-1,5445129179,2018-05-31 00:14:03,382
0,31-MAY-18,-1,2802,33594633,-765117683,-1,999,-1,5445129173,2018-05-31 00:14:03,42
0,31-MAY-18,-1,-1,34303083,-764749067,-1,999,-1,5445129177,2018-05-31 00:14:03,744
0,31-MAY-18,514405,769,34036850,-764765433,-1,999,-1,5445129170,2018-05-31 00:14:03,937
0,31-MAY-18,-1,5762,33593800,-765119167,-1,999,-1,5445129186,2018-05-31 00:14:04,1129
0,31-MAY-18,511416,-1,33750717,-765165783,228,3131,620,5445129184,2018-05-31 00:14:04,1130
0,31-MAY-18,-1,-1,33587383,-765113300,314,3133,9886,5445129183,2018-05-31 00:14:04,123
0,31-MAY-18,-1,-1,33606533,-765123133,-1,-1,-1,5445129185,2018-05-31 00:14:04,56
0,31-MAY-18,515054,6990,34302600,-764749133,999,2524,728,5445129182,2018-05-31 00:14:04,792
0,31-MAY-18,-1,-1,33545000,-765233783,-1,999,-1,5445129181,2018-05-31 00:14:04,873
0,31-MAY-18,-1,-1,34968533,-765037617,-1,-1,-1,5445129180,2018-05-31 00:14:04,882
0,31-MAY-18,511204,-1,34498533,-765375433,611,3191,9892,5445129187,2018-05-31 00:14:04,900
0,31-MAY-18,-1,507,34300767,-764748550,-1,999,-1,5445129190,2018-05-31 00:14:05,1113
0,31-MAY-18,-1,-1,34953817,-765082817,-1,999,-1,5445129196,2018-05-31 00:14:05,1214
0,31-MAY-18,-1,-1,33592500,-765118167,-1,999,-1,5445129193,2018-05-31 00:14:05,1233
0,31-MAY-18,-1,-1,34957800,-765046333,-1,999,-1,5445129188,2018-05-31 00:14:05,193
0,31-MAY-18,-1,-1,34279000,-764995817,-1,-1,-1,5445129189,2018-05-31 00:14:05,251
0,31-MAY-18,-1,7842,34961350,-765053350,-1,999,-1,5445129192,2018-05-31 00:14:05,653
0,31-MAY-18,-1,-1,34302483,-764747267,-1,-1,-1,5445129194,2018-05-31 00:14:05,759
0,31-MAY-18,-1,-1,33593683,-765116567,-1,-1,-1,5445129191,2018-05-31 00:14:05,836
0,31-MAY-18,-1,-1,34969900,-765037067,-1,-1,-1,5445129195,2018-05-31 00:14:05,893
0,31-MAY-18,-1,-1,33602917,-765118300,-1,-1,-1,5445129197,2018-05-31 00:14:06,1002
0,31-MAY-18,-1,-1,33591267,-765113250,-1,-1,-1,5445129203,2018-05-31 00:14:06,1048
0,31-MAY-18,-1,12561,34297550,-764753400,-1,999,-1,5445129207,2018-05-31 00:14:06,1094
0,31-MAY-18,511416,31,33746533,-765165667,228,3131,620,5445129200,2018-05-31 00:14:06,1130
0,31-MAY-18,-1,-1,33588617,-765119467,-1,999,-1,5445129206,2018-05-31 00:14:06,1161
0,31-MAY-18,-1,-1,34975067,-765022600,-1,-1,-1,5445129201,2018-05-31 00:14:06,177
0,31-MAY-18,501850,14066,34293050,-764750350,-1,999,-1,5445129199,2018-05-31 00:14:06,45
0,31-MAY-18,-1,-1,34045667,-764758717,-1,-1,-1,5445129202,2018-05-31 00:14:06,555
0,31-MAY-18,-1,-1,34969133,-765038583,-1,-1,-1,5445129198,2018-05-31 00:14:06,815
0,31-MAY-18,-1,-1,34043467,-764761733,-1,-1,-1,5445129205,2018-05-31 00:14:06,919
0,31-MAY-18,-1,-1,34299767,-764754500,-1,999,-1,5445129204,2018-05-31 00:14:06,959
0,31-MAY-18,-1,6364,33583183,-765123083,-1,999,-1,5445129216,2018-05-31 00:14:07,1046
0,31-MAY-18,-1,3926,34290500,-764749033,-1,999,-1,5445129214,2018-05-31 00:14:07,1093
0,31-MAY-18,-1,897,34290100,-764748167,-1,999,-1,5445129215,2018-05-31 00:14:07,1110
0,31-MAY-18,511416,31,33746533,-765165667,228,3131,620,5445129211,2018-05-31 00:14:07,1130
0,31-MAY-18,-1,5706,34964367,-765055767,-1,999,-1,5445129208,2018-05-31 00:14:07,1193
0,31-MAY-18,-1,-1,34037250,-764754167,-1,-1,-1,5445129213,2018-05-31 00:14:07,289
0,31-MAY-18,-1,253,33594567,-765115150,-1,999,-1,5445129212,2018-05-31 00:14:07,37
0,31-MAY-18,501703,12675,-1,-1,-1,-1,-1,5445129217,2018-05-31 00:14:07,706
0,31-MAY-18,-1,-1,34970300,-765036433,-1,-1,-1,5445129209,2018-05-31 00:14:07,813
0,31-MAY-18,-1,-1,33585533,-765111417,-1,999,-1,5445129210,2018-05-31 00:14:07,855
0,31-MAY-18,-1,461,33597683,-765120450,-1,999,-1,5445129223,2018-05-31 00:14:08,27
0,31-MAY-18,514070,-1,34290067,-764774583,53,3442,329,5445129218,2018-05-31 00:14:08,274
0,31-MAY-18,-1,-1,33598800,-765119033,-1,-1,-1,5445129221,2018-05-31 00:14:08,414
0,31-MAY-18,-1,-1,34042417,-764762733,-1,999,-1,5445129224,2018-05-31 00:14:08,618
0,31-MAY-18,-1,-1,34040767,-764756583,-1,-1,-1,5445129222,2018-05-31 00:14:08,624
0,31-MAY-18,-1,-1,34301333,-764747550,-1,-1,-1,5445129219,2018-05-31 00:14:08,802
0,31-MAY-18,-1,-1,33607267,-765121417,-1,-1,-1,5445129220,2018-05-31 00:14:08,83
0,31-MAY-18,-1,2656,34954383,-765051933,-1,999,-1,5445129227,2018-05-31 00:14:09,1067
0,31-MAY-18,511059,-1,33670983,-765608300,116,3192,9990,5445129225,2018-05-31 00:14:09,119
0,31-MAY-18,-1,-1,34956200,-765081883,-1,999,-1,5445129231,2018-05-31 00:14:09,1214
0,31-MAY-18,-1,-1,34034933,-764761900,-1,-1,-1,5445129230,2018-05-31 00:14:09,259
0,31-MAY-18,-1,616,34300217,-764746917,-1,999,-1,5445129226,2018-05-31 00:14:09,745
0,31-MAY-18,-1,-1,33591300,-765112183,-1,-1,-1,5445129229,2018-05-31 00:14:09,823
0,31-MAY-18,-1,39,34045000,-764760183,874,3411,9990,5445129228,2018-05-31 00:14:09,928
0,31-MAY-18,-1,-1,34973767,-765007850,-1,-1,-1,5445129232,2018-05-31 00:14:10,1173
0,31-MAY-18,-1,71,34958650,-765054100,-1,999,-1,5445129233,2018-05-31 00:14:10,200
0,31-MAY-18,-1,350,34034367,-764764017,188,1472,9759,5445129237,2018-05-31 00:14:10,219
0,31-MAY-18,-1,-1,34035400,-764761483,-1,-1,-1,5445129236,2018-05-31 00:14:10,221
0,31-MAY-18,-1,-1,33590167,-765113050,-1,-1,-1,5445129234,2018-05-31 00:14:10,67
0,31-MAY-18,-1,7757,33590217,-765111733,-1,999,-1,5445129235,2018-05-31 00:14:10,863
0,31-MAY-18,-1,-1,33604600,-765122250,-1,-1,-1,5445129238,2018-05-31 00:14:11,1003
0,31-MAY-18,-1,-1,-1,-1,-1,-1,-1,5445129240,2018-05-31 00:14:11,1024
0,31-MAY-18,-1,-1,33592000,-765120917,276,3122,9931,5445129242,2018-05-31 00:14:11,121
0,31-MAY-18,-1,69,34032150,-764765617,560,347,9998,5445129244,2018-05-31 00:14:11,240
0,31-MAY-18,-1,-1,33599200,-765121667,-1,-1,-1,5445129241,2018-05-31 00:14:11,402
0,31-MAY-18,-1,113,34294950,-764751300,-1,999,-1,5445129243,2018-05-31 00:14:11,767
0,31-MAY-18,-1,-1,34969367,-765038217,-1,-1,-1,5445129239,2018-05-31 00:14:11,894
0,31-MAY-18,-1,-1,33591033,-765112317,-1,-1,-1,5445129246,2018-05-31 00:14:12,1144
0,31-MAY-18,-1,-1,34962533,-765039133,-1,999,-1,5445129252,2018-05-31 00:14:12,1203
0,31-MAY-18,-1,434,34957200,-765047017,-1,999,-1,5445129250,2018-05-31 00:14:12,166
0,31-MAY-18,519192,-1,34962600,-765053800,937,306,9982,5445129253,2018-05-31 00:14:12,198
0,31-MAY-18,-1,-1,34979167,-765019150,-1,-1,-1,5445129245,2018-05-31 00:14:12,204
0,31-MAY-18,-1,-1,33600900,-765117767,-1,-1,-1,5445129251,2018-05-31 00:14:12,437
0,31-MAY-18,-1,-1,34304533,-764750350,-1,999,-1,5445129254,2018-05-31 00:14:12,709
0,31-MAY-18,502301,1965,33480567,-765240250,555,2121,2178,5445129247,2018-05-31 00:14:12,844
0,31-MAY-18,514044,284,34253917,-764634033,618,2841,302,5445129249,2018-05-31 00:14:12,968
0,31-MAY-18,-1,-1,34295283,-764745950,-1,-1,-1,5445129248,2018-05-31 00:14:12,974
0,31-MAY-18,-1,-1,33600550,-765122000,-1,-1,-1,5445129256,2018-05-31 00:14:13,23
0,31-MAY-18,-1,-1,34048050,-764758050,-1,999,-1,5445129259,2018-05-31 00:14:13,272
0,31-MAY-18,-1,924,33585183,-765114467,-1,999,-1,5445129258,2018-05-31 00:14:13,312
0,31-MAY-18,-1,2247,34301283,-764747283,-1,999,-1,5445129257,2018-05-31 00:14:13,788
0,31-MAY-18,-1,6167,33586500,-765120283,-1,999,-1,5445129255,2018-05-31 00:14:13,850
0,31-MAY-18,-1,201,34291000,-764747817,-1,999,-1,5445129266,2018-05-31 00:14:14,1107
0,31-MAY-18,-1,236,33587883,-765114533,-1,999,-1,5445129267,2018-05-31 00:14:14,1135
0,31-MAY-18,519041,4447,34781783,-765175617,259,305,9992,5445129269,2018-05-31 00:14:14,1189
0,31-MAY-18,-1,416,33587783,-765120500,-1,999,-1,5445129268,2018-05-31 00:14:14,125
0,31-MAY-18,-1,-1,34041050,-764756317,-1,-1,-1,5445129270,2018-05-31 00:14:14,239
0,31-MAY-18,-1,-1,33586900,-765111550,-1,999,-1,5445129261,2018-05-31 00:14:14,26
0,31-MAY-18,-1,181,33588000,-765114217,-1,999,-1,5445129262,2018-05-31 00:14:14,32
0,31-MAY-18,-1,19165,34298717,-764746967,-1,999,-1,5445129264,2018-05-31 00:14:14,749
0,31-MAY-18,-1,183,34291917,-764748750,-1,999,-1,5445129260,2018-05-31 00:14:14,775
0,31-MAY-18,-1,631,33588500,-765111283,-1,999,-1,5445129265,2018-05-31 00:14:14,828
0,31-MAY-18,-1,-1,34046250,-764754833,-1,-1,-1,5445129263,2018-05-31 00:14:14,944
0,31-MAY-18,-1,5,33586150,-765109667,-1,-1,-1,5445129281,2018-05-31 00:14:15,116
0,31-MAY-18,-1,509,34966667,-765033250,-1,999,-1,5445129283,2018-05-31 00:14:15,1172
0,31-MAY-18,-1,-1,34954050,-765051750,-1,999,-1,5445129284,2018-05-31 00:14:15,180
0,31-MAY-18,-1,56,34960350,-765053700,-1,999,-1,5445129277,2018-05-31 00:14:15,181
0,31-MAY-18,514405,277,34046433,-764756800,455,347,9990,5445129273,2018-05-31 00:14:15,226
0,31-MAY-18,-1,2015,34051833,-764755017,-1,999,-1,5445129279,2018-05-31 00:14:15,227
0,31-MAY-18,-1,1765,34033900,-764759667,-1,999,-1,5445129276,2018-05-31 00:14:15,258
0,31-MAY-18,514070,33,34287333,-764773600,53,3442,329,5445129272,2018-05-31 00:14:15,274
0,31-MAY-18,-1,-1,34970233,-765031617,-1,-1,-1,5445129271,2018-05-31 00:14:15,637
0,31-MAY-18,-1,594,34299500,-764746233,-1,999,-1,5445129274,2018-05-31 00:14:15,797
0,31-MAY-18,-1,-1,34970717,-765035567,-1,-1,-1,5445129285,2018-05-31 00:14:15,805
0,31-MAY-18,-1,-1,34971100,-765034867,-1,-1,-1,5445129278,2018-05-31 00:14:15,809
0,31-MAY-18,-1,-1,34968933,-765038850,-1,-1,-1,5445129282,2018-05-31 00:14:15,810
0,31-MAY-18,-1,-1,34972867,-765006150,-1,-1,-1,5445129275,2018-05-31 00:14:15,820
0,31-MAY-18,-1,-1,34034350,-764762267,-1,999,-1,5445129280,2018-05-31 00:14:15,940
0,31-MAY-18,-1,89,33585950,-765110783,-1,999,-1,5445129290,2018-05-31 00:14:16,1009
0,31-MAY-18,513261,5,34933067,-765186867,511,2121,1884,5445129293,2018-05-31 00:14:16,1078
0,31-MAY-18,-1,183,34292983,-764749183,-1,999,-1,5445129294,2018-05-31 00:14:16,1103
0,31-MAY-18,511274,8015,33586867,-765186683,373,2211,9861,5445129289,2018-05-31 00:14:16,1139
0,31-MAY-18,-1,336,34958550,-765044867,-1,999,-1,5445129295,2018-05-31 00:14:16,1179
0,31-MAY-18,511352,-1,33596167,-765239750,160,3122,9943,5445129286,2018-05-31 00:14:16,124
0,31-MAY-18,-1,126,34034750,-764763767,423,1571,9885,5445129287,2018-05-31 00:14:16,216
0,31-MAY-18,-1,3369,34964950,-765036100,-1,999,-1,5445129292,2018-05-31 00:14:16,307
0,31-MAY-18,-1,65,34048067,-764756667,-1,999,-1,5445129288,2018-05-31 00:14:16,700
0,31-MAY-18,-1,196,34041583,-764763433,-1,999,-1,5445129291,2018-05-31 00:14:16,926
0,31-MAY-18,500101,12511,34293983,-764750533,-1,999,-1,5445129304,2018-05-31 00:14:17,1005
0,31-MAY-18,-1,-1,34941850,-765038150,-1,-1,-1,5445129303,2018-05-31 00:14:17,1053
0,31-MAY-18,-1,-1,34290850,-764739717,-1,999,-1,5445129302,2018-05-31 00:14:17,1108
0,31-MAY-18,-1,-1,34970933,-765035267,-1,-1,-1,5445129299,2018-05-31 00:14:17,137
0,31-MAY-18,-1,-1,34034767,-764756250,-1,-1,-1,5445129306,2018-05-31 00:14:17,285
0,31-MAY-18,-1,5,34035367,-764763250,115,150,9948,5445129297,2018-05-31 00:14:17,551
0,31-MAY-18,-1,499,34034617,-764761900,707,142,9964,5445129296,2018-05-31 00:14:17,616
0,31-MAY-18,-1,-1,34297000,-764755317,-1,999,-1,5445129305,2018-05-31 00:14:17,765
0,31-MAY-18,-1,1182,34300683,-764747533,-1,999,-1,5445129298,2018-05-31 00:14:17,785
0,31-MAY-18,-1,-1,34034083,-764764417,-1,999,-1,5445129301,2018-05-31 00:14:17,910
0,31-MAY-18,-1,471,34295400,-764743450,-1,999,-1,5445129300,2018-05-31 00:14:17,953
0,31-MAY-18,-1,3745,33587767,-765111133,-1,999,-1,5445129314,2018-05-31 00:14:18,1008
0,31-MAY-18,-1,-1,34300333,-764748400,-1,-1,-1,5445129312,2018-05-31 00:14:18,1095
0,31-MAY-18,-1,-1,-1,-1,-1,-1,-1,5445129311,2018-05-31 00:14:18,129
0,31-MAY-18,-1,403,33586500,-765110900,-1,999,-1,5445129313,2018-05-31 00:14:18,65
0,31-MAY-18,-1,-1,34302100,-764746683,-1,-1,-1,5445129309,2018-05-31 00:14:18,760
0,31-MAY-18,-1,1755,34295600,-764752017,-1,999,-1,5445129307,2018-05-31 00:14:18,761
0,31-MAY-18,514045,-1,34255967,-764633800,618,2841,302,5445129310,2018-05-31 00:14:18,968
0,31-MAY-18,-1,22523,33591100,-765114167,-1,999,-1,5445129308,2018-05-31 00:14:18,991
0,31-MAY-18,-1,719,33589400,-765114017,-1,999,-1,5445129317,2018-05-31 00:14:19,1033
0,31-MAY-18,500153,7852,34293667,-764745067,-1,999,-1,5445129319,2018-05-31 00:14:19,1109
0,31-MAY-18,-1,-1,33584283,-765110667,-1,-1,-1,5445129320,2018-05-31 00:14:19,130
0,31-MAY-18,-1,3700,34958983,-765045117,-1,999,-1,5445129321,2018-05-31 00:14:19,145
0,31-MAY-18,-1,15687,33590983,-765119250,-1,-1,-1,5445129315,2018-05-31 00:14:19,314
0,31-MAY-18,-1,-1,34296517,-764746133,-1,999,-1,5445129316,2018-05-31 00:14:19,966
0,31-MAY-18,-1,202,33594383,-765113750,-1,999,-1,5445129318,2018-05-31 00:14:19,992
0,31-MAY-18,513261,-1,34933867,-765189633,511,2121,1884,5445129323,2018-05-31 00:14:20,1078
0,31-MAY-18,-1,-1,34895433,-765028133,-1,-1,-1,5445129325,2018-05-31 00:14:20,1183
0,31-MAY-18,-1,-1,34959450,-765044317,-1,999,-1,5445129330,2018-05-31 00:14:20,1212
0,31-MAY-18,-1,1963,33586683,-765113333,-1,999,-1,5445129329,2018-05-31 00:14:20,1220
0,31-MAY-18,-1,13157,34964300,-765058017,-1,999,-1,5445129328,2018-05-31 00:14:20,186
0,31-MAY-18,-1,1959,34976600,-765021983,-1,999,-1,5445129333,2018-05-31 00:14:20,190
0,31-MAY-18,-1,13683,34959283,-765044833,-1,999,-1,5445129322,2018-05-31 00:14:20,203
0,31-MAY-18,500164,285,34438850,-764819333,904,3411,356,5445129327,2018-05-31 00:14:20,250
0,31-MAY-18,514070,48,34284750,-764772667,53,3442,329,5445129324,2018-05-31 00:14:20,274
0,31-MAY-18,-1,-1,34038250,-764753583,-1,-1,-1,5445129332,2018-05-31 00:14:20,288
0,31-MAY-18,-1,-1,34948167,-765037283,-1,-1,-1,5445129331,2018-05-31 00:14:20,309
0,31-MAY-18,-1,-1,-1,-1,-1,999,-1,5445129334,2018-05-31 00:14:20,725
0,31-MAY-18,514487,47,34282500,-764664783,622,3441,501,5445129326,2018-05-31 00:14:20,970
0,31-MAY-18,-1,-1,33594650,-765120733,-1,-1,-1,5445129337,2018-05-31 00:14:21,1007
0,31-MAY-18,-1,-1,33620017,-765103717,-1,-1,-1,5445129339,2018-05-31 00:14:21,126
0,31-MAY-18,514245,1819,34477100,-764838817,1087,3452,9998,5445129338,2018-05-31 00:14:21,1263
0,31-MAY-18,-1,3492,33594400,-765114800,-1,999,-1,5445129345,2018-05-31 00:14:21,128
0,31-MAY-18,-1,-1,-1,-1,-1,-1,-1,5445129341,2018-05-31 00:14:21,151
0,31-MAY-18,-1,-1,34971417,-765028933,-1,-1,-1,5445129342,2018-05-31 00:14:21,303
0,31-MAY-18,-1,-1,33604500,-765119383,-1,-1,-1,5445129343,2018-05-31 00:14:21,832
0,31-MAY-18,-1,-1,34956083,-765049517,-1,-1,-1,5445129336,2018-05-31 00:14:21,892
0,31-MAY-18,-1,-1,34037500,-764765750,-1,-1,-1,5445129344,2018-05-31 00:14:21,935
0,31-MAY-18,514045,31,34259233,-764633433,618,2841,302,5445129340,2018-05-31 00:14:21,968
0,31-MAY-18,-1,168,34293517,-764749067,-1,999,-1,5445129335,2018-05-31 00:14:21,977
0,31-MAY-18,-1,-1,33584850,-765113233,-1,-1,-1,5445129350,2018-05-31 00:14:22,1159
0,31-MAY-18,-1,-1,34035350,-764758833,-1,-1,-1,5445129347,2018-05-31 00:14:22,241
0,31-MAY-18,-1,-1,-1,-1,-1,-1,-1,5445129348,2018-05-31 00:14:22,388
0,31-MAY-18,-1,-1,33587183,-765115400,-1,-1,-1,5445129346,2018-05-31 00:14:22,81
0,31-MAY-18,-1,4233,33592067,-765114750,-1,999,-1,5445129349,2018-05-31 00:14:22,856
0,31-MAY-18,503012,-1,34199917,-764806083,861,2842,9834,5445129352,2018-05-31 00:14:23,1096
0,31-MAY-18,-1,110,34294333,-764750100,-1,999,-1,5445129359,2018-05-31 00:14:23,1112
0,31-MAY-18,500058,-1,34089283,-764737050,62,376,9998,5445129357,2018-05-31 00:14:23,1262
0,31-MAY-18,-1,-1,34963250,-765040150,-1,-1,-1,5445129351,2018-05-31 00:14:23,192
0,31-MAY-18,-1,-1,34047117,-764757300,-1,999,-1,5445129355,2018-05-31 00:14:23,263
0,31-MAY-18,502312,-1,33584050,-765131050,1091,3131,9942,5445129356,2018-05-31 00:14:23,29
0,31-MAY-18,-1,15211,34294700,-764750733,-1,999,-1,5445129354,2018-05-31 00:14:23,774
0,31-MAY-18,-1,18128,34957417,-765047467,-1,999,-1,5445129358,2018-05-31 00:14:23,888
0,31-MAY-18,-1,1336,34041333,-764758733,-1,999,-1,5445129353,2018-05-31 00:14:23,932
0,31-MAY-18,-1,-1,34959367,-765043067,-1,-1,-1,5445129363,2018-05-31 00:14:24,1079
0,31-MAY-18,511059,15410,34246633,-765024517,580,3192,9996,5445129360,2018-05-31 00:14:24,281
0,31-MAY-18,-1,170,34289267,-764747050,-1,999,-1,5445129366,2018-05-31 00:14:24,717
0,31-MAY-18,-1,-1,34293467,-764740233,-1,-1,-1,5445129365,2018-05-31 00:14:24,740
0,31-MAY-18,514056,265,34407733,-764809883,790,2841,300,5445129364,2018-05-31 00:14:24,789
0,31-MAY-18,504016,16505,33702300,-765355000,497,131,9921,5445129362,2018-05-31 00:14:24,837
0,31-MAY-18,500104,12460,34297550,-764752800,-1,999,-1,5445129367,2018-05-31 00:14:24,960
0,31-MAY-18,-1,132,34295000,-764751133,-1,999,-1,5445129361,2018-05-31 00:14:24,975
0,31-MAY-18,502302,-1,33670233,-765293433,986,3171,9988,5445129378,2018-05-31 00:14:25,1006
0,31-MAY-18,511441,-1,33592733,-765121433,657,3124,9881,5445129376,2018-05-31 00:14:25,103
0,31-MAY-18,-1,-1,34965583,-765035183,-1,-1,-1,5445129372,2018-05-31 00:14:25,1074
0,31-MAY-18,-1,12518,33598750,-765119683,-1,999,-1,5445129371,2018-05-31 00:14:25,1138
0,31-MAY-18,-1,5462,33587067,-765110683,-1,999,-1,5445129377,2018-05-31 00:14:25,1154
0,31-MAY-18,-1,12505,34024850,-765226383,-1,999,-1,5445129368,2018-05-31 00:14:25,199
0,31-MAY-18,-1,-1,34970483,-765030850,-1,-1,-1,5445129369,2018-05-31 00:14:25,297
0,31-MAY-18,-1,-1,34303733,-764748300,-1,-1,-1,5445129375,2018-05-31 00:14:25,757
0,31-MAY-18,-1,6,34301467,-764754800,-1,999,-1,5445129373,2018-05-31 00:14:25,764
0,31-MAY-18,-1,-1,34956783,-765049000,-1,999,-1,5445129374,2018-05-31 00:14:25,817
0,31-MAY-18,-1,-1,33593500,-765111000,-1,-1,-1,5445129370,2018-05-31 00:14:25,834
0,31-MAY-18,-1,2341,34956683,-765047633,-1,999,-1,5445129384,2018-05-31 00:14:26,1068
0,31-MAY-18,513261,5,34935100,-765194417,511,2121,1884,5445129380,2018-05-31 00:14:26,1078
0,31-MAY-18,513261,5,34935100,-765194417,511,2121,1884,5445129381,2018-05-31 00:14:26,1078
0,31-MAY-18,519281,10814,34978100,-765021483,-1,999,-1,5445129379,2018-05-31 00:14:26,188
0,31-MAY-18,-1,-1,34035150,-764761683,-1,999,-1,5445129382,2018-05-31 00:14:26,924
0,31-MAY-18,-1,5814,34034950,-764759033,-1,999,-1,5445129385,2018-05-31 00:14:26,936
0,31-MAY-18,511251,-1,33667550,-765282383,598,3172,192,5445129383,2018-05-31 00:14:26,94
0,31-MAY-18,513030,176,34940417,-764863767,393,333,317,5445129388,2018-05-31 00:14:27,1210
0,31-MAY-18,-1,-1,34300217,-764755017,-1,999,-1,5445129387,2018-05-31 00:14:27,739
0,31-MAY-18,502304,14239,34289133,-764747550,-1,999,-1,5445129386,2018-05-31 00:14:27,746
0,31-MAY-18,-1,-1,34969783,-765037433,-1,-1,-1,5445129393,2018-05-31 00:14:28,1026
0,31-MAY-18,-1,5692,33587117,-765113633,-1,999,-1,5445129392,2018-05-31 00:14:28,1145
0,31-MAY-18,-1,-1,34960083,-765042483,-1,999,-1,5445129391,2018-05-31 00:14:28,1213
0,31-MAY-18,-1,-1,33586967,-765109950,-1,-1,-1,5445129394,2018-05-31 00:14:28,122
0,31-MAY-18,-1,613,34297883,-764744667,-1,999,-1,5445129389,2018-05-31 00:14:28,743
0,31-MAY-18,-1,-1,33592900,-765118250,-1,999,-1,5445129390,2018-05-31 00:14:28,866
0,31-MAY-18,-1,441,34294950,-764751883,-1,999,-1,5445129396,2018-05-31 00:14:29,1155
0,31-MAY-18,-1,10029,34823867,-765144567,-1,999,-1,5445129398,2018-05-31 00:14:29,1202
0,31-MAY-18,-1,-1,34043917,-764761200,-1,-1,-1,5445129395,2018-05-31 00:14:29,238
0,31-MAY-18,-1,10127,34970667,-765035967,-1,999,-1,5445129399,2018-05-31 00:14:29,889
0,31-MAY-18,-1,1,33592833,-765120967,-1,999,-1,5445129397,2018-05-31 00:14:29,98
0,31-MAY-18,-1,612,34304117,-764750150,-1,999,-1,5445129400,2018-05-31 00:14:29,983
0,31-MAY-18,-1,-1,33603583,-765122500,-1,-1,-1,5445129405,2018-05-31 00:14:30,1120
0,31-MAY-18,-1,416,34954567,-765050533,-1,999,-1,5445129401,2018-05-31 00:14:30,1178
0,31-MAY-18,-1,1865,34956517,-765048500,-1,999,-1,5445129406,2018-05-31 00:14:30,1192
0,31-MAY-18,513277,2,34940300,-764865217,393,333,317,5445129412,2018-05-31 00:14:30,1210
0,31-MAY-18,-1,7805,34958550,-765054067,-1,999,-1,5445129410,2018-05-31 00:14:30,1211
0,31-MAY-18,-1,-1,34047100,-764757300,-1,999,-1,5445129411,2018-05-31 00:14:30,263
0,31-MAY-18,-1,323,33588933,-765111383,-1,999,-1,5445129403,2018-05-31 00:14:30,51
0,31-MAY-18,500100,-1,34898883,-765088317,545,2121,9894,5445129404,2018-05-31 00:14:30,53
0,31-MAY-18,-1,598,34301167,-764746000,-1,999,-1,5445129409,2018-05-31 00:14:30,747
0,31-MAY-18,-1,638,33591983,-765112050,-1,999,-1,5445129402,2018-05-31 00:14:30,829
0,31-MAY-18,-1,5862,33591467,-765121217,-1,999,-1,5445129408,2018-05-31 00:14:30,88
0,31-MAY-18,-1,3073,34047433,-764759383,-1,999,-1,5445129407,2018-05-31 00:14:30,949
0,31-MAY-18,-1,-1,34975533,-765021350,-1,-1,-1,5445129413,2018-05-31 00:14:31,1082
0,31-MAY-18,-1,221,33579317,-765124133,-1,999,-1,5445129415,2018-05-31 00:14:31,54
0,31-MAY-18,-1,1299,34295367,-764750933,-1,999,-1,5445129417,2018-05-31 00:14:31,771
0,31-MAY-18,514405,769,34036867,-764765417,-1,999,-1,5445129416,2018-05-31 00:14:31,937
0,31-MAY-18,-1,6063,33584150,-765113583,-1,999,-1,5445129414,2018-05-31 00:14:31,95
0,31-MAY-18,513261,29,34936000,-765197383,511,2121,1884,5445129422,2018-05-31 00:14:32,1078
0,31-MAY-18,-1,216,34292450,-764748517,-1,999,-1,5445129418,2018-05-31 00:14:32,1111
0,31-MAY-18,-1,506,34303350,-764749550,-1,999,-1,5445129425,2018-05-31 00:14:32,1115
0,31-MAY-18,-1,-1,34965467,-765075433,-1,999,-1,5445129421,2018-05-31 00:14:32,1214
0,31-MAY-18,513245,-1,34873200,-764948050,896,3351,9996,5445129428,2018-05-31 00:14:32,202
0,31-MAY-18,-1,86,33593750,-765120867,-1,999,-1,5445129423,2018-05-31 00:14:32,24
0,31-MAY-18,-1,-1,34960200,-765035100,-1,-1,-1,5445129429,2018-05-31 00:14:32,309
0,31-MAY-18,-1,2802,33594617,-765117683,-1,999,-1,5445129426,2018-05-31 00:14:32,42
0,31-MAY-18,-1,-1,33600033,-765117533,-1,-1,-1,5445129427,2018-05-31 00:14:32,68
0,31-MAY-18,-1,-1,34302900,-764749383,-1,999,-1,5445129424,2018-05-31 00:14:32,744
0,31-MAY-18,-1,-1,34302117,-764746750,-1,-1,-1,5445129420,2018-05-31 00:14:32,772
0,31-MAY-18,513316,2604,34883300,-765022033,215,553,9999,5445129419,2018-05-31 00:14:32,899
0,31-MAY-18,513261,29,34936150,-765197883,511,2121,1884,5445129431,2018-05-31 00:14:33,1078
0,31-MAY-18,511417,1,33723900,-765165600,228,3131,620,5445129434,2018-05-31 00:14:33,1130
0,31-MAY-18,-1,398,33595250,-765118033,-1,999,-1,5445129432,2018-05-31 00:14:33,382
0,31-MAY-18,515054,6990,34302533,-764749150,999,2524,728,5445129435,2018-05-31 00:14:33,792
0,31-MAY-18,-1,-1,33582883,-765237817,-1,999,-1,5445129433,2018-05-31 00:14:33,873
0,31-MAY-18,-1,-1,34299967,-764748183,-1,-1,-1,5445129430,2018-05-31 00:14:33,984
0,31-MAY-18,-1,507,34300783,-764748517,-1,999,-1,5445129442,2018-05-31 00:14:34,1113
0,31-MAY-18,-1,-1,33591950,-765113233,-1,-1,-1,5445129439,2018-05-31 00:14:34,1124
0,31-MAY-18,-1,5762,33593783,-765119183,-1,999,-1,5445129437,2018-05-31 00:14:34,1129
0,31-MAY-18,-1,-1,34963933,-765037017,-1,-1,-1,5445129440,2018-05-31 00:14:34,1180
0,31-MAY-18,-1,-1,33587383,-765113317,314,3133,9886,5445129441,2018-05-31 00:14:34,123
0,31-MAY-18,-1,-1,33592500,-765118150,-1,999,-1,5445129443,2018-05-31 00:14:34,1233
0,31-MAY-18,-1,-1,34960067,-765043233,-1,999,-1,5445129438,2018-05-31 00:14:34,193
0,31-MAY-18,-1,-1,33606517,-765123100,-1,-1,-1,5445129444,2018-05-31 00:14:34,56
0,31-MAY-18,-1,6063,33584017,-765113350,-1,999,-1,5445129436,2018-05-31 00:14:34,95
0,31-MAY-18,-1,-1,34968833,-765034183,-1,-1,-1,5445129445,2018-05-31 00:14:35,1061
0,31-MAY-18,511417,31,33720450,-765165617,228,3131,620,5445129448,2018-05-31 00:14:35,1130
0,31-MAY-18,501850,14066,34293050,-764750333,-1,999,-1,5445129447,2018-05-31 00:14:35,45
0,31-MAY-18,-1,7851,34960567,-765053667,-1,999,-1,5445129449,2018-05-31 00:14:35,653
0,31-MAY-18,-1,-1,34968533,-765037650,-1,-1,-1,5445129446,2018-05-31 00:14:35,882
0,31-MAY-18,-1,12561,34297483,-764753367,-1,999,-1,5445129452,2018-05-31 00:14:36,1094
0,31-MAY-18,511417,31,33720450,-765165617,228,3131,620,5445129459,2018-05-31 00:14:36,1130
0,31-MAY-18,-1,-1,33586067,-765118983,-1,999,-1,5445129453,2018-05-31 00:14:36,1161
0,31-MAY-18,513277,34,34939967,-764868400,393,333,317,5445129462,2018-05-31 00:14:36,1210
0,31-MAY-18,513277,34,34940067,-764867767,393,333,317,5445129461,2018-05-31 00:14:36,1210
0,31-MAY-18,-1,-1,33602767,-765118367,-1,-1,-1,5445129458,2018-05-31 00:14:36,18
0,31-MAY-18,-1,-1,34279067,-764995850,-1,-1,-1,5445129456,2018-05-31 00:14:36,251
0,31-MAY-18,-1,253,33594550,-765115133,-1,999,-1,5445129457,2018-05-31 00:14:36,37
0,31-MAY-18,501703,12675,-1,-1,-1,-1,-1,5445129454,2018-05-31 00:14:36,706
0,31-MAY-18,-1,-1,34302483,-764747283,-1,-1,-1,5445129460,2018-05-31 00:14:36,759
0,31-MAY-18,-1,-1,33585550,-765111450,-1,999,-1,5445129455,2018-05-31 00:14:36,855
0,31-MAY-18,-1,-1,34969900,-765037067,-1,-1,-1,5445129450,2018-05-31 00:14:36,893
0,31-MAY-18,-1,-1,34299750,-764754517,-1,999,-1,5445129451,2018-05-31 00:14:36,959
0,31-MAY-18,-1,-1,33602900,-765118567,-1,-1,-1,5445129466,2018-05-31 00:14:37,1002
0,31-MAY-18,-1,6364,33583200,-765123133,-1,999,-1,5445129465,2018-05-31 00:14:37,1046
0,31-MAY-18,-1,-1,33591250,-765113250,-1,-1,-1,5445129467,2018-05-31 00:14:37,1048
0,31-MAY-18,-1,3926,34290533,-764749017,-1,999,-1,5445129463,2018-05-31 00:14:37,1093
0,31-MAY-18,-1,897,34290117,-764748167,-1,999,-1,5445129464,2018-05-31 00:14:37,1110
0,31-MAY-18,-1,3,33585517,-765164600,373,2211,9861,5445129471,2018-05-31 00:14:37,1139
0,31-MAY-18,-1,-1,34975067,-765022583,-1,-1,-1,5445129470,2018-05-31 00:14:37,177
0,31-MAY-18,-1,-1,34045650,-764758700,-1,-1,-1,5445129469,2018-05-31 00:14:37,555
0,31-MAY-18,-1,-1,33593683,-765116583,-1,-1,-1,5445129468,2018-05-31 00:14:37,836
0,31-MAY-18,511059,-1,33654000,-765591817,116,3192,9990,5445129478,2018-05-31 00:14:38,119
0,31-MAY-18,-1,5706,34964333,-765055700,-1,999,-1,5445129475,2018-05-31 00:14:38,1193
0,31-MAY-18,-1,461,33597700,-765120483,-1,999,-1,5445129472,2018-05-31 00:14:38,27
0,31-MAY-18,-1,-1,34037250,-764754167,-1,-1,-1,5445129477,2018-05-31 00:14:38,289
0,31-MAY-18,-1,-1,34042417,-764762733,-1,999,-1,5445129473,2018-05-31 00:14:38,618
0,31-MAY-18,-1,-1,34970317,-765036450,-1,-1,-1,5445129476,2018-05-31 00:14:38,813
0,31-MAY-18,-1,-1,34969133,-765038583,-1,-1,-1,5445129479,2018-05-31 00:14:38,815
0,31-MAY-18,-1,-1,34042767,-764760667,-1,-1,-1,5445129474,2018-05-31 00:14:38,919
0,31-MAY-18,-1,2656,34954417,-765051967,-1,999,-1,5445129481,2018-05-31 00:14:39,1067
0,31-MAY-18,-1,154,34952650,-765053367,-1,999,-1,5445129483,2018-05-31 00:14:39,200
0,31-MAY-18,-1,-1,33602567,-765121533,-1,-1,-1,5445129486,2018-05-31 00:14:39,414
0,31-MAY-18,-1,-1,34974717,-765023317,-1,-1,-1,5445129484,2018-05-31 00:14:39,642
0,31-MAY-18,-1,616,34300233,-764746833,-1,999,-1,5445129480,2018-05-31 00:14:39,745
0,31-MAY-18,-1,-1,34301333,-764747533,-1,-1,-1,5445129485,2018-05-31 00:14:39,802
0,31-MAY-18,-1,7757,33590217,-765111700,-1,999,-1,5445129482,2018-05-31 00:14:39,863
0,31-MAY-18,-1,-1,34040750,-764756567,-1,-1,-1,5445129487,2018-05-31 00:14:40,624
0,31-MAY-18,-1,434,34957133,-765047000,-1,999,-1,5445129493,2018-05-31 00:14:41,166
0,31-MAY-18,-1,-1,34034967,-764761900,-1,-1,-1,5445129490,2018-05-31 00:14:41,259
0,31-MAY-18,-1,-1,33590183,-765113033,-1,-1,-1,5445129494,2018-05-31 00:14:41,67
0,31-MAY-18,-1,113,34294950,-764751317,-1,999,-1,5445129489,2018-05-31 00:14:41,767
0,31-MAY-18,-1,-1,33591300,-765112183,-1,-1,-1,5445129491,2018-05-31 00:14:41,823
0,31-MAY-18,-1,-1,33592867,-765111883,-1,-1,-1,5445129492,2018-05-31 00:14:41,834
0,31-MAY-18,-1,39,34044983,-764760183,874,3411,9990,5445129488,2018-05-31 00:14:41,928
0,31-MAY-18,-1,-1,33604617,-765122267,-1,-1,-1,5445129499,2018-05-31 00:14:42,1003
0,31-MAY-18,-1,-1,-1,-1,-1,-1,-1,5445129505,2018-05-31 00:14:42,1024
0,31-MAY-18,-1,-1,34973767,-765007850,-1,-1,-1,5445129501,2018-05-31 00:14:42,1173
0,31-MAY-18,-1,-1,34963167,-765038033,-1,999,-1,5445129496,2018-05-31 00:14:42,1203
0,31-MAY-18,-1,-1,33587833,-765120783,276,3122,9931,5445129504,2018-05-31 00:14:42,121
0,31-MAY-18,-1,350,34034367,-764764017,188,1472,9759,5445129498,2018-05-31 00:14:42,219
0,31-MAY-18,-1,-1,34035400,-764761483,-1,-1,-1,5445129495,2018-05-31 00:14:42,221
0,31-MAY-18,-1,-1,33599183,-765121650,-1,-1,-1,5445129506,2018-05-31 00:14:42,402
0,31-MAY-18,-1,-1,34304550,-764750333,-1,999,-1,5445129497,2018-05-31 00:14:42,709
0,31-MAY-18,-1,2247,34301267,-764747300,-1,999,-1,5445129507,2018-05-31 00:14:42,788
0,31-MAY-18,-1,-1,33608033,-765121600,-1,-1,-1,5445129503,2018-05-31 00:14:42,83
0,31-MAY-18,-1,6167,33586500,-765120267,-1,999,-1,5445129502,2018-05-31 00:14:42,850
0,31-MAY-18,-1,-1,34969383,-765038217,-1,-1,-1,5445129500,2018-05-31 00:14:42,894
0,31-MAY-18,513277,26,34939483,-764871933,393,333,317,5445129516,2018-05-31 00:14:43,1210
0,31-MAY-18,-1,-1,-1,-1,-1,-1,-1,5445129512,2018-05-31 00:14:43,158
0,31-MAY-18,-1,-1,34897717,-765033050,-1,-1,-1,5445129513,2018-05-31 00:14:43,158
0,31-MAY-18,-1,-1,34979133,-765019183,-1,-1,-1,5445129510,2018-05-31 00:14:43,204
0,31-MAY-18,-1,69,34032150,-764765633,560,347,9998,5445129508,2018-05-31 00:14:43,240
0,31-MAY-18,-1,-1,33586900,-765111567,-1,999,-1,5445129514,2018-05-31 00:14:43,26
0,31-MAY-18,-1,-1,34047983,-764758050,-1,999,-1,5445129509,2018-05-31 00:14:43,272
0,31-MAY-18,-1,181,33588000,-765114217,-1,999,-1,5445129518,2018-05-31 00:14:43,32
0,31-MAY-18,-1,19165,-1,-1,-1,999,-1,5445129520,2018-05-31 00:14:43,749
0,31-MAY-18,-1,186,34291783,-764748400,-1,999,-1,5445129511,2018-05-31 00:14:43,775
0,31-MAY-18,-1,631,33588517,-765111283,-1,999,-1,5445129519,2018-05-31 00:14:43,828
0,31-MAY-18,502301,2268,33453500,-765242483,555,2121,2178,5445129517,2018-05-31 00:14:43,844
0,31-MAY-18,-1,-1,34295317,-764745967,-1,-1,-1,5445129515,2018-05-31 00:14:43,974
0,31-MAY-18,-1,213,34289883,-764747033,-1,999,-1,5445129522,2018-05-31 00:14:44,1107
0,31-MAY-18,-1,236,33587883,-765114517,-1,999,-1,5445129524,2018-05-31 00:14:44,1135
0,31-MAY-18,519041,4447,34781683,-765175617,259,305,9992,5445129527,2018-05-31 00:14:44,1189
0,31-MAY-18,511352,-1,33537167,-765233350,160,3122,9943,5445129530,2018-05-31 00:14:44,124
0,31-MAY-18,-1,416,33587017,-765120733,-1,999,-1,5445129526,2018-05-31 00:14:44,125
0,31-MAY-18,519192,-1,34961683,-765053550,937,306,9982,5445129523,2018-05-31 00:14:44,198
0,31-MAY-18,-1,-1,33600550,-765121983,-1,-1,-1,5445129531,2018-05-31 00:14:44,23
0,31-MAY-18,-1,1765,34033917,-764759650,-1,999,-1,5445129529,2018-05-31 00:14:44,258
0,31-MAY-18,-1,961,33584683,-765110850,-1,999,-1,5445129525,2018-05-31 00:14:44,312
0,31-MAY-18,-1,-1,33600917,-765117767,-1,-1,-1,5445129521,2018-05-31 00:14:44,437
0,31-MAY-18,-1,594,34299483,-764746233,-1,999,-1,5445129528,2018-05-31 00:14:44,797
0,31-MAY-18,-1,-1,33591033,-765112317,-1,-1,-1,5445129537,2018-05-31 00:14:45,1144
0,31-MAY-18,-1,5,33586150,-765109683,-1,-1,-1,5445129535,2018-05-31 00:14:45,116
0,31-MAY-18,-1,621,34970950,-765024833,-1,999,-1,5445129534,2018-05-31 00:14:45,1172
0,31-MAY-18,-1,-1,34954033,-765051767,-1,999,-1,5445129536,2018-05-31 00:14:45,180
0,31-MAY-18,-1,66,34959450,-765053983,-1,999,-1,5445129538,2018-05-31 00:14:45,181
0,31-MAY-18,-1,2060,34048417,-764757333,-1,999,-1,5445129532,2018-05-31 00:14:45,227
0,31-MAY-18,-1,-1,34034333,-764762233,-1,999,-1,5445129533,2018-05-31 00:14:45,940
0,31-MAY-18,-1,89,33585950,-765110750,-1,999,-1,5445129549,2018-05-31 00:14:46,1009
0,31-MAY-18,-1,183,34292967,-764749167,-1,999,-1,5445129544,2018-05-31 00:14:46,1103
0,31-MAY-18,-1,336,34958667,-765044933,-1,999,-1,5445129541,2018-05-31 00:14:46,1179
0,31-MAY-18,513277,26,34939300,-764873667,393,333,317,5445129546,2018-05-31 00:14:46,1210
0,31-MAY-18,-1,-1,34041050,-764756333,-1,-1,-1,5445129543,2018-05-31 00:14:46,239
0,31-MAY-18,-1,3378,34965250,-765035667,-1,999,-1,5445129542,2018-05-31 00:14:46,307
0,31-MAY-18,-1,65,34048050,-764756683,-1,999,-1,5445129545,2018-05-31 00:14:46,700
0,31-MAY-18,-1,1182,34300583,-764747483,-1,999,-1,5445129548,2018-05-31 00:14:46,785
0,31-MAY-18,-1,-1,34971083,-765034867,-1,-1,-1,5445129547,2018-05-31 00:14:46,809
0,31-MAY-18,-1,-1,34034100,-764764383,-1,999,-1,5445129539,2018-05-31 00:14:46,910
0,31-MAY-18,-1,196,34041567,-764763417,-1,999,-1,5445129540,2018-05-31 00:14:46,926
0,31-MAY-18,500101,12511,34293983,-764750550,-1,999,-1,5445129551,2018-05-31 00:14:47,1005
0,31-MAY-18,-1,126,34034767,-764763750,423,1571,9885,5445129558,2018-05-31 00:14:47,216
0,31-MAY-18,500168,-1,34079667,-764743117,1167,3441,9949,5445129554,2018-05-31 00:14:47,260
0,31-MAY-18,-1,15687,33590950,-765119217,-1,-1,-1,5445129556,2018-05-31 00:14:47,314
0,31-MAY-18,-1,1755,34295617,-764752017,-1,999,-1,5445129555,2018-05-31 00:14:47,761
0,31-MAY-18,-1,-1,34296967,-764754867,-1,999,-1,5445129552,2018-05-31 00:14:47,765
0,31-MAY-18,-1,-1,34970717,-765035567,-1,-1,-1,5445129553,2018-05-31 00:14:47,805
0,31-MAY-18,-1,471,34295533,-764743283,-1,999,-1,5445129550,2018-05-31 00:14:47,953
0,31-MAY-18,-1,22523,33591117,-765114183,-1,999,-1,5445129557,2018-05-31 00:14:47,991
0,31-MAY-18,-1,3745,33587733,-765111117,-1,999,-1,5445129559,2018-05-31 00:14:48,1008
0,31-MAY-18,500153,7852,34293700,-764745067,-1,999,-1,5445129564,2018-05-31 00:14:48,1109
0,31-MAY-18,-1,-1,34959600,-765044217,-1,999,-1,5445129565,2018-05-31 00:14:48,1212
0,31-MAY-18,-1,1963,33586667,-765113317,-1,999,-1,5445129560,2018-05-31 00:14:48,1220
0,31-MAY-18,-1,-1,-1,-1,-1,-1,-1,5445129566,2018-05-31 00:14:48,129
0,31-MAY-18,-1,8570,34964333,-765057000,-1,999,-1,5445129563,2018-05-31 00:14:48,210
0,31-MAY-18,-1,-1,34296417,-764746300,-1,999,-1,5445129562,2018-05-31 00:14:48,966
0,31-MAY-18,-1,202,33594400,-765113800,-1,999,-1,5445129561,2018-05-31 00:14:48,992
0,31-MAY-18,-1,-1,34965550,-765033667,-1,-1,-1,5445129574,2018-05-31 00:14:49,1053
0,31-MAY-18,-1,-1,34290867,-764739733,-1,999,-1,5445129568,2018-05-31 00:14:49,1108
0,31-MAY-18,513277,20,34938917,-764875783,393,333,317,5445129578,2018-05-31 00:14:49,1210
0,31-MAY-18,-1,-1,34970933,-765035283,-1,-1,-1,5445129569,2018-05-31 00:14:49,137
0,31-MAY-18,-1,3700,34959000,-765045117,-1,999,-1,5445129567,2018-05-31 00:14:49,145
0,31-MAY-18,-1,13683,34959283,-765044800,-1,999,-1,5445129573,2018-05-31 00:14:49,203
0,31-MAY-18,514405,277,34046450,-764756883,455,347,9990,5445129576,2018-05-31 00:14:49,226
0,31-MAY-18,500164,285,34438783,-764819217,904,3411,356,5445129579,2018-05-31 00:14:49,250
0,31-MAY-18,-1,-1,34034767,-764756233,-1,-1,-1,5445129572,2018-05-31 00:14:49,285
0,31-MAY-18,-1,499,34034683,-764761967,707,142,9964,5445129575,2018-05-31 00:14:49,616
0,31-MAY-18,-1,403,33586517,-765110917,-1,999,-1,5445129571,2018-05-31 00:14:49,65
0,31-MAY-18,-1,-1,34301900,-764746283,-1,-1,-1,5445129580,2018-05-31 00:14:49,760
0,31-MAY-18,-1,-1,34968933,-765038850,-1,-1,-1,5445129570,2018-05-31 00:14:49,810
0,31-MAY-18,514212,7,34296383,-764672000,622,3441,501,5445129577,2018-05-31 00:14:49,970
0,31-MAY-18,514487,287,34296383,-764672000,622,3441,501,5445129581,2018-05-31 00:14:49,970
0,31-MAY-18,-1,-1,34300333,-764748400,-1,-1,-1,5445129583,2018-05-31 00:14:50,1095
0,31-MAY-18,-1,-1,34955733,-765011267,-1,-1,-1,5445129587,2018-05-31 00:14:50,1183
0,31-MAY-18,514245,1959,34462100,-764841233,1087,3452,9998,5445129589,2018-05-31 00:14:50,1263
0,31-MAY-18,-1,1972,34977883,-765021517,-1,999,-1,5445129584,2018-05-31 00:14:50,190
0,31-MAY-18,514070,216,34271167,-764770867,53,3442,329,5445129586,2018-05-31 00:14:50,274
0,31-MAY-18,-1,5,34035383,-764763233,115,150,9948,5445129588,2018-05-31 00:14:50,551
0,31-MAY-18,-1,-1,-1,-1,-1,999,-1,5445129582,2018-05-31 00:14:50,725
0,31-MAY-18,-1,168,34293417,-764749133,-1,999,-1,5445129585,2018-05-31 00:14:50,977
0,31-MAY-18,-1,-1,33584300,-765110667,-1,-1,-1,5445129590,2018-05-31 00:14:51,130
0,31-MAY-18,-1,-1,-1,-1,-1,-1,-1,5445129591,2018-05-31 00:14:51,151
0,31-MAY-18,-1,13157,34964300,-765057967,-1,999,-1,5445129593,2018-05-31 00:14:51,186
0,31-MAY-18,-1,15211,34294683,-764750750,-1,999,-1,5445129592,2018-05-31 00:14:51,774
0,31-MAY-18,503012,-1,34183250,-764788483,861,2842,9834,5445129597,2018-05-31 00:14:52,1096
0,31-MAY-18,-1,3492,33594350,-765114783,-1,999,-1,5445129595,2018-05-31 00:14:52,128
0,31-MAY-18,-1,-1,34038250,-764753600,-1,-1,-1,5445129594,2018-05-31 00:14:52,288
0,31-MAY-18,514056,306,34405767,-764811783,790,2841,300,5445129598,2018-05-31 00:14:52,789
0,31-MAY-18,-1,-1,34955967,-765049750,-1,-1,-1,5445129596,2018-05-31 00:14:52,892
0,31-MAY-18,-1,1336,34041333,-764758733,-1,999,-1,5445129600,2018-05-31 00:14:52,932
0,31-MAY-18,514212,-1,34298633,-764673683,622,3441,501,5445129599,2018-05-31 00:14:52,970
0,31-MAY-18,-1,-1,33594650,-765120717,-1,-1,-1,5445129606,2018-05-31 00:14:53,1007
0,31-MAY-18,-1,110,34294300,-764750067,-1,999,-1,5445129602,2018-05-31 00:14:53,1112
0,31-MAY-18,-1,-1,33584817,-765113233,-1,-1,-1,5445129609,2018-05-31 00:14:53,1159
0,31-MAY-18,513278,3,34938333,-764879367,393,333,317,5445129608,2018-05-31 00:14:53,1210
0,31-MAY-18,-1,-1,33620233,-765103733,-1,-1,-1,5445129610,2018-05-31 00:14:53,126
0,31-MAY-18,502312,-1,33583283,-765114917,1091,3131,9942,5445129613,2018-05-31 00:14:53,29
0,31-MAY-18,-1,-1,34971450,-765028967,-1,-1,-1,5445129612,2018-05-31 00:14:53,303
0,31-MAY-18,-1,-1,33576317,-765077333,-1,-1,-1,5445129607,2018-05-31 00:14:53,388
0,31-MAY-18,-1,-1,33587183,-765115417,-1,-1,-1,5445129604,2018-05-31 00:14:53,81
0,31-MAY-18,-1,-1,34956850,-765048550,-1,999,-1,5445129611,2018-05-31 00:14:53,817
0,31-MAY-18,-1,-1,33604500,-765119383,-1,-1,-1,5445129601,2018-05-31 00:14:53,832
0,31-MAY-18,504016,17016,33682717,-765316283,497,131,9921,5445129605,2018-05-31 00:14:53,837
0,31-MAY-18,-1,18128,34957450,-765047450,-1,999,-1,5445129603,2018-05-31 00:14:53,888
0,31-MAY-18,511441,-1,33592750,-765121417,657,3124,9881,5445129622,2018-05-31 00:14:54,103
0,31-MAY-18,512017,2,34940183,-765211083,511,2121,1884,5445129618,2018-05-31 00:14:54,1078
0,31-MAY-18,-1,12518,33598733,-765119683,-1,999,-1,5445129621,2018-05-31 00:14:54,1138
0,31-MAY-18,-1,5462,33587067,-765110683,-1,999,-1,5445129620,2018-05-31 00:14:54,1154
0,31-MAY-18,519281,10814,34978100,-765021433,-1,999,-1,5445129616,2018-05-31 00:14:54,188
0,31-MAY-18,-1,-1,34963250,-765040167,-1,-1,-1,5445129619,2018-05-31 00:14:54,192
0,31-MAY-18,-1,291,34283683,-764741517,-1,999,-1,5445129615,2018-05-31 00:14:54,717
0,31-MAY-18,-1,6,34301467,-764754817,-1,999,-1,5445129623,2018-05-31 00:14:54,764
0,31-MAY-18,500104,12476,34296433,-764751950,-1,999,-1,5445129614,2018-05-31 00:14:54,960
0,31-MAY-18,-1,132,34295017,-764751167,-1,999,-1,5445129617,2018-05-31 00:14:54,975
0,31-MAY-18,-1,-1,34959333,-765043200,-1,-1,-1,5445129626,2018-05-31 00:14:55,1079
0,31-MAY-18,500058,-1,34055600,-764755783,62,376,9998,5445129624,2018-05-31 00:14:55,1262
0,31-MAY-18,-1,-1,34293483,-764740233,-1,-1,-1,5445129628,2018-05-31 00:14:55,740
0,31-MAY-18,-1,-1,34035150,-764761683,-1,999,-1,5445129625,2018-05-31 00:14:55,924
0,31-MAY-18,511251,-1,33667550,-765282383,598,3172,192,5445129627,2018-05-31 00:14:55,94
0,31-MAY-18,514212,-1,34301983,-764676250,622,3441,501,5445129629,2018-05-31 00:14:55,970
0,31-MAY-18,-1,-1,34966167,-765034233,-1,-1,-1,5445129633,2018-05-31 00:14:56,1074
0,31-MAY-18,-1,-1,34300200,-764754983,-1,999,-1,5445129635,2018-05-31 00:14:56,739
0,31-MAY-18,502304,14239,34289150,-764747533,-1,999,-1,5445129632,2018-05-31 00:14:56,746
0,31-MAY-18,-1,-1,34303717,-764748283,-1,-1,-1,5445129634,2018-05-31 00:14:56,757
0,31-MAY-18,-1,-1,33592917,-765118283,-1,999,-1,5445129631,2018-05-31 00:14:56,866
0,31-MAY-18,-1,-1,34032650,-764765483,-1,-1,-1,5445129630,2018-05-31 00:14:56,935
0,31-MAY-18,502302,-1,33670250,-765293417,986,3171,9988,5445129638,2018-05-31 00:14:57,1006
0,31-MAY-18,-1,2341,34956683,-765047633,-1,999,-1,5445129636,2018-05-31 00:14:57,1068
0,31-MAY-18,512017,-1,34940967,-765213550,511,2121,1884,5445129640,2018-05-31 00:14:57,1078
0,31-MAY-18,-1,5706,33587950,-765114033,-1,999,-1,5445129639,2018-05-31 00:14:57,1145
0,31-MAY-18,-1,-1,34960083,-765042450,-1,999,-1,5445129641,2018-05-31 00:14:57,1213
0,31-MAY-18,-1,613,34297867,-764744717,-1,999,-1,5445129637,2018-05-31 00:14:57,743
0,31-MAY-18,-1,-1,34046233,-764754850,-1,-1,-1,5445129642,2018-05-31 00:14:57,944
0,31-MAY-18,514045,170,34274317,-764634000,618,2841,302,5445129643,2018-05-31 00:14:57,968
0,31-MAY-18,514046,37,34279833,-764634900,618,2841,302,5445129645,2018-05-31 00:14:57,968
0,31-MAY-18,514046,5,34275050,-764633917,618,2841,302,5445129644,2018-05-31 00:14:57,968
0,31-MAY-18,-1,441,34294967,-764751883,-1,999,-1,5445129648,2018-05-31 00:14:58,1155
0,31-MAY-18,-1,4241,33592917,-765115050,-1,999,-1,5445129650,2018-05-31 00:14:58,856
0,31-MAY-18,-1,10127,34970667,-765035967,-1,999,-1,5445129647,2018-05-31 00:14:58,889
0,31-MAY-18,-1,5814,34034917,-764759050,-1,999,-1,5445129646,2018-05-31 00:14:58,936
0,31-MAY-18,-1,1,33590033,-765120333,-1,999,-1,5445129651,2018-05-31 00:14:58,98
0,31-MAY-18,-1,612,34304133,-764750167,-1,999,-1,5445129649,2018-05-31 00:14:58,983
0,31-MAY-18,-1,-1,34969767,-765037433,-1,-1,-1,5445129655,2018-05-31 00:14:59,1026
0,31-MAY-18,-1,416,34954583,-765050567,-1,999,-1,5445129654,2018-05-31 00:14:59,1178
0,31-MAY-18,-1,1865,34956050,-765048583,-1,999,-1,5445129656,2018-05-31 00:14:59,1192
0,31-MAY-18,-1,7805,34958517,-765054050,-1,999,-1,5445129661,2018-05-31 00:14:59,1211
0,31-MAY-18,-1,-1,33586933,-765109950,-1,-1,-1,5445129658,2018-05-31 00:14:59,122
0,31-MAY-18,-1,323,33588933,-765111383,-1,999,-1,5445129653,2018-05-31 00:14:59,51
0,31-MAY-18,-1,221,33579350,-765124133,-1,999,-1,5445129657,2018-05-31 00:14:59,54
0,31-MAY-18,-1,638,33592000,-765112067,-1,999,-1,5445129652,2018-05-31 00:14:59,829
0,31-MAY-18,-1,5862,33591467,-765121200,-1,999,-1,5445129660,2018-05-31 00:14:59,88
0,31-MAY-18,-1,3073,34047433,-764759200,-1,999,-1,5445129659,2018-05-31 00:14:59,949
0,31-MAY-18,-1,10533,34863583,-765119667,-1,999,-1,5445129668,2018-05-31 00:15:00,1202
0,31-MAY-18,513278,32,34936983,-764881433,393,333,317,5445129670,2018-05-31 00:15:00,1210
0,31-MAY-18,-1,-1,34043900,-764761200,-1,-1,-1,5445129664,2018-05-31 00:15:00,238
0,31-MAY-18,-1,-1,34970483,-765030850,-1,-1,-1,5445129663,2018-05-31 00:15:00,297
0,31-MAY-18,-1,598,34301183,-764746017,-1,999,-1,5445129666,2018-05-31 00:15:00,747
0,31-MAY-18,-1,1299,34295350,-764750917,-1,999,-1,5445129667,2018-05-31 00:15:00,771
0,31-MAY-18,513316,3288,34893550,-765054883,215,553,9999,5445129662,2018-05-31 00:15:00,899
0,31-MAY-18,514405,769,34036867,-764765417,-1,999,-1,5445129669,2018-05-31 00:15:00,937
0,31-MAY-18,514212,69,34306650,-764680567,622,3441,501,5445129665,2018-05-31 00:15:00,970
0,31-MAY-18,-1,-1,34975517,-765021333,-1,-1,-1,5445129673,2018-05-31 00:15:01,1082
0,31-MAY-18,-1,216,34292467,-764748517,-1,999,-1,5445129671,2018-05-31 00:15:01,1111
0,31-MAY-18,-1,506,34303350,-764749550,-1,999,-1,5445129678,2018-05-31 00:15:01,1115
0,31-MAY-18,-1,-1,33603583,-765122517,-1,-1,-1,5445129675,2018-05-31 00:15:01,1120
0,31-MAY-18,-1,-1,34964933,-765063933,-1,999,-1,5445129674,2018-05-31 00:15:01,1214
0,31-MAY-18,513245,-1,34868417,-764971683,896,3351,9996,5445129676,2018-05-31 00:15:01,202
0,31-MAY-18,-1,116,33590867,-765120850,-1,999,-1,5445129680,2018-05-31 00:15:01,24
0,31-MAY-18,-1,2802,33594633,-765117683,-1,999,-1,5445129681,2018-05-31 00:15:01,42
0,31-MAY-18,500100,-1,34898917,-765088283,545,2121,9894,5445129672,2018-05-31 00:15:01,53
0,31-MAY-18,-1,-1,34302900,-764749433,-1,999,-1,5445129679,2018-05-31 00:15:01,744
0,31-MAY-18,-1,-1,33589783,-765229667,-1,999,-1,5445129677,2018-05-31 00:15:01,873
0,31-MAY-18,512017,1,34941983,-765217083,511,2121,1884,5445129683,2018-05-31 00:15:02,1078
0,31-MAY-18,513278,32,34936067,-764881433,393,333,317,5445129685,2018-05-31 00:15:02,1210
0,31-MAY-18,-1,398,33595267,-765118033,-1,999,-1,5445129682,2018-05-31 00:15:02,382
0,31-MAY-18,515054,6990,34302550,-764749100,999,2524,728,5445129686,2018-05-31 00:15:02,792
0,31-MAY-18,-1,6063,33584167,-765113700,-1,999,-1,5445129684,2018-05-31 00:15:02,95
0,31-MAY-18,512017,1,34942567,-765218767,511,2121,1884,5445129689,2018-05-31 00:15:03,1078
0,31-MAY-18,-1,507,34300783,-764748500,-1,999,-1,5445129693,2018-05-31 00:15:03,1113
0,31-MAY-18,-1,5762,33593783,-765119183,-1,999,-1,5445129688,2018-05-31 00:15:03,1129
0,31-MAY-18,-1,-1,34953283,-765050983,-1,-1,-1,5445129687,2018-05-31 00:15:03,1200
0,31-MAY-18,-1,-1,33587400,-765113317,314,3133,9886,5445129695,2018-05-31 00:15:03,123
0,31-MAY-18,-1,-1,33592483,-765118150,-1,999,-1,5445129694,2018-05-31 00:15:03,1233
0,31-MAY-18,-1,-1,34960550,-765042467,-1,999,-1,5445129692,2018-05-31 00:15:03,193
0,31-MAY-18,511059,15957,34281000,-764987867,580,3192,9996,5445129690,2018-05-31 00:15:03,281
0,31-MAY-18,-1,-1,33599917,-765117717,-1,-1,-1,5445129696,2018-05-31 00:15:03,68
0,31-MAY-18,-1,-1,34302117,-764746767,-1,-1,-1,5445129691,2018-05-31 00:15:03,772
0,31-MAY-18,-1,-1,34051933,-764754583,62,376,9998,5445129698,2018-05-31 00:15:04,1262
0,31-MAY-18,-1,-1,34047067,-764757317,-1,999,-1,5445129700,2018-05-31 00:15:04,263
0,31-MAY-18,514427,-1,34264817,-764772200,53,3442,329,5445129699,2018-05-31 00:15:04,274
0,31-MAY-18,-1,-1,34968067,-765033633,-1,-1,-1,5445129697,2018-05-31 00:15:04,309
0,31-MAY-18,501850,14066,34293033,-764750333,-1,999,-1,5445129701,2018-05-31 00:15:04,45
0,31-MAY-18,-1,7852,34960450,-765053733,-1,999,-1,5445129702,2018-05-31 00:15:04,653
0,31-MAY-18,-1,12561,34297450,-764753350,-1,999,-1,5445129706,2018-05-31 00:15:05,1094
0,31-MAY-18,-1,-1,33591967,-765113217,-1,-1,-1,5445129708,2018-05-31 00:15:05,1124
0,31-MAY-18,-1,-1,33585583,-765113200,-1,999,-1,5445129705,2018-05-31 00:15:05,1161
0,31-MAY-18,-1,-1,34964267,-765037067,-1,-1,-1,5445129709,2018-05-31 00:15:05,1180
0,31-MAY-18,-1,253,33594567,-765115133,-1,999,-1,5445129710,2018-05-31 00:15:05,37
0,31-MAY-18,501703,12675,-1,-1,-1,-1,-1,5445129704,2018-05-31 00:15:05,706
0,31-MAY-18,-1,-1,33585567,-765111483,-1,999,-1,5445129707,2018-05-31 00:15:05,855
0,31-MAY-18,-1,-1,34298033,-764752967,-1,999,-1,5445129703,2018-05-31 00:15:05,959
0,31-MAY-18,-1,6364,33583233,-765122817,-1,999,-1,5445129715,2018-05-31 00:15:06,1046
0,31-MAY-18,-1,-1,34968850,-765034200,-1,-1,-1,5445129711,2018-05-31 00:15:06,1061
0,31-MAY-18,512017,10,34943317,-765221217,511,2121,1884,5445129713,2018-05-31 00:15:06,1078
0,31-MAY-18,-1,3926,34290550,-764749033,-1,999,-1,5445129712,2018-05-31 00:15:06,1093
0,31-MAY-18,-1,897,34290117,-764748150,-1,999,-1,5445129716,2018-05-31 00:15:06,1110
0,31-MAY-18,511417,296,33696833,-765165900,228,3131,620,5445129719,2018-05-31 00:15:06,1130
0,31-MAY-18,511484,35,33694333,-765165833,228,3131,620,5445129720,2018-05-31 00:15:06,1130
0,31-MAY-18,513278,-1,34933300,-764880833,393,333,317,5445129718,2018-05-31 00:15:06,1210
0,31-MAY-18,-1,461,33597783,-765120633,-1,999,-1,5445129714,2018-05-31 00:15:06,27
0,31-MAY-18,-1,-1,34968517,-765037667,-1,-1,-1,5445129717,2018-05-31 00:15:06,882
0,31-MAY-18,-1,309,33584100,-765135783,373,2211,9861,5445129725,2018-05-31 00:15:07,1139
0,31-MAY-18,511059,-1,33657000,-765582433,116,3192,9990,5445129726,2018-05-31 00:15:07,119
0,31-MAY-18,-1,-1,33606517,-765123083,-1,-1,-1,5445129721,2018-05-31 00:15:07,56
0,31-MAY-18,-1,-1,34042433,-764762750,-1,999,-1,5445129723,2018-05-31 00:15:07,618
0,31-MAY-18,-1,616,34300250,-764746800,-1,999,-1,5445129722,2018-05-31 00:15:07,745
0,31-MAY-18,-1,-1,34302483,-764747317,-1,-1,-1,5445129724,2018-05-31 00:15:07,759
0,31-MAY-18,-1,-1,33602917,-765118583,-1,-1,-1,5445129729,2018-05-31 00:15:08,1002
0,31-MAY-18,-1,-1,33591250,-765113250,-1,-1,-1,5445129731,2018-05-31 00:15:08,1048
0,31-MAY-18,-1,2656,34954433,-765051950,-1,999,-1,5445129728,2018-05-31 00:15:08,1067
0,31-MAY-18,-1,-1,33602767,-765118367,-1,-1,-1,5445129734,2018-05-31 00:15:08,18
0,31-MAY-18,-1,-1,34275667,-764998250,-1,-1,-1,5445129730,2018-05-31 00:15:08,251
0,31-MAY-18,-1,-1,33593700,-765116617,-1,-1,-1,5445129732,2018-05-31 00:15:08,836
0,31-MAY-18,-1,7757,33590217,-765111683,-1,999,-1,5445129733,2018-05-31 00:15:08,863
0,31-MAY-18,-1,-1,34969867,-765037067,-1,-1,-1,5445129727,2018-05-31 00:15:08,893
0,31-MAY-18,-1,5737,34962750,-765053967,-1,999,-1,5445129737,2018-05-31 00:15:09,1193
0,31-MAY-18,-1,248,34957050,-765046683,-1,999,-1,5445129740,2018-05-31 00:15:09,200
0,31-MAY-18,-1,-1,34037250,-764754183,-1,-1,-1,5445129739,2018-05-31 00:15:09,289
0,31-MAY-18,-1,113,34294950,-764751350,-1,999,-1,5445129735,2018-05-31 00:15:09,767
0,31-MAY-18,-1,-1,34970333,-765036483,-1,-1,-1,5445129738,2018-05-31 00:15:09,813
0,31-MAY-18,-1,-1,34969133,-765038583,-1,-1,-1,5445129741,2018-05-31 00:15:09,815
0,31-MAY-18,-1,-1,34043100,-764761000,-1,-1,-1,5445129736,2018-05-31 00:15:09,919
0,31-MAY-18,-1,434,34957150,-765046983,-1,999,-1,5445129743,2018-05-31 00:15:10,166
0,31-MAY-18,-1,-1,33603500,-765120200,-1,-1,-1,5445129745,2018-05-31 00:15:10,414
0,31-MAY-18,-1,-1,34304567,-764750317,-1,999,-1,5445129742,2018-05-31 00:15:10,709
0,31-MAY-18,-1,-1,34301350,-764747533,-1,-1,-1,5445129744,2018-05-31 00:15:10,802
0,31-MAY-18,-1,-1,34963133,-765037983,-1,999,-1,5445129747,2018-05-31 00:15:11,1203
0,31-MAY-18,-1,-1,34052117,-764754483,-1,999,-1,5445129746,2018-05-31 00:15:11,1262
0,31-MAY-18,-1,-1,34040750,-764756567,-1,-1,-1,5445129748,2018-05-31 00:15:11,624
0,31-MAY-18,-1,2247,34301267,-764747317,-1,999,-1,5445129750,2018-05-31 00:15:11,788
0,31-MAY-18,-1,631,33588533,-765111300,-1,999,-1,5445129749,2018-05-31 00:15:11,828
0,31-MAY-18,-1,-1,34034950,-764761883,-1,-1,-1,5445129752,2018-05-31 00:15:12,259
0,31-MAY-18,-1,-1,33586900,-765111567,-1,999,-1,5445129758,2018-05-31 00:15:12,26
0,31-MAY-18,-1,223,33591717,-765114450,-1,999,-1,5445129757,2018-05-31 00:15:12,32
0,31-MAY-18,-1,-1,34974733,-765023317,-1,-1,-1,5445129761,2018-05-31 00:15:12,642
0,31-MAY-18,-1,-1,33590183,-765113033,-1,-1,-1,5445129756,2018-05-31 00:15:12,67
0,31-MAY-18,-1,19165,34298933,-764747117,-1,999,-1,5445129759,2018-05-31 00:15:12,749
0,31-MAY-18,-1,202,34290833,-764747500,-1,999,-1,5445129754,2018-05-31 00:15:12,775
0,31-MAY-18,-1,-1,33591300,-765112167,-1,-1,-1,5445129753,2018-05-31 00:15:12,823
0,31-MAY-18,-1,-1,33592617,-765112300,-1,-1,-1,5445129755,2018-05-31 00:15:12,834
0,31-MAY-18,-1,6167,33586517,-765120267,-1,999,-1,5445129760,2018-05-31 00:15:12,850
0,31-MAY-18,-1,39,34044967,-764760183,874,3411,9990,5445129751,2018-05-31 00:15:12,928
0,31-MAY-18,-1,-1,33604617,-765122283,-1,-1,-1,5445129770,2018-05-31 00:15:13,1003
0,31-MAY-18,-1,220,34289567,-764746900,-1,999,-1,5445129763,2018-05-31 00:15:13,1107
0,31-MAY-18,-1,236,33587867,-765114483,-1,999,-1,5445129765,2018-05-31 00:15:13,1135
0,31-MAY-18,511352,-1,33488083,-765238517,160,3122,9943,5445129776,2018-05-31 00:15:13,124
0,31-MAY-18,-1,416,33586867,-765120883,-1,999,-1,5445129766,2018-05-31 00:15:13,125
0,31-MAY-18,-1,350,34034383,-764764017,188,1472,9759,5445129767,2018-05-31 00:15:13,219
0,31-MAY-18,-1,-1,34035433,-764761533,-1,-1,-1,5445129764,2018-05-31 00:15:13,221
0,31-MAY-18,-1,-1,34047833,-764757900,-1,999,-1,5445129768,2018-05-31 00:15:13,272
0,31-MAY-18,514427,31,34262183,-764772700,53,3442,329,5445129769,2018-05-31 00:15:13,274
0,31-MAY-18,-1,962,33584650,-765111067,-1,999,-1,5445129762,2018-05-31 00:15:13,312
0,31-MAY-18,-1,-1,33599183,-765121650,-1,-1,-1,5445129773,2018-05-31 00:15:13,402
0,31-MAY-18,-1,-1,34045633,-764758683,-1,-1,-1,5445129774,2018-05-31 00:15:13,555
0,31-MAY-18,-1,594,34299483,-764746217,-1,999,-1,5445129772,2018-05-31 00:15:13,797
0,31-MAY-18,-1,-1,34969383,-765038217,-1,-1,-1,5445129771,2018-05-31 00:15:13,894
0,31-MAY-18,-1,-1,34299100,-764748033,-1,-1,-1,5445129775,2018-05-31 00:15:13,974
0,31-MAY-18,-1,5,33586150,-765109683,-1,-1,-1,5445129781,2018-05-31 00:15:14,116
0,31-MAY-18,-1,725,34976283,-765019700,-1,999,-1,5445129779,2018-05-31 00:15:14,1172
0,31-MAY-18,-1,336,34958717,-765044900,-1,999,-1,5445129783,2018-05-31 00:15:14,1179
0,31-MAY-18,519041,4447,34781617,-765175617,259,305,9992,5445129784,2018-05-31 00:15:14,1189
0,31-MAY-18,-1,1,33587133,-765120333,276,3122,9931,5444337664,2018-05-31 00:15:14,121
0,31-MAY-18,-1,-1,34964950,-765009450,-1,-1,-1,5444337662,2018-05-31 00:15:14,158
0,31-MAY-18,-1,-1,34954033,-765051767,-1,999,-1,5445129785,2018-05-31 00:15:14,180
0,31-MAY-18,519192,-1,34961700,-765053517,937,306,9982,5445129778,2018-05-31 00:15:14,198
0,31-MAY-18,-1,2061,34048400,-764757250,-1,999,-1,5445129782,2018-05-31 00:15:14,227
0,31-MAY-18,-1,69,34032150,-764765633,560,347,9998,5445129777,2018-05-31 00:15:14,240
0,31-MAY-18,-1,1765,34033917,-764759633,-1,999,-1,5444337663,2018-05-31 00:15:14,258
0,31-MAY-18,514427,31,34261833,-764772767,53,3442,329,5445129789,2018-05-31 00:15:14,274
0,31-MAY-18,502301,-1,33456150,-765241900,555,2121,9914,5444337665,2018-05-31 00:15:14,844
0,31-MAY-18,-1,-1,34035117,-764763417,-1,-1,-1,5445129786,2018-05-31 00:15:14,913
0,31-MAY-18,-1,-1,34035133,-764763417,-1,-1,-1,5445129788,2018-05-31 00:15:14,913
0,31-MAY-18,-1,-1,34035133,-764763433,-1,-1,-1,5445129787,2018-05-31 00:15:14,913
0,31-MAY-18,-1,-1,34034300,-764762200,-1,999,-1,5445129780,2018-05-31 00:15:14,940
0,31-MAY-18,500101,12512,34294000,-764750567,-1,999,-1,5444337670,2018-05-31 00:15:15,1005
0,31-MAY-18,-1,183,34292950,-764749150,-1,999,-1,5444337671,2018-05-31 00:15:15,1103
0,31-MAY-18,-1,66,34959417,-765053983,-1,999,-1,5444337675,2018-05-31 00:15:15,181
0,31-MAY-18,-1,-1,33600550,-765121983,-1,-1,-1,5444337672,2018-05-31 00:15:15,23
0,31-MAY-18,-1,3382,34965483,-765035283,-1,999,-1,5444337669,2018-05-31 00:15:15,307
0,31-MAY-18,-1,-1,33600900,-765117750,-1,-1,-1,5444337667,2018-05-31 00:15:15,437
0,31-MAY-18,-1,1182,34300667,-764747517,-1,999,-1,5444337673,2018-05-31 00:15:15,785
0,31-MAY-18,-1,-1,33608050,-765121617,-1,-1,-1,5444337674,2018-05-31 00:15:15,83
0,31-MAY-18,-1,-1,34034100,-764764350,-1,999,-1,5444337666,2018-05-31 00:15:15,910
0,31-MAY-18,-1,196,34041567,-764763400,-1,999,-1,5444337668,2018-05-31 00:15:15,926
0,31-MAY-18,502302,31,33670050,-765291067,986,3171,9988,5444337678,2018-05-31 00:15:16,1006
0,31-MAY-18,-1,89,33585933,-765110750,-1,999,-1,5444337676,2018-05-31 00:15:16,1009
0,31-MAY-18,-1,15687,33591183,-765119100,-1,-1,-1,5444337681,2018-05-31 00:15:16,314
0,31-MAY-18,-1,1755,34295617,-764752017,-1,999,-1,5444337680,2018-05-31 00:15:16,761
0,31-MAY-18,-1,-1,34296933,-764754300,-1,999,-1,5444337679,2018-05-31 00:15:16,765
0,31-MAY-18,-1,-1,34046233,-764754867,-1,-1,-1,5444337682,2018-05-31 00:15:16,944
0,31-MAY-18,-1,471,34295150,-764743867,-1,999,-1,5444337677,2018-05-31 00:15:16,953
0,31-MAY-18,-1,-1,34296550,-764746400,-1,999,-1,5444337684,2018-05-31 00:15:16,966
0,31-MAY-18,-1,22523,33591133,-765114183,-1,999,-1,5444337683,2018-05-31 00:15:16,991
0,31-MAY-18,-1,3745,33587750,-765111100,-1,999,-1,5444337685,2018-05-31 00:15:17,1008
0,31-MAY-18,-1,1963,33586667,-765113300,-1,999,-1,5444337692,2018-05-31 00:15:17,1220
0,31-MAY-18,-1,13683,34959217,-765044750,-1,999,-1,5444337688,2018-05-31 00:15:17,203
0,31-MAY-18,-1,-1,34041067,-764756367,-1,-1,-1,5444337687,2018-05-31 00:15:17,239
0,31-MAY-18,-1,403,33586533,-765110917,-1,999,-1,5444337686,2018-05-31 00:15:17,65
0,31-MAY-18,-1,65,34048033,-764756700,-1,999,-1,5444337689,2018-05-31 00:15:17,700
0,31-MAY-18,-1,-1,34971083,-765034867,-1,-1,-1,5444337690,2018-05-31 00:15:17,809
0,31-MAY-18,-1,202,33594400,-765113733,-1,999,-1,5444337691,2018-05-31 00:15:17,992
0,31-MAY-18,500153,7852,34293717,-764745067,-1,999,-1,5444337694,2018-05-31 00:15:18,1109
0,31-MAY-18,-1,-1,33591017,-765112317,-1,-1,-1,5444337698,2018-05-31 00:15:18,1144
0,31-MAY-18,-1,-1,34959650,-765044300,-1,999,-1,5444337693,2018-05-31 00:15:18,1212
0,31-MAY-18,-1,3700,34959000,-765045133,-1,999,-1,5444337696,2018-05-31 00:15:18,145
0,31-MAY-18,-1,126,34034783,-764763750,423,1571,9885,5444337701,2018-05-31 00:15:18,216
0,31-MAY-18,500164,285,34438867,-764819267,904,3411,356,5444337699,2018-05-31 00:15:18,250
0,31-MAY-18,-1,-1,34301633,-764752717,-1,999,-1,5444337695,2018-05-31 00:15:18,725
0,31-MAY-18,-1,-1,34970717,-765035567,-1,-1,-1,5444337697,2018-05-31 00:15:18,805
0,31-MAY-18,514213,6,34315867,-764695700,622,3441,501,5444337700,2018-05-31 00:15:18,970
0,31-MAY-18,-1,-1,34290883,-764739733,-1,999,-1,5444337702,2018-05-31 00:15:19,1108
0,31-MAY-18,514245,2327,34429733,-764842683,1087,3452,9998,5444337704,2018-05-31 00:15:19,1263
0,31-MAY-18,-1,168,34293350,-764749183,-1,999,-1,5444337703,2018-05-31 00:15:19,977
0,31-MAY-18,-1,-1,34968783,-765033117,-1,-1,-1,5444337708,2018-05-31 00:15:20,1053
0,31-MAY-18,503012,-1,34187883,-764784650,861,2842,9834,5444337711,2018-05-31 00:15:20,1096
0,31-MAY-18,-1,-1,-1,-1,-1,-1,-1,5444337705,2018-05-31 00:15:20,129
0,31-MAY-18,-1,-1,34970933,-765035283,-1,-1,-1,5444337706,2018-05-31 00:15:20,137
0,31-MAY-18,514427,15,34259533,-764773200,53,3442,329,5444337710,2018-05-31 00:15:20,274
0,31-MAY-18,511059,16418,34257217,-764955883,580,3192,9996,5444337709,2018-05-31 00:15:20,281
0,31-MAY-18,-1,-1,34034767,-764756233,-1,-1,-1,5444337707,2018-05-31 00:15:20,285
0,31-MAY-18,-1,499,34034700,-764761983,707,142,9964,5444337714,2018-05-31 00:15:20,616
0,31-MAY-18,-1,-1,34301633,-764746567,-1,-1,-1,5444337713,2018-05-31 00:15:20,760
0,31-MAY-18,-1,15211,34294683,-764750750,-1,999,-1,5444337715,2018-05-31 00:15:20,774
0,31-MAY-18,-1,-1,34959467,-765024983,-1,-1,-1,5444337712,2018-05-31 00:15:20,812
0,31-MAY-18,-1,-1,34300333,-764748383,-1,-1,-1,5444337717,2018-05-31 00:15:21,1095
0,31-MAY-18,-1,-1,34971150,-765007617,-1,-1,-1,5444337718,2018-05-31 00:15:21,1183
0,31-MAY-18,513283,-1,34925567,-764879483,393,333,317,5444337721,2018-05-31 00:15:21,1210
0,31-MAY-18,-1,3492,33594350,-765114600,-1,999,-1,5444337716,2018-05-31 00:15:21,128
0,31-MAY-18,-1,13171,34964217,-765056667,-1,999,-1,5444337719,2018-05-31 00:15:21,186
0,31-MAY-18,514056,309,34404183,-764812250,790,2841,300,5444337722,2018-05-31 00:15:21,789
0,31-MAY-18,-1,1336,34041333,-764758733,-1,999,-1,5444337720,2018-05-31 00:15:21,932
0,31-MAY-18,502302,54,33668767,-765288783,986,3171,9988,5444337726,2018-05-31 00:15:22,1006
0,31-MAY-18,-1,110,34294300,-764750083,-1,999,-1,5444337723,2018-05-31 00:15:22,1112
0,31-MAY-18,-1,-1,-1,-1,-1,-1,-1,5444337732,2018-05-31 00:15:22,151
0,31-MAY-18,-1,-1,33594167,-765116833,-1,-1,-1,5444337729,2018-05-31 00:15:22,299
0,31-MAY-18,-1,5,34035400,-764763217,115,150,9948,5444337730,2018-05-31 00:15:22,551
0,31-MAY-18,-1,-1,34968933,-765038783,-1,-1,-1,5444337725,2018-05-31 00:15:22,810
0,31-MAY-18,-1,-1,34956867,-765048483,-1,999,-1,5444337731,2018-05-31 00:15:22,817
0,31-MAY-18,504016,17203,33673800,-765299283,497,131,9921,5444337727,2018-05-31 00:15:22,837
0,31-MAY-18,-1,18128,34957483,-765047433,-1,999,-1,5444337724,2018-05-31 00:15:22,888
0,31-MAY-18,-1,132,34295050,-764751167,-1,999,-1,5444337728,2018-05-31 00:15:22,975
0,31-MAY-18,511441,-1,33592733,-765121417,657,3124,9881,5444337742,2018-05-31 00:15:23,103
0,31-MAY-18,-1,12518,33598733,-765119700,-1,999,-1,5444337743,2018-05-31 00:15:23,1138
0,31-MAY-18,-1,5462,33587083,-765110700,-1,999,-1,5444337741,2018-05-31 00:15:23,1154
0,31-MAY-18,-1,-1,33584333,-765110650,-1,-1,-1,5444337733,2018-05-31 00:15:23,130
0,31-MAY-18,519281,10814,34978083,-765021417,-1,999,-1,5444337737,2018-05-31 00:15:23,188
0,31-MAY-18,-1,-1,34038250,-764753617,-1,-1,-1,5444337735,2018-05-31 00:15:23,288
0,31-MAY-18,-1,367,34290300,-764744867,-1,999,-1,5444337736,2018-05-31 00:15:23,717
0,31-MAY-18,-1,6,34301517,-764754917,-1,999,-1,5444337740,2018-05-31 00:15:23,764
0,31-MAY-18,-1,-1,34955933,-765049767,-1,-1,-1,5444337738,2018-05-31 00:15:23,892
0,31-MAY-18,-1,-1,34035150,-764761667,-1,999,-1,5444337739,2018-05-31 00:15:23,924
0,31-MAY-18,500104,12476,34296433,-764751950,-1,999,-1,5444337734,2018-05-31 00:15:23,960
0,31-MAY-18,514213,34,34319267,-764701350,622,3441,501,5444337744,2018-05-31 00:15:23,970
0,31-MAY-18,-1,-1,33594650,-765120717,-1,-1,-1,5444337747,2018-05-31 00:15:24,1007
0,31-MAY-18,-1,-1,33584783,-765113250,-1,-1,-1,5444337752,2018-05-31 00:15:24,1159
0,31-MAY-18,-1,-1,33624950,-765104867,-1,-1,-1,5444337749,2018-05-31 00:15:24,126
0,31-MAY-18,-1,-1,33576000,-765078483,-1,-1,-1,5444337748,2018-05-31 00:15:24,388
0,31-MAY-18,-1,-1,33587167,-765115450,-1,-1,-1,5444337746,2018-05-31 00:15:24,81
0,31-MAY-18,-1,-1,33604517,-765119383,-1,-1,-1,5444337745,2018-05-31 00:15:24,832
0,31-MAY-18,511251,-1,33667550,-765282367,598,3172,192,5444337751,2018-05-31 00:15:24,94
0,31-MAY-18,514213,34,34319267,-764701350,622,3441,501,5444337750,2018-05-31 00:15:24,970
0,31-MAY-18,-1,-1,-1,-1,-1,-1,-1,5444337758,2018-05-31 00:15:25,1069
0,31-MAY-18,-1,-1,34963267,-765040183,-1,-1,-1,5444337756,2018-05-31 00:15:25,192
0,31-MAY-18,-1,8587,34964133,-765055700,-1,999,-1,5444337761,2018-05-31 00:15:25,210
0,31-MAY-18,-1,-1,33583217,-765115067,-1,999,-1,5444337754,2018-05-31 00:15:25,29
0,31-MAY-18,-1,-1,34971467,-765029000,-1,-1,-1,5444337753,2018-05-31 00:15:25,303
0,31-MAY-18,-1,-1,34300200,-764755017,-1,999,-1,5444337760,2018-05-31 00:15:25,739
0,31-MAY-18,502304,14239,34289167,-764747533,-1,999,-1,5444337757,2018-05-31 00:15:25,746
0,31-MAY-18,-1,-1,34032667,-764765467,-1,-1,-1,5444337755,2018-05-31 00:15:25,935
0,31-MAY-18,514046,150,34290933,-764638017,618,2841,302,5444337759,2018-05-31 00:15:25,968
0,31-MAY-18,-1,-1,34959300,-765043200,-1,-1,-1,5444337766,2018-05-31 00:15:26,1079
0,31-MAY-18,-1,5731,33590650,-765114483,-1,999,-1,5444337765,2018-05-31 00:15:26,1145
0,31-MAY-18,-1,-1,34960083,-765042433,-1,999,-1,5444337764,2018-05-31 00:15:26,1213
0,31-MAY-18,-1,-1,34293483,-764740267,-1,-1,-1,5444337771,2018-05-31 00:15:26,740
0,31-MAY-18,-1,613,34297850,-764744717,-1,999,-1,5444337762,2018-05-31 00:15:26,743
0,31-MAY-18,-1,-1,33593083,-765118550,-1,999,-1,5444337763,2018-05-31 00:15:26,866
0,31-MAY-18,-1,10127,34970650,-765035967,-1,999,-1,5444337770,2018-05-31 00:15:26,889
0,31-MAY-18,514047,35,34297183,-764640300,618,2841,302,5444337768,2018-05-31 00:15:26,968
0,31-MAY-18,514047,35,34297183,-764640300,618,2841,302,5444337769,2018-05-31 00:15:26,968
0,31-MAY-18,514047,5,34291783,-764638250,618,2841,302,5444337767,2018-05-31 00:15:26,968
0,31-MAY-18,-1,2341,34956817,-765047383,-1,999,-1,5444337772,2018-05-31 00:15:27,1068
0,31-MAY-18,-1,441,34295000,-764751900,-1,999,-1,5444337777,2018-05-31 00:15:27,1155
0,31-MAY-18,-1,1865,34956300,-765048483,-1,999,-1,5444337773,2018-05-31 00:15:27,1192
0,31-MAY-18,-1,-1,34303733,-764748283,-1,-1,-1,5444337775,2018-05-31 00:15:27,757
0,31-MAY-18,-1,1,33589983,-765120300,-1,999,-1,5444337776,2018-05-31 00:15:27,98
0,31-MAY-18,-1,612,34304117,-764750100,-1,999,-1,5444337774,2018-05-31 00:15:27,983
0,31-MAY-18,502302,9,33668367,-765287850,986,3171,9988,5444337781,2018-05-31 00:15:28,1006
0,31-MAY-18,-1,-1,34967117,-765032117,-1,-1,-1,5444337784,2018-05-31 00:15:28,1074
0,31-MAY-18,-1,416,34954583,-765050550,-1,999,-1,5444337778,2018-05-31 00:15:28,1178
0,31-MAY-18,-1,7962,34952483,-765053383,-1,999,-1,5444337785,2018-05-31 00:15:28,1211
0,31-MAY-18,-1,323,33588933,-765111383,-1,999,-1,5444337780,2018-05-31 00:15:28,51
0,31-MAY-18,-1,221,33579367,-765124100,-1,999,-1,5444337783,2018-05-31 00:15:28,54
0,31-MAY-18,-1,638,33592017,-765112083,-1,999,-1,5444337779,2018-05-31 00:15:28,829
0,31-MAY-18,-1,5862,33591467,-765121200,-1,999,-1,5444337786,2018-05-31 00:15:28,88
0,31-MAY-18,511204,-1,-1,-1,611,3191,9892,5444337782,2018-05-31 00:15:28,900
0,31-MAY-18,-1,506,34303367,-764749517,-1,999,-1,5444337792,2018-05-31 00:15:29,1115
0,31-MAY-18,-1,598,34301167,-764746033,-1,999,-1,5444337789,2018-05-31 00:15:29,747
0,31-MAY-18,-1,1299,34295317,-764750900,-1,999,-1,5444337791,2018-05-31 00:15:29,771
0,31-MAY-18,511204,-1,-1,-1,611,3191,9892,5444337788,2018-05-31 00:15:29,900
0,31-MAY-18,-1,5814,34034900,-764759083,-1,999,-1,5444337787,2018-05-31 00:15:29,936
0,31-MAY-18,514405,769,34036867,-764765417,-1,999,-1,5444337793,2018-05-31 00:15:29,937
0,31-MAY-18,-1,3073,34047433,-764759167,-1,999,-1,5444337790,2018-05-31 00:15:29,949
0,31-MAY-18,-1,-1,34969767,-765037433,-1,-1,-1,5444337797,2018-05-31 00:15:30,1026
0,31-MAY-18,-1,216,34292533,-764748350,-1,999,-1,5444337795,2018-05-31 00:15:30,1111
0,31-MAY-18,-1,11038,34905667,-765099100,-1,999,-1,5444337804,2018-05-31 00:15:30,1202
0,31-MAY-18,-1,-1,34964767,-765058550,-1,999,-1,5444337796,2018-05-31 00:15:30,1214
0,31-MAY-18,-1,-1,33586917,-765109967,-1,-1,-1,5444337800,2018-05-31 00:15:30,122
0,31-MAY-18,513245,-1,34876833,-765000283,896,3351,9996,5444337805,2018-05-31 00:15:30,202
0,31-MAY-18,-1,116,33590933,-765120767,-1,999,-1,5444337803,2018-05-31 00:15:30,24
0,31-MAY-18,-1,-1,33583217,-765115083,-1,999,-1,5444337794,2018-05-31 00:15:30,29
0,31-MAY-18,-1,398,33595250,-765118033,-1,999,-1,5444337799,2018-05-31 00:15:30,382
0,31-MAY-18,-1,2802,33594617,-765117667,-1,999,-1,5444337806,2018-05-31 00:15:30,42
0,31-MAY-18,-1,-1,34302633,-764749383,-1,999,-1,5444337802,2018-05-31 00:15:30,744
0,31-MAY-18,-1,-1,33588050,-765199050,-1,999,-1,5444337801,2018-05-31 00:15:30,873
0,31-MAY-18,513316,3866,34900350,-765083400,215,553,9999,5444337798,2018-05-31 00:15:30,899
0,31-MAY-18,-1,-1,34043900,-764761200,-1,-1,-1,5444337810,2018-05-31 00:15:31,238
0,31-MAY-18,-1,-1,33594217,-765116467,-1,-1,-1,5444337809,2018-05-31 00:15:31,299
0,31-MAY-18,515054,6990,34302683,-764748950,999,2524,728,5444337811,2018-05-31 00:15:31,792
0,31-MAY-18,511204,-1,34572133,-765312067,611,3191,9892,5444337807,2018-05-31 00:15:31,900
0,31-MAY-18,-1,6063,33584417,-765114317,-1,999,-1,5444337808,2018-05-31 00:15:31,95
0,31-MAY-18,-1,-1,34975517,-765021317,-1,-1,-1,5444337814,2018-05-31 00:15:32,1082
0,31-MAY-18,-1,-1,33603583,-765122500,-1,-1,-1,5444337815,2018-05-31 00:15:32,1120
0,31-MAY-18,-1,5762,33593767,-765119183,-1,999,-1,5444337816,2018-05-31 00:15:32,1129
0,31-MAY-18,-1,-1,34954767,-765050683,-1,-1,-1,5444337812,2018-05-31 00:15:32,1200
0,31-MAY-18,-1,-1,34960600,-765042867,-1,999,-1,5444337817,2018-05-31 00:15:32,193
0,31-MAY-18,500100,-1,34898917,-765088267,545,2121,9894,5444337813,2018-05-31 00:15:32,53
0,31-MAY-18,-1,507,34300733,-764748483,-1,999,-1,5444337818,2018-05-31 00:15:33,1113
0,31-MAY-18,-1,-1,33587400,-765113317,314,3133,9886,5444337819,2018-05-31 00:15:33,123
0,31-MAY-18,-1,-1,33592467,-765118133,-1,999,-1,5444337820,2018-05-31 00:15:33,1233
0,31-MAY-18,-1,12566,34296950,-764753250,-1,999,-1,5444337824,2018-05-31 00:15:34,1094
0,31-MAY-18,-1,-1,33586283,-765112650,-1,999,-1,5444337825,2018-05-31 00:15:34,1161
0,31-MAY-18,-1,-1,34970483,-765030867,-1,-1,-1,5444337826,2018-05-31 00:15:34,297
0,31-MAY-18,501850,14066,34293033,-764750317,-1,999,-1,5444337822,2018-05-31 00:15:34,45
0,31-MAY-18,-1,7863,34959483,-765054100,-1,999,-1,5444337821,2018-05-31 00:15:34,653
0,31-MAY-18,501703,12675,-1,-1,-1,-1,-1,5444337828,2018-05-31 00:15:34,706
0,31-MAY-18,-1,-1,34302117,-764746767,-1,-1,-1,5444337827,2018-05-31 00:15:34,772
0,31-MAY-18,-1,-1,33585567,-765111500,-1,999,-1,5444337829,2018-05-31 00:15:34,855
0,31-MAY-18,-1,-1,34297900,-764753000,-1,999,-1,5444337823,2018-05-31 00:15:34,959
0,31-MAY-18,-1,6364,33583433,-765123800,-1,999,-1,5444337835,2018-05-31 00:15:35,1046
0,31-MAY-18,512017,182,34938950,-765233600,511,2121,1884,5444337836,2018-05-31 00:15:35,1078
0,31-MAY-18,-1,3926,34290567,-764749033,-1,999,-1,5444337834,2018-05-31 00:15:35,1093
0,31-MAY-18,500168,-1,34051800,-764755100,1167,3441,9949,5444337838,2018-05-31 00:15:35,260
0,31-MAY-18,-1,461,33597750,-765120617,-1,999,-1,5444337837,2018-05-31 00:15:35,27
0,31-MAY-18,-1,-1,34969100,-765033450,-1,-1,-1,5444337833,2018-05-31 00:15:35,309
0,31-MAY-18,-1,253,33594583,-765115133,-1,999,-1,5444337832,2018-05-31 00:15:35,37
0,31-MAY-18,-1,-1,33599900,-765117717,-1,-1,-1,5444337831,2018-05-31 00:15:35,68
0,31-MAY-18,-1,4241,33592900,-765115083,-1,999,-1,5444337830,2018-05-31 00:15:35,856
0,31-MAY-18,-1,897,34290117,-764748133,-1,999,-1,5444337841,2018-05-31 00:15:36,1110
0,31-MAY-18,-1,-1,33591967,-765113233,-1,-1,-1,5444337844,2018-05-31 00:15:36,1124
0,31-MAY-18,-1,-1,34042450,-764762750,-1,999,-1,5444337842,2018-05-31 00:15:36,618
0,31-MAY-18,-1,616,34300250,-764746783,-1,999,-1,5444337840,2018-05-31 00:15:36,745
0,31-MAY-18,-1,-1,34968517,-765037683,-1,-1,-1,5444337843,2018-05-31 00:15:36,882
0,31-MAY-18,514214,9,34331883,-764713017,622,3441,501,5444337839,2018-05-31 00:15:36,970
0,31-MAY-18,-1,-1,34968850,-765034200,-1,-1,-1,5444337849,2018-05-31 00:15:37,1061
0,31-MAY-18,-1,2656,34954450,-765051917,-1,999,-1,5444337848,2018-05-31 00:15:37,1067
0,31-MAY-18,511059,-1,33637333,-765579850,116,3192,9990,5444337847,2018-05-31 00:15:37,119
0,31-MAY-18,-1,12931,34060433,-765214950,-1,999,-1,5444337850,2018-05-31 00:15:37,199
0,31-MAY-18,-1,13121,34073317,-765204417,-1,999,-1,5444337851,2018-05-31 00:15:37,199
0,31-MAY-18,-1,7757,33590217,-765111683,-1,999,-1,5444337846,2018-05-31 00:15:37,863
0,31-MAY-18,514214,34,34333067,-764713950,622,3441,501,5444337845,2018-05-31 00:15:37,970
0,31-MAY-18,-1,-1,34964800,-765036500,-1,-1,-1,5444337854,2018-05-31 00:15:38,1180
0,31-MAY-18,-1,5749,34961483,-765053383,-1,999,-1,5444337857,2018-05-31 00:15:38,1193
0,31-MAY-18,513283,33,34920617,-764879250,393,333,317,5444337853,2018-05-31 00:15:38,1210
0,31-MAY-18,-1,-1,34049083,-764755267,-1,999,-1,5444337856,2018-05-31 00:15:38,1262
0,31-MAY-18,-1,-1,33606517,-765123067,-1,-1,-1,5444337855,2018-05-31 00:15:38,56
0,31-MAY-18,514214,34,34334250,-764714883,622,3441,501,5444337852,2018-05-31 00:15:38,970
0,31-MAY-18,-1,-1,33602933,-765118600,-1,-1,-1,5444337863,2018-05-31 00:15:39,1002
0,31-MAY-18,-1,524,33582733,-765115900,373,2211,9861,5444337858,2018-05-31 00:15:39,1139
0,31-MAY-18,-1,-1,34304583,-764750317,-1,999,-1,5444337862,2018-05-31 00:15:39,709
0,31-MAY-18,-1,-1,34302483,-764747333,-1,-1,-1,5444337859,2018-05-31 00:15:39,759
0,31-MAY-18,-1,113,34294950,-764751367,-1,999,-1,5444337861,2018-05-31 00:15:39,767
0,31-MAY-18,-1,-1,34970033,-765037050,-1,-1,-1,5444337860,2018-05-31 00:15:39,893
0,31-MAY-18,-1,-1,33591250,-765113233,-1,-1,-1,5444337872,2018-05-31 00:15:40,1048
0,31-MAY-18,-1,-1,34963117,-765037983,-1,999,-1,5444337875,2018-05-31 00:15:40,1203
0,31-MAY-18,-1,-1,34048517,-764755133,-1,999,-1,5444337874,2018-05-31 00:15:40,1262
0,31-MAY-18,-1,434,34957183,-765046950,-1,999,-1,5444337868,2018-05-31 00:15:40,166
0,31-MAY-18,-1,291,34959500,-765044083,-1,999,-1,5444337865,2018-05-31 00:15:40,200
0,31-MAY-18,-1,-1,34270967,-765002850,-1,-1,-1,5444337869,2018-05-31 00:15:40,251
0,31-MAY-18,-1,-1,34046967,-764757217,-1,999,-1,5444337867,2018-05-31 00:15:40,263
0,31-MAY-18,-1,-1,34045633,-764758667,-1,-1,-1,5444337866,2018-05-31 00:15:40,555
0,31-MAY-18,-1,-1,34970350,-765036517,-1,-1,-1,5444337877,2018-05-31 00:15:40,813
0,31-MAY-18,-1,-1,34970183,-765036183,-1,-1,-1,5444337873,2018-05-31 00:15:40,814
0,31-MAY-18,-1,-1,33593700,-765116633,-1,-1,-1,5444337864,2018-05-31 00:15:40,836
0,31-MAY-18,-1,6167,33586500,-765120267,-1,999,-1,5444337871,2018-05-31 00:15:40,850
0,31-MAY-18,-1,-1,34042667,-764760450,-1,-1,-1,5444337876,2018-05-31 00:15:40,919
0,31-MAY-18,514214,21,34336667,-764716750,622,3441,501,5444337870,2018-05-31 00:15:40,970
0,31-MAY-18,-1,-1,33602767,-765118367,-1,-1,-1,5444337881,2018-05-31 00:15:41,18
0,31-MAY-18,-1,-1,33586883,-765111517,-1,999,-1,5444337880,2018-05-31 00:15:41,26
0,31-MAY-18,-1,-1,34037250,-764754183,-1,-1,-1,5444337879,2018-05-31 00:15:41,289
0,31-MAY-18,-1,202,34290800,-764747500,-1,999,-1,5444337884,2018-05-31 00:15:41,775
0,31-MAY-18,-1,2247,34301233,-764747333,-1,999,-1,5444337883,2018-05-31 00:15:41,788
0,31-MAY-18,-1,-1,34969150,-765038583,-1,-1,-1,5444337882,2018-05-31 00:15:41,815
0,31-MAY-18,-1,631,33588567,-765111300,-1,999,-1,5444337878,2018-05-31 00:15:41,828
0,31-MAY-18,-1,220,34289567,-764746883,-1,999,-1,5444337890,2018-05-31 00:15:42,1107
0,31-MAY-18,-1,236,33587867,-765114467,-1,999,-1,5444337893,2018-05-31 00:15:42,1135
0,31-MAY-18,-1,5,33586150,-765109683,-1,-1,-1,5444337894,2018-05-31 00:15:42,116
0,31-MAY-18,519041,4447,34782133,-765175517,259,305,9992,5444337896,2018-05-31 00:15:42,1189
0,31-MAY-18,-1,416,33587283,-765120683,-1,999,-1,5444337895,2018-05-31 00:15:42,125
0,31-MAY-18,-1,2061,34048417,-764757183,-1,999,-1,5444337891,2018-05-31 00:15:42,227
0,31-MAY-18,-1,-1,34047783,-764757767,-1,999,-1,5444337897,2018-05-31 00:15:42,272
0,31-MAY-18,-1,223,33591717,-765114450,-1,999,-1,5444337887,2018-05-31 00:15:42,32
0,31-MAY-18,-1,-1,33606517,-765121600,-1,-1,-1,5444337889,2018-05-31 00:15:42,414
0,31-MAY-18,-1,-1,34040750,-764756567,-1,-1,-1,5444337892,2018-05-31 00:15:42,624
0,31-MAY-18,-1,19165,-1,-1,-1,999,-1,5444337888,2018-05-31 00:15:42,749
0,31-MAY-18,-1,-1,34301350,-764747533,-1,-1,-1,5444337885,2018-05-31 00:15:42,802
0,31-MAY-18,502301,-1,33483467,-765239133,555,2121,9914,5444337886,2018-05-31 00:15:42,844
0,31-MAY-18,512017,298,34932267,-765235417,511,2121,1884,5444337908,2018-05-31 00:15:43,1078
0,31-MAY-18,-1,726,34976217,-765019917,-1,999,-1,5444337902,2018-05-31 00:15:43,1172
0,31-MAY-18,511352,-1,33448017,-765242567,160,3122,9943,5444337899,2018-05-31 00:15:43,124
0,31-MAY-18,-1,-1,34954050,-765051767,-1,999,-1,5444337905,2018-05-31 00:15:43,180
0,31-MAY-18,519192,-1,34960683,-765053767,937,306,9982,5444337900,2018-05-31 00:15:43,198
0,31-MAY-18,-1,-1,34034950,-764761867,-1,-1,-1,5444337907,2018-05-31 00:15:43,259
0,31-MAY-18,514427,108,34251867,-764774133,53,3442,329,5444337910,2018-05-31 00:15:43,274
0,31-MAY-18,-1,3397,34966317,-765033800,-1,999,-1,5444337909,2018-05-31 00:15:43,307
0,31-MAY-18,-1,962,33584683,-765111067,-1,999,-1,5444337901,2018-05-31 00:15:43,312
0,31-MAY-18,-1,594,34299500,-764746183,-1,999,-1,5444337898,2018-05-31 00:15:43,797
0,31-MAY-18,-1,-1,33591300,-765112167,-1,-1,-1,5444337906,2018-05-31 00:15:43,823
0,31-MAY-18,-1,-1,33592567,-765112367,-1,-1,-1,5444337911,2018-05-31 00:15:43,834
0,31-MAY-18,-1,39,34044967,-764760183,874,3411,9990,5444337903,2018-05-31 00:15:43,928
0,31-MAY-18,-1,-1,34034533,-764762467,-1,999,-1,5444337904,2018-05-31 00:15:43,940
0,31-MAY-18,-1,-1,33604617,-765122300,-1,-1,-1,5444337921,2018-05-31 00:15:44,1003
0,31-MAY-18,500101,12513,34294083,-764750500,-1,999,-1,5444337920,2018-05-31 00:15:44,1005
0,31-MAY-18,-1,188,34292717,-764748983,-1,999,-1,5444337919,2018-05-31 00:15:44,1103
0,31-MAY-18,-1,336,34958767,-765044933,-1,999,-1,5444337917,2018-05-31 00:15:44,1179
0,31-MAY-18,-1,350,34034383,-764764033,188,1472,9759,5444337918,2018-05-31 00:15:44,219
0,31-MAY-18,-1,-1,34035383,-764761467,-1,-1,-1,5444337916,2018-05-31 00:15:44,221
0,31-MAY-18,-1,1765,34033933,-764759633,-1,999,-1,5444337912,2018-05-31 00:15:44,258
0,31-MAY-18,-1,-1,33590183,-765113033,-1,-1,-1,5444337913,2018-05-31 00:15:44,67
0,31-MAY-18,-1,-1,34969367,-765038217,-1,-1,-1,5444337922,2018-05-31 00:15:44,894
0,31-MAY-18,-1,-1,34034100,-764764333,-1,999,-1,5444337915,2018-05-31 00:15:44,910
0,31-MAY-18,-1,196,34041550,-764763400,-1,999,-1,5444337914,2018-05-31 00:15:44,926
0,31-MAY-18,-1,89,33585933,-765110733,-1,999,-1,5444337926,2018-05-31 00:15:45,1009
0,31-MAY-18,-1,69,34032150,-764765650,560,347,9998,5444337928,2018-05-31 00:15:45,240
0,31-MAY-18,514071,3,34250900,-764774350,53,3442,329,5444337931,2018-05-31 00:15:45,274
0,31-MAY-18,-1,-1,33599183,-765121650,-1,-1,-1,5444337924,2018-05-31 00:15:45,402
0,31-MAY-18,-1,-1,34296633,-764753817,-1,999,-1,5444337929,2018-05-31 00:15:45,765
0,31-MAY-18,-1,1182,34300767,-764747600,-1,999,-1,5444337925,2018-05-31 00:15:45,785
0,31-MAY-18,-1,-1,34035133,-764763433,-1,-1,-1,5444337930,2018-05-31 00:15:45,913
0,31-MAY-18,-1,471,34294683,-764744533,-1,999,-1,5444337927,2018-05-31 00:15:45,953
0,31-MAY-18,-1,-1,34304533,-764750600,-1,-1,-1,5444337923,2018-05-31 00:15:45,974
0,31-MAY-18,-1,3745,33587767,-765111067,-1,999,-1,5444337938,2018-05-31 00:15:46,1008
0,31-MAY-18,-1,77,34958467,-765054200,-1,999,-1,5444337934,2018-05-31 00:15:46,181
0,31-MAY-18,-1,13683,34959183,-765044800,-1,999,-1,5444337940,2018-05-31 00:15:46,203
0,31-MAY-18,514405,277,34046450,-764756883,455,347,9990,5444337933,2018-05-31 00:15:46,226
0,31-MAY-18,-1,15687,33591550,-765119267,-1,-1,-1,5444337935,2018-05-31 00:15:46,314
0,31-MAY-18,-1,-1,33600900,-765117750,-1,-1,-1,5444337939,2018-05-31 00:15:46,437
0,31-MAY-18,-1,-1,34974750,-765023317,-1,-1,-1,5444337937,2018-05-31 00:15:46,642
0,31-MAY-18,-1,1755,34295633,-764751983,-1,999,-1,5444337941,2018-05-31 00:15:46,761
0,31-MAY-18,-1,-1,34296617,-764746633,-1,999,-1,5444337936,2018-05-31 00:15:46,966
0,31-MAY-18,-1,22523,33591150,-765114200,-1,999,-1,5444337932,2018-05-31 00:15:46,991
0,31-MAY-18,500153,7852,34293833,-764745183,-1,999,-1,5444337949,2018-05-31 00:15:47,1109
0,31-MAY-18,-1,1,33587117,-765120200,276,3122,9931,5444337944,2018-05-31 00:15:47,121
0,31-MAY-18,-1,-1,34959767,-765044250,-1,999,-1,5444337948,2018-05-31 00:15:47,1212
0,31-MAY-18,-1,1963,33586650,-765113283,-1,999,-1,5444337945,2018-05-31 00:15:47,1220
0,31-MAY-18,-1,3700,34959000,-765045150,-1,999,-1,5444337952,2018-05-31 00:15:47,145
0,31-MAY-18,-1,-1,33600550,-765122000,-1,-1,-1,5444337946,2018-05-31 00:15:47,23
0,31-MAY-18,-1,403,33586550,-765110933,-1,999,-1,5444337950,2018-05-31 00:15:47,65
0,31-MAY-18,-1,-1,34303950,-764751250,-1,999,-1,5444337951,2018-05-31 00:15:47,725
0,31-MAY-18,-1,-1,34973383,-765021550,-1,-1,-1,5444337942,2018-05-31 00:15:47,812
0,31-MAY-18,514214,110,34344850,-764723133,622,3441,501,5444337947,2018-05-31 00:15:47,970
0,31-MAY-18,-1,202,33594417,-765113633,-1,999,-1,5444337943,2018-05-31 00:15:47,992
0,31-MAY-18,502302,29,33667300,-765285467,986,3171,9988,5444337957,2018-05-31 00:15:48,1006
0,31-MAY-18,502302,29,33667467,-765285833,986,3171,9988,5444337956,2018-05-31 00:15:48,1006
0,31-MAY-18,512209,-1,34927900,-765235900,511,2121,1884,5444337958,2018-05-31 00:15:48,1078
0,31-MAY-18,-1,-1,34041067,-764756400,-1,-1,-1,5444337959,2018-05-31 00:15:48,239
0,31-MAY-18,500164,285,34438817,-764819217,904,3411,356,5444337955,2018-05-31 00:15:48,250
0,31-MAY-18,-1,65,34047983,-764756733,-1,999,-1,5444337954,2018-05-31 00:15:48,700
0,31-MAY-18,-1,-1,34046217,-764754883,-1,-1,-1,5444337953,2018-05-31 00:15:48,944
0,31-MAY-18,-1,168,34293367,-764749183,-1,999,-1,5444337960,2018-05-31 00:15:48,977
0,31-MAY-18,514245,2732,34388033,-764842250,1087,3452,9998,5444337963,2018-05-31 00:15:49,1263
0,31-MAY-18,511059,16879,34229533,-764924567,580,3192,9996,5444337964,2018-05-31 00:15:49,281
0,31-MAY-18,-1,-1,34970700,-765035567,-1,-1,-1,5444337965,2018-05-31 00:15:49,805
0,31-MAY-18,-1,-1,34971083,-765034867,-1,-1,-1,5444337961,2018-05-31 00:15:49,809
0,31-MAY-18,-1,-1,33608083,-765121617,-1,-1,-1,5444337962,2018-05-31 00:15:49,83
0,31-MAY-18,503012,-1,34218883,-764779233,861,2842,9834,5444337969,2018-05-31 00:15:50,1096
0,31-MAY-18,-1,-1,33591033,-765112317,-1,-1,-1,5444337970,2018-05-31 00:15:50,1144
0,31-MAY-18,-1,126,34034783,-764763750,423,1571,9885,5444337966,2018-05-31 00:15:50,216
0,31-MAY-18,-1,15211,34294767,-764750800,-1,999,-1,5444337967,2018-05-31 00:15:50,774
0,31-MAY-18,504016,17203,33673767,-765299433,497,131,9921,5444337968,2018-05-31 00:15:50,837
0,31-MAY-18,-1,-1,34969133,-765033050,-1,-1,-1,5444337979,2018-05-31 00:15:51,1053
0,31-MAY-18,-1,110,34294300,-764750083,-1,999,-1,5444337976,2018-05-31 00:15:51,1112
0,31-MAY-18,-1,3492,33594367,-765114567,-1,999,-1,5444337977,2018-05-31 00:15:51,128
0,31-MAY-18,-1,-1,-1,-1,-1,-1,-1,5444337973,2018-05-31 00:15:51,129
0,31-MAY-18,-1,-1,34970917,-765035300,-1,-1,-1,5444337974,2018-05-31 00:15:51,137
0,31-MAY-18,-1,-1,34972633,-765006833,-1,-1,-1,5444337982,2018-05-31 00:15:51,158
0,31-MAY-18,-1,13189,34963967,-765055383,-1,999,-1,5444337972,2018-05-31 00:15:51,186
0,31-MAY-18,-1,-1,34034767,-764756217,-1,-1,-1,5444337981,2018-05-31 00:15:51,285
0,31-MAY-18,-1,18128,34957500,-765047433,-1,999,-1,5444337975,2018-05-31 00:15:51,888
0,31-MAY-18,-1,1336,34041350,-764758750,-1,999,-1,5444337971,2018-05-31 00:15:51,932
0,31-MAY-18,500104,12476,34296433,-764751917,-1,999,-1,5444337978,2018-05-31 00:15:51,960
0,31-MAY-18,-1,132,34295250,-764751167,-1,999,-1,5444337980,2018-05-31 00:15:51,975
0,31-MAY-18,511441,-1,33592317,-765121333,657,3124,9881,5444337987,2018-05-31 00:15:52,103
0,31-MAY-18,512209,31,34924200,-765236383,511,2121,1884,5444337993,2018-05-31 00:15:52,1078
0,31-MAY-18,-1,-1,34300333,-764748383,-1,-1,-1,5444337989,2018-05-31 00:15:52,1095
0,31-MAY-18,-1,-1,34290900,-764739750,-1,999,-1,5444337990,2018-05-31 00:15:52,1108
0,31-MAY-18,-1,12518,33598717,-765119717,-1,999,-1,5444337983,2018-05-31 00:15:52,1138
0,31-MAY-18,-1,-1,34973217,-765007117,-1,-1,-1,5444337994,2018-05-31 00:15:52,1183
0,31-MAY-18,519281,10814,34978083,-765021417,-1,999,-1,5444337992,2018-05-31 00:15:52,188
0,31-MAY-18,-1,13422,34093383,-765184583,-1,999,-1,5444337991,2018-05-31 00:15:52,199
0,31-MAY-18,-1,499,34034700,-764761983,707,142,9964,5444337985,2018-05-31 00:15:52,616
0,31-MAY-18,-1,367,34290267,-764744817,-1,999,-1,5444337988,2018-05-31 00:15:52,717
0,31-MAY-18,-1,-1,34301633,-764746817,-1,-1,-1,5444337986,2018-05-31 00:15:52,760
0,31-MAY-18,-1,-1,34956850,-765048600,-1,999,-1,5444337984,2018-05-31 00:15:52,817
0,31-MAY-18,-1,5462,33587100,-765110700,-1,999,-1,5444337997,2018-05-31 00:15:53,1154
0,31-MAY-18,-1,9,34301400,-764754950,-1,999,-1,5444337995,2018-05-31 00:15:53,764
0,31-MAY-18,514056,456,34391533,-764810267,790,2841,300,5444337996,2018-05-31 00:15:53,789
0,31-MAY-18,-1,-1,34035133,-764761667,-1,999,-1,5444337998,2018-05-31 00:15:53,924
0,31-MAY-18,-1,-1,33594650,-765120700,-1,-1,-1,5444338007,2018-05-31 00:15:54,1007
0,31-MAY-18,-1,-1,-1,-1,-1,-1,-1,5444338000,2018-05-31 00:15:54,151
0,31-MAY-18,-1,-1,34038250,-764753617,-1,-1,-1,5444338003,2018-05-31 00:15:54,288
0,31-MAY-18,-1,-1,33584433,-765114900,-1,999,-1,5444338002,2018-05-31 00:15:54,29
0,31-MAY-18,-1,5,34035400,-764763200,115,150,9948,5444337999,2018-05-31 00:15:54,551
0,31-MAY-18,502304,14239,34289183,-764747517,-1,999,-1,5444338005,2018-05-31 00:15:54,746
0,31-MAY-18,-1,-1,33593100,-765118717,-1,999,-1,5444338004,2018-05-31 00:15:54,866
0,31-MAY-18,-1,-1,34955917,-765049750,-1,-1,-1,5444338006,2018-05-31 00:15:54,892
0,31-MAY-18,511251,-1,33667550,-765282350,598,3172,192,5444338001,2018-05-31 00:15:54,94
0,31-MAY-18,502302,22,33666183,-765283183,986,3171,9988,5444338009,2018-05-31 00:15:55,1006
0,31-MAY-18,-1,5731,33590633,-765114467,-1,999,-1,5444338015,2018-05-31 00:15:55,1145
0,31-MAY-18,-1,-1,34960100,-765042417,-1,999,-1,5444338013,2018-05-31 00:15:55,1213
0,31-MAY-18,-1,-1,33584367,-765110633,-1,-1,-1,5444338010,2018-05-31 00:15:55,130
0,31-MAY-18,514071,31,34245833,-764775767,53,3442,329,5444338016,2018-05-31 00:15:55,274
0,31-MAY-18,-1,-1,33577417,-765077967,-1,-1,-1,5444338017,2018-05-31 00:15:55,388
0,31-MAY-18,-1,-1,34297467,-764754617,-1,999,-1,5444338008,2018-05-31 00:15:55,739
0,31-MAY-18,-1,613,34297800,-764744700,-1,999,-1,5444338012,2018-05-31 00:15:55,743
0,31-MAY-18,-1,-1,33587150,-765115467,-1,-1,-1,5444338014,2018-05-31 00:15:55,81
0,31-MAY-18,-1,-1,33604517,-765119400,-1,-1,-1,5444338011,2018-05-31 00:15:55,832
0,31-MAY-18,-1,-1,-1,-1,-1,-1,-1,5444338018,2018-05-31 00:15:56,1069
0,31-MAY-18,-1,-1,33584733,-765113250,-1,-1,-1,5444338020,2018-05-31 00:15:56,1159
0,31-MAY-18,-1,1865,34956217,-765048517,-1,999,-1,5444338028,2018-05-31 00:15:56,1192
0,31-MAY-18,-1,-1,33623767,-765106650,-1,-1,-1,5444338022,2018-05-31 00:15:56,126
0,31-MAY-18,-1,-1,34963283,-765040200,-1,-1,-1,5444338027,2018-05-31 00:15:56,192
0,31-MAY-18,-1,-1,34968867,-765038817,-1,-1,-1,5444338024,2018-05-31 00:15:56,810
0,31-MAY-18,-1,638,33592033,-765112083,-1,999,-1,5444338026,2018-05-31 00:15:56,829
0,31-MAY-18,-1,10127,34970650,-765035967,-1,999,-1,5444338023,2018-05-31 00:15:56,889
0,31-MAY-18,-1,-1,34032667,-764765483,-1,-1,-1,5444338025,2018-05-31 00:15:56,935
0,31-MAY-18,-1,1,33590000,-765120383,-1,999,-1,5444338021,2018-05-31 00:15:56,98
0,31-MAY-18,-1,612,34304067,-764750067,-1,999,-1,5444338019,2018-05-31 00:15:56,983
0,31-MAY-18,-1,-1,34959300,-765043233,-1,-1,-1,5444338038,2018-05-31 00:15:57,1079
0,31-MAY-18,511408,33,33684117,-765189067,228,3131,620,5444338033,2018-05-31 00:15:57,1130
0,31-MAY-18,511484,111,33687267,-765165767,228,3131,620,5444338031,2018-05-31 00:15:57,1130
0,31-MAY-18,511484,362,33684067,-765182883,228,3131,620,5444338032,2018-05-31 00:15:57,1130
0,31-MAY-18,-1,441,34295000,-764751917,-1,999,-1,5444338029,2018-05-31 00:15:57,1155
0,31-MAY-18,-1,416,34954600,-765050550,-1,999,-1,5444338035,2018-05-31 00:15:57,1178
0,31-MAY-18,-1,8610,34962800,-765053867,-1,999,-1,5444338030,2018-05-31 00:15:57,210
0,31-MAY-18,-1,-1,34971550,-765029050,-1,-1,-1,5444338034,2018-05-31 00:15:57,303
0,31-MAY-18,-1,323,33588933,-765111367,-1,999,-1,5444338036,2018-05-31 00:15:57,51
0,31-MAY-18,-1,221,33579350,-765124167,-1,999,-1,5444338037,2018-05-31 00:15:57,54
0,31-MAY-18,-1,8164,34957883,-765046200,-1,999,-1,5444338041,2018-05-31 00:15:58,1211
0,31-MAY-18,-1,-1,34293500,-764740300,-1,-1,-1,5444338039,2018-05-31 00:15:58,740
0,31-MAY-18,-1,5885,33589583,-765120750,-1,999,-1,5444338040,2018-05-31 00:15:58,88
0,31-MAY-18,-1,216,34292550,-764748350,-1,999,-1,5444338049,2018-05-31 00:15:59,1111
0,31-MAY-18,-1,506,34303367,-764749500,-1,999,-1,5444338048,2018-05-31 00:15:59,1115
0,31-MAY-18,511100,-1,33684067,-765196367,228,3131,620,5444338042,2018-05-31 00:15:59,1130
0,31-MAY-18,-1,11469,34943883,-765086300,-1,999,-1,5444338044,2018-05-31 00:15:59,1202
0,31-MAY-18,-1,-1,34964567,-765056133,-1,999,-1,5444338052,2018-05-31 00:15:59,1214
0,31-MAY-18,-1,116,33590917,-765120750,-1,999,-1,5444338047,2018-05-31 00:15:59,24
0,31-MAY-18,-1,398,33595267,-765118050,-1,999,-1,5444338050,2018-05-31 00:15:59,382
0,31-MAY-18,-1,-1,34303733,-764748267,-1,-1,-1,5444338043,2018-05-31 00:15:59,757
0,31-MAY-18,-1,1299,34295300,-764750900,-1,999,-1,5444338046,2018-05-31 00:15:59,771
0,31-MAY-18,513316,4714,34928767,-765091167,215,553,9999,5444338051,2018-05-31 00:15:59,899
0,31-MAY-18,514405,769,34036867,-764765400,-1,999,-1,5444338045,2018-05-31 00:15:59,937
0,31-MAY-18,-1,-1,34976467,-765018100,-1,-1,-1,5444338055,2018-05-31 00:16:00,1074
0,31-MAY-18,513245,-1,34885433,-765027633,896,3351,9996,5444338058,2018-05-31 00:16:00,202
0,31-MAY-18,-1,2802,33594633,-765117667,-1,999,-1,5444338053,2018-05-31 00:16:00,42
0,31-MAY-18,-1,-1,34302450,-764749300,-1,999,-1,5444338054,2018-05-31 00:16:00,744
0,31-MAY-18,-1,598,34301167,-764746050,-1,999,-1,5444338056,2018-05-31 00:16:00,747
0,31-MAY-18,-1,-1,33586500,-765174817,-1,999,-1,5444338057,2018-05-31 00:16:00,873
0,31-MAY-18,-1,5814,34034867,-764759100,-1,999,-1,5444338059,2018-05-31 00:16:00,936
0,31-MAY-18,-1,6138,33590067,-765117100,-1,999,-1,5444338060,2018-05-31 00:16:00,95
0,31-MAY-18,-1,-1,34969750,-765037433,-1,-1,-1,5444338062,2018-05-31 00:16:01,1026
0,31-MAY-18,-1,5762,33593767,-765119167,-1,999,-1,5444338063,2018-05-31 00:16:01,1129
0,31-MAY-18,-1,-1,33586900,-765109950,-1,-1,-1,5444338065,2018-05-31 00:16:01,122
0,31-MAY-18,-1,-1,34960650,-765042800,-1,999,-1,5444338064,2018-05-31 00:16:01,193
0,31-MAY-18,515054,6990,34302667,-764748950,999,2524,728,5444338061,2018-05-31 00:16:01,792
0,31-MAY-18,-1,507,34300700,-764748467,-1,999,-1,5444338068,2018-05-31 00:16:02,1113
0,31-MAY-18,-1,-1,33592433,-765118133,-1,999,-1,5444338066,2018-05-31 00:16:02,1233
0,31-MAY-18,-1,-1,34043900,-764761183,-1,-1,-1,5444338074,2018-05-31 00:16:02,238
0,31-MAY-18,-1,-1,33594267,-765116333,-1,-1,-1,5444338073,2018-05-31 00:16:02,299
0,31-MAY-18,501850,14066,34293017,-764750300,-1,999,-1,5444338069,2018-05-31 00:16:02,45
0,31-MAY-18,501703,12675,-1,-1,-1,-1,-1,5444338072,2018-05-31 00:16:02,706
0,31-MAY-18,511204,-1,34593233,-765297333,611,3191,9892,5444338071,2018-05-31 00:16:02,900
0,31-MAY-18,-1,3112,34045383,-764761367,-1,999,-1,5444338070,2018-05-31 00:16:02,949
0,31-MAY-18,514215,8,34360817,-764735783,622,3441,501,5444338067,2018-05-31 00:16:02,970
0,31-MAY-18,-1,-1,34975517,-765021300,-1,-1,-1,5444338080,2018-05-31 00:16:03,1082
0,31-MAY-18,-1,12582,34295933,-764752417,-1,999,-1,5444338082,2018-05-31 00:16:03,1094
0,31-MAY-18,-1,-1,33603583,-765122500,-1,-1,-1,5444338079,2018-05-31 00:16:03,1120
0,31-MAY-18,-1,-1,33586000,-765111700,-1,999,-1,5444338081,2018-05-31 00:16:03,1161
0,31-MAY-18,-1,-1,34954900,-765050650,-1,-1,-1,5444338076,2018-05-31 00:16:03,1200
0,31-MAY-18,500100,-1,34898933,-765088267,545,2121,9894,5444338078,2018-05-31 00:16:03,53
0,31-MAY-18,-1,7871,34958933,-765054317,-1,999,-1,5444338075,2018-05-31 00:16:03,653
0,31-MAY-18,-1,-1,33585567,-765111517,-1,999,-1,5444338083,2018-05-31 00:16:03,855
0,31-MAY-18,-1,-1,34297883,-764752983,-1,999,-1,5444338077,2018-05-31 00:16:03,959
0,31-MAY-18,-1,6364,33583433,-765123767,-1,999,-1,5444338086,2018-05-31 00:16:04,1046
0,31-MAY-18,-1,3926,34290583,-764749033,-1,999,-1,5444338085,2018-05-31 00:16:04,1093
0,31-MAY-18,-1,897,34290133,-764748133,-1,999,-1,5444338088,2018-05-31 00:16:04,1110
0,31-MAY-18,-1,461,33597717,-765120567,-1,999,-1,5444338087,2018-05-31 00:16:04,27
0,31-MAY-18,-1,253,33594600,-765115150,-1,999,-1,5444338084,2018-05-31 00:16:04,37
0,31-MAY-18,-1,-1,34970467,-765030867,-1,-1,-1,5444338091,2018-05-31 00:16:05,297
0,31-MAY-18,-1,-1,34042450,-764762733,-1,999,-1,5444338092,2018-05-31 00:16:05,618
0,31-MAY-18,-1,616,34300250,-764746783,-1,999,-1,5444338089,2018-05-31 00:16:05,745
0,31-MAY-18,-1,-1,34302100,-764746783,-1,-1,-1,5444338090,2018-05-31 00:16:05,772
0,31-MAY-18,-1,2656,34954467,-765051867,-1,999,-1,5444338099,2018-05-31 00:16:06,1067
0,31-MAY-18,511059,-1,33631700,-765545533,116,3192,9990,5444338093,2018-05-31 00:16:06,119
0,31-MAY-18,513283,112,34918550,-764885950,393,333,317,5444338096,2018-05-31 00:16:06,1210
0,31-MAY-18,-1,-1,34969200,-765033433,-1,-1,-1,5444338098,2018-05-31 00:16:06,309
0,31-MAY-18,-1,-1,33599933,-765117800,-1,-1,-1,5444338097,2018-05-31 00:16:06,68
0,31-MAY-18,-1,4241,33592800,-765114950,-1,999,-1,5444338094,2018-05-31 00:16:06,856
0,31-MAY-18,-1,7757,33590233,-765111700,-1,999,-1,5444338095,2018-05-31 00:16:06,863
0,31-MAY-18,-1,-1,33591983,-765113233,-1,-1,-1,5444338103,2018-05-31 00:16:07,1124
0,31-MAY-18,-1,5757,34960783,-765053467,-1,999,-1,5444338101,2018-05-31 00:16:07,1193
0,31-MAY-18,-1,-1,34968500,-765037683,-1,-1,-1,5444338102,2018-05-31 00:16:07,882
0,31-MAY-18,514215,33,34362650,-764737233,622,3441,501,5444338100,2018-05-31 00:16:07,970
0,31-MAY-18,-1,-1,34968850,-765034200,-1,-1,-1,5444338106,2018-05-31 00:16:08,1061
0,31-MAY-18,511100,33,33684000,-765202383,228,3131,620,5444338105,2018-05-31 00:16:08,1130
0,31-MAY-18,-1,-1,34304600,-764750317,-1,999,-1,5444338108,2018-05-31 00:16:08,709
0,31-MAY-18,-1,113,34294917,-764751533,-1,999,-1,5444338107,2018-05-31 00:16:08,767
0,31-MAY-18,514215,33,34363017,-764737517,622,3441,501,5444338104,2018-05-31 00:16:08,970
0,31-MAY-18,511100,33,33684000,-765202383,228,3131,620,5444338112,2018-05-31 00:16:09,1130
0,31-MAY-18,-1,-1,34965333,-765035283,-1,-1,-1,5444338109,2018-05-31 00:16:09,1180
0,31-MAY-18,-1,-1,34963100,-765038000,-1,999,-1,5444338114,2018-05-31 00:16:09,1203
0,31-MAY-18,-1,446,34957767,-765045867,-1,999,-1,5444338111,2018-05-31 00:16:09,166
0,31-MAY-18,-1,291,34959517,-765044050,-1,999,-1,5444338110,2018-05-31 00:16:09,200
0,31-MAY-18,-1,-1,33606517,-765123067,-1,-1,-1,5444338113,2018-05-31 00:16:09,56
0,31-MAY-18,-1,-1,34046983,-764756083,-1,999,-1,5444338122,2018-05-31 00:16:10,1262
0,31-MAY-18,-1,-1,34033350,-764751183,-1,-1,-1,5444338125,2018-05-31 00:16:10,236
0,31-MAY-18,-1,-1,33586883,-765111550,-1,999,-1,5444338119,2018-05-31 00:16:10,26
0,31-MAY-18,-1,19165,34298833,-764747717,-1,999,-1,5444338116,2018-05-31 00:16:10,749
0,31-MAY-18,-1,-1,34302483,-764747283,-1,-1,-1,5444338118,2018-05-31 00:16:10,759
0,31-MAY-18,-1,202,34290767,-764747533,-1,999,-1,5444338124,2018-05-31 00:16:10,775
0,31-MAY-18,-1,2247,34301217,-764747333,-1,999,-1,5444338121,2018-05-31 00:16:10,788
0,31-MAY-18,-1,-1,34970150,-765036267,-1,-1,-1,5444338120,2018-05-31 00:16:10,814
0,31-MAY-18,-1,631,33588600,-765111300,-1,999,-1,5444338117,2018-05-31 00:16:10,828
0,31-MAY-18,-1,6167,33586500,-765120283,-1,999,-1,5444338115,2018-05-31 00:16:10,850
0,31-MAY-18,-1,-1,34970133,-765037133,-1,-1,-1,5444338123,2018-05-31 00:16:10,893
0,31-MAY-18,-1,-1,33591267,-765113217,-1,-1,-1,5444338126,2018-05-31 00:16:11,1048
0,31-MAY-18,512209,80,34924200,-765234533,511,2121,1884,5444338142,2018-05-31 00:16:11,1078
0,31-MAY-18,-1,222,34289467,-764746833,-1,999,-1,5444338131,2018-05-31 00:16:11,1107
0,31-MAY-18,-1,236,33587867,-765114450,-1,999,-1,5444338132,2018-05-31 00:16:11,1135
0,31-MAY-18,-1,528,33582983,-765115800,373,2211,9861,5444338130,2018-05-31 00:16:11,1139
0,31-MAY-18,-1,5,33586150,-765109683,-1,-1,-1,5444338136,2018-05-31 00:16:11,116
0,31-MAY-18,-1,416,33587333,-765120750,-1,999,-1,5444338140,2018-05-31 00:16:11,125
0,31-MAY-18,-1,-1,34954067,-765051750,-1,999,-1,5444338141,2018-05-31 00:16:11,180
0,31-MAY-18,-1,2061,34048417,-764757133,-1,999,-1,5444338133,2018-05-31 00:16:11,227
0,31-MAY-18,-1,10,34047450,-764758650,-1,999,-1,5444338143,2018-05-31 00:16:11,272
0,31-MAY-18,-1,223,33591700,-765114450,-1,999,-1,5444338129,2018-05-31 00:16:11,32
0,31-MAY-18,-1,-1,33605883,-765121883,-1,-1,-1,5444338134,2018-05-31 00:16:11,632
0,31-MAY-18,-1,-1,34970283,-765036383,-1,-1,-1,5444338145,2018-05-31 00:16:11,813
0,31-MAY-18,-1,-1,33593717,-765116633,-1,-1,-1,5444338128,2018-05-31 00:16:11,836
0,31-MAY-18,502301,-1,33513633,-765233850,555,2121,9914,5444338127,2018-05-31 00:16:11,844
0,31-MAY-18,511441,-1,-1,-1,12,3124,9948,5444338139,2018-05-31 00:16:11,876
0,31-MAY-18,511441,-1,33651650,-765525283,12,3124,9948,5444338137,2018-05-31 00:16:11,876
0,31-MAY-18,511441,-1,33654783,-765520550,12,3124,9948,5444338138,2018-05-31 00:16:11,876
0,31-MAY-18,511441,-1,33682300,-765548850,12,3124,9948,5444338135,2018-05-31 00:16:11,876
0,31-MAY-18,-1,-1,34043167,-764761000,-1,-1,-1,5444338144,2018-05-31 00:16:11,919
0,31-MAY-18,-1,726,34976217,-765019933,-1,999,-1,5444338152,2018-05-31 00:16:12,1172
0,31-MAY-18,519041,4447,34782267,-765175467,259,305,9992,5444338157,2018-05-31 00:16:12,1189
0,31-MAY-18,511352,-1,33465517,-765240950,160,3122,9943,5444338146,2018-05-31 00:16:12,124
0,31-MAY-18,-1,-1,33602767,-765118350,-1,-1,-1,5444338147,2018-05-31 00:16:12,18
0,31-MAY-18,519192,-1,34959867,-765054050,937,306,9982,5444338155,2018-05-31 00:16:12,198
0,31-MAY-18,-1,-1,34037250,-764754167,-1,-1,-1,5444338151,2018-05-31 00:16:12,289
0,31-MAY-18,-1,3412,34966800,-765032800,-1,999,-1,5444338158,2018-05-31 00:16:12,307
0,31-MAY-18,-1,962,33584717,-765111000,-1,999,-1,5444338153,2018-05-31 00:16:12,312
0,31-MAY-18,-1,-1,34045633,-764758667,-1,-1,-1,5444338149,2018-05-31 00:16:12,555
0,31-MAY-18,-1,594,34299500,-764746183,-1,999,-1,5444338150,2018-05-31 00:16:12,797
0,31-MAY-18,-1,-1,34969133,-765038583,-1,-1,-1,5444338148,2018-05-31 00:16:12,815
0,31-MAY-18,511441,-1,33698883,-765492467,12,3124,9948,5444338154,2018-05-31 00:16:12,876
0,31-MAY-18,-1,-1,34034350,-764762267,-1,999,-1,5444338156,2018-05-31 00:16:12,940
0,31-MAY-18,500101,12536,34292600,-764748933,-1,999,-1,5444338166,2018-05-31 00:16:13,1005
0,31-MAY-18,-1,201,34291750,-764748183,-1,999,-1,5444338167,2018-05-31 00:16:13,1103
0,31-MAY-18,-1,336,34958800,-765044817,-1,999,-1,5444338165,2018-05-31 00:16:13,1179
0,31-MAY-18,-1,-1,34046967,-764757250,-1,999,-1,5444338160,2018-05-31 00:16:13,263
0,31-MAY-18,-1,-1,33607983,-765122067,-1,-1,-1,5444338161,2018-05-31 00:16:13,414
0,31-MAY-18,-1,-1,34040767,-764756583,-1,-1,-1,5444338164,2018-05-31 00:16:13,624
0,31-MAY-18,-1,-1,34301367,-764747550,-1,-1,-1,5444338159,2018-05-31 00:16:13,802
0,31-MAY-18,-1,-1,34034117,-764764300,-1,999,-1,5444338163,2018-05-31 00:16:13,910
0,31-MAY-18,-1,196,34041550,-764763383,-1,999,-1,5444338162,2018-05-31 00:16:13,926
0,31-MAY-18,-1,1765,34033933,-764759617,-1,999,-1,5444338168,2018-05-31 00:16:14,258
0,31-MAY-18,-1,-1,34034933,-764761833,-1,-1,-1,5444338172,2018-05-31 00:16:14,259
0,31-MAY-18,-1,1755,34295650,-764751983,-1,999,-1,5444338174,2018-05-31 00:16:14,761
0,31-MAY-18,-1,-1,34294950,-764751767,-1,999,-1,5444338173,2018-05-31 00:16:14,765
0,31-MAY-18,-1,1182,34300717,-764747383,-1,999,-1,5444338169,2018-05-31 00:16:14,785
0,31-MAY-18,-1,471,34294517,-764744733,-1,999,-1,5444338171,2018-05-31 00:16:14,953
0,31-MAY-18,514215,16,34365517,-764739283,622,3441,501,5444338170,2018-05-31 00:16:14,970
0,31-MAY-18,-1,-1,33604633,-765122300,-1,-1,-1,5444338189,2018-05-31 00:16:15,1003
0,31-MAY-18,-1,3745,33587800,-765111067,-1,999,-1,5444338185,2018-05-31 00:16:15,1008
0,31-MAY-18,-1,89,33585950,-765110733,-1,999,-1,5444338181,2018-05-31 00:16:15,1009
0,31-MAY-18,500153,7852,34293800,-764745200,-1,999,-1,5444338179,2018-05-31 00:16:15,1109
0,31-MAY-18,-1,-1,34959250,-765044567,-1,999,-1,5444338180,2018-05-31 00:16:15,1212
0,31-MAY-18,-1,13683,34959083,-765044933,-1,999,-1,5444338187,2018-05-31 00:16:15,203
0,31-MAY-18,-1,350,34034383,-764764033,188,1472,9759,5444338186,2018-05-31 00:16:15,219
0,31-MAY-18,-1,-1,34035383,-764761450,-1,-1,-1,5444338184,2018-05-31 00:16:15,221
0,31-MAY-18,-1,15687,33591750,-765119133,-1,-1,-1,5444338178,2018-05-31 00:16:15,314
0,31-MAY-18,-1,403,33586550,-765110933,-1,999,-1,5444338183,2018-05-31 00:16:15,65
0,31-MAY-18,-1,-1,33590167,-765113017,-1,-1,-1,5444338175,2018-05-31 00:16:15,67
0,31-MAY-18,-1,-1,33591300,-765112167,-1,-1,-1,5444338188,2018-05-31 00:16:15,823
0,31-MAY-18,-1,-1,34969383,-765038217,-1,-1,-1,5444338190,2018-05-31 00:16:15,894
0,31-MAY-18,-1,39,34044933,-764760167,874,3411,9990,5444338182,2018-05-31 00:16:15,928
0,31-MAY-18,-1,-1,34296733,-764746883,-1,999,-1,5444338177,2018-05-31 00:16:15,966
0,31-MAY-18,-1,22523,33591167,-765114183,-1,999,-1,5444338176,2018-05-31 00:16:15,991
0,31-MAY-18,-1,1963,33586650,-765113283,-1,999,-1,5444338194,2018-05-31 00:16:16,1220
0,31-MAY-18,-1,3700,34959017,-765045150,-1,999,-1,5444338195,2018-05-31 00:16:16,145
0,31-MAY-18,-1,152,34952500,-765055783,-1,999,-1,5444338192,2018-05-31 00:16:16,181
0,31-MAY-18,-1,69,34032150,-764765650,560,347,9998,5444338196,2018-05-31 00:16:16,240
0,31-MAY-18,-1,-1,33599167,-765121667,-1,-1,-1,5444338193,2018-05-31 00:16:16,402
0,31-MAY-18,-1,-1,34301000,-764748950,-1,999,-1,5444338197,2018-05-31 00:16:16,725
0,31-MAY-18,-1,-1,34035150,-764763467,-1,-1,-1,5444338198,2018-05-31 00:16:16,913
0,31-MAY-18,-1,202,33594417,-765113600,-1,999,-1,5444338191,2018-05-31 00:16:16,992
0,31-MAY-18,500164,285,34438833,-764819250,904,3411,356,5444338202,2018-05-31 00:16:17,250
0,31-MAY-18,511059,17298,34204050,-764895100,580,3192,9996,5444338204,2018-05-31 00:16:17,281
0,31-MAY-18,-1,-1,33600917,-765117750,-1,-1,-1,5444338203,2018-05-31 00:16:17,437
0,31-MAY-18,-1,-1,34974750,-765023317,-1,-1,-1,5444338200,2018-05-31 00:16:17,642
0,31-MAY-18,-1,65,34047967,-764756750,-1,999,-1,5444338199,2018-05-31 00:16:17,700
0,31-MAY-18,-1,-1,33592550,-765112367,-1,-1,-1,5444338206,2018-05-31 00:16:17,834
0,31-MAY-18,-1,-1,34304617,-764750333,-1,-1,-1,5444338201,2018-05-31 00:16:17,974
0,31-MAY-18,-1,168,34293350,-764749167,-1,999,-1,5444338205,2018-05-31 00:16:17,977
0,31-MAY-18,503012,-1,34257817,-764772067,861,2842,9834,5444338211,2018-05-31 00:16:18,1096
0,31-MAY-18,-1,1,33587083,-765120200,276,3122,9931,5444338209,2018-05-31 00:16:18,121
0,31-MAY-18,514245,3238,34345733,-764841317,1087,3452,9998,5444338208,2018-05-31 00:16:18,1263
0,31-MAY-18,-1,-1,33600567,-765122000,-1,-1,-1,5444338210,2018-05-31 00:16:18,23
0,31-MAY-18,-1,-1,34975300,-765021100,-1,-1,-1,5444338207,2018-05-31 00:16:18,812
0,31-MAY-18,-1,-1,33602950,-765118583,-1,-1,-1,5444338216,2018-05-31 00:16:19,1002
0,31-MAY-18,512209,18,34929650,-765233833,511,2121,1884,5444338214,2018-05-31 00:16:19,1078
0,31-MAY-18,-1,-1,34041067,-764756433,-1,-1,-1,5444338215,2018-05-31 00:16:19,239
0,31-MAY-18,-1,15214,34294633,-764750517,-1,999,-1,5444338212,2018-05-31 00:16:19,774
0,31-MAY-18,504016,17427,33663800,-765279083,497,131,9921,5444338213,2018-05-31 00:16:19,837
0,31-MAY-18,-1,110,34294300,-764750033,-1,999,-1,5444338225,2018-05-31 00:16:20,1112
0,31-MAY-18,-1,532,33583317,-765115200,373,2211,9861,5444338222,2018-05-31 00:16:20,1139
0,31-MAY-18,-1,3492,33594383,-765114683,-1,999,-1,5444338224,2018-05-31 00:16:20,128
0,31-MAY-18,-1,13209,34962517,-765053833,-1,999,-1,5444338221,2018-05-31 00:16:20,186
0,31-MAY-18,-1,367,34290283,-764744833,-1,999,-1,5444338223,2018-05-31 00:16:20,717
0,31-MAY-18,-1,-1,34970700,-765035583,-1,-1,-1,5444338227,2018-05-31 00:16:20,805
0,31-MAY-18,-1,-1,34971067,-765034867,-1,-1,-1,5444338217,2018-05-31 00:16:20,809
0,31-MAY-18,-1,-1,33608117,-765121600,-1,-1,-1,5444338219,2018-05-31 00:16:20,83
0,31-MAY-18,-1,18128,34957517,-765047417,-1,999,-1,5444338226,2018-05-31 00:16:20,888
0,31-MAY-18,-1,1336,34041350,-764758767,-1,999,-1,5444338220,2018-05-31 00:16:20,932
0,31-MAY-18,-1,-1,34046217,-764754883,-1,-1,-1,5444338218,2018-05-31 00:16:20,944
0,31-MAY-18,-1,132,34295383,-764751167,-1,999,-1,5444338228,2018-05-31 00:16:20,975
0,31-MAY-18,-1,12518,33598700,-765119717,-1,999,-1,5444338230,2018-05-31 00:16:21,1138
0,31-MAY-18,-1,-1,-1,-1,-1,-1,-1,5444338231,2018-05-31 00:16:21,129
0,31-MAY-18,519281,10814,34978067,-765021417,-1,999,-1,5444338235,2018-05-31 00:16:21,188
0,31-MAY-18,-1,13425,34093733,-765183900,-1,999,-1,5444338234,2018-05-31 00:16:21,199
0,31-MAY-18,-1,126,34034783,-764763733,423,1571,9885,5444338229,2018-05-31 00:16:21,216
0,31-MAY-18,-1,-1,34034783,-764756233,-1,-1,-1,5444338233,2018-05-31 00:16:21,285
0,31-MAY-18,500104,12476,34296417,-764751900,-1,999,-1,5444338232,2018-05-31 00:16:21,960
0,31-MAY-18,511441,-1,33590133,-765120883,657,3124,9881,5444338240,2018-05-31 00:16:22,103
0,31-MAY-18,-1,-1,34969217,-765033033,-1,-1,-1,5444338244,2018-05-31 00:16:22,1053
0,31-MAY-18,-1,-1,33591017,-765112300,-1,-1,-1,5444338236,2018-05-31 00:16:22,1144
0,31-MAY-18,-1,5462,33587117,-765110717,-1,999,-1,5444338241,2018-05-31 00:16:22,1154
0,31-MAY-18,-1,-1,34973350,-765007050,-1,-1,-1,5444338246,2018-05-31 00:16:22,1183
0,31-MAY-18,-1,-1,34970917,-765035300,-1,-1,-1,5444338243,2018-05-31 00:16:22,137
0,31-MAY-18,-1,-1,34262967,-765013300,-1,-1,-1,5444338238,2018-05-31 00:16:22,251
0,31-MAY-18,-1,22,34299983,-764754933,-1,999,-1,5444338239,2018-05-31 00:16:22,764
0,31-MAY-18,514056,642,34377033,-764805083,790,2841,300,5444338242,2018-05-31 00:16:22,789
0,31-MAY-18,-1,-1,34956850,-765048650,-1,999,-1,5444338237,2018-05-31 00:16:22,817
0,31-MAY-18,-1,-1,34035233,-764761733,-1,999,-1,5444338245,2018-05-31 00:16:22,924
0,31-MAY-18,-1,-1,34300333,-764748367,-1,-1,-1,5444338251,2018-05-31 00:16:23,1095
0,31-MAY-18,-1,-1,34973250,-765006650,-1,-1,-1,5444338247,2018-05-31 00:16:23,158
0,31-MAY-18,500168,-1,34048433,-764755817,1167,3441,9949,5444338254,2018-05-31 00:16:23,260
0,31-MAY-18,-1,499,34034683,-764761950,707,142,9964,5444338249,2018-05-31 00:16:23,616
0,31-MAY-18,502304,14239,34289217,-764747517,-1,999,-1,5444338253,2018-05-31 00:16:23,746
0,31-MAY-18,-1,-1,34301817,-764746767,-1,-1,-1,5444338250,2018-05-31 00:16:23,760
0,31-MAY-18,-1,-1,33593100,-765118717,-1,999,-1,5444338252,2018-05-31 00:16:23,866
0,31-MAY-18,511251,-1,33667567,-765282350,598,3172,192,5444338248,2018-05-31 00:16:23,94
0,31-MAY-18,502302,220,33659333,-765267850,986,3171,9988,5444338260,2018-05-31 00:16:24,1006
0,31-MAY-18,-1,-1,34290917,-764739750,-1,999,-1,5444338259,2018-05-31 00:16:24,1108
0,31-MAY-18,-1,5731,33590633,-765114467,-1,999,-1,5444338262,2018-05-31 00:16:24,1145
0,31-MAY-18,-1,-1,34960100,-765042417,-1,999,-1,5444338261,2018-05-31 00:16:24,1213
0,31-MAY-18,-1,-1,-1,-1,-1,-1,-1,5444338256,2018-05-31 00:16:24,151
0,31-MAY-18,-1,-1,34297217,-764754317,-1,999,-1,5444338255,2018-05-31 00:16:24,739
0,31-MAY-18,-1,613,34297783,-764744700,-1,999,-1,5444338258,2018-05-31 00:16:24,743
0,31-MAY-18,511441,-1,33717050,-765486483,12,3124,9948,5444338257,2018-05-31 00:16:24,876
0,31-MAY-18,-1,1865,34956083,-765048533,-1,999,-1,5444338270,2018-05-31 00:16:25,1192
0,31-MAY-18,514071,159,34232533,-764778433,53,3442,329,5444338271,2018-05-31 00:16:25,274
0,31-MAY-18,-1,-1,34038250,-764753633,-1,-1,-1,5444338268,2018-05-31 00:16:25,288
0,31-MAY-18,514056,642,34374733,-764804283,790,2841,300,5444338266,2018-05-31 00:16:25,789
0,31-MAY-18,-1,638,33592050,-765112083,-1,999,-1,5444338267,2018-05-31 00:16:25,829
0,31-MAY-18,-1,10127,34970650,-765035967,-1,999,-1,5444338264,2018-05-31 00:16:25,889
0,31-MAY-18,-1,-1,34955933,-765049800,-1,-1,-1,5444338269,2018-05-31 00:16:25,892
0,31-MAY-18,-1,1,33589950,-765120367,-1,999,-1,5444338265,2018-05-31 00:16:25,98
0,31-MAY-18,-1,612,34304067,-764750017,-1,999,-1,5444338263,2018-05-31 00:16:25,983
0,31-MAY-18,-1,-1,33594633,-765120683,-1,-1,-1,5444338272,2018-05-31 00:16:26,1007
0,31-MAY-18,-1,-1,-1,-1,-1,-1,-1,5444338273,2018-05-31 00:16:26,1069
0,31-MAY-18,-1,441,34295033,-764751917,-1,999,-1,5444338274,2018-05-31 00:16:26,1155
0,31-MAY-18,-1,416,34954617,-765050583,-1,999,-1,5444338276,2018-05-31 00:16:26,1178
0,31-MAY-18,-1,8205,34958950,-765044933,-1,999,-1,5444338275,2018-05-31 00:16:26,1211
0,31-MAY-18,-1,323,33588933,-765111367,-1,999,-1,5444338278,2018-05-31 00:16:26,51
0,31-MAY-18,-1,221,33579317,-765124200,-1,999,-1,5444338280,2018-05-31 00:16:26,54
0,31-MAY-18,-1,-1,33587133,-765115467,-1,-1,-1,5444338279,2018-05-31 00:16:26,81
0,31-MAY-18,-1,-1,33604533,-765119400,-1,-1,-1,5444338277,2018-05-31 00:16:26,832
0,31-MAY-18,-1,-1,33584717,-765113267,-1,-1,-1,5444338282,2018-05-31 00:16:27,1159
0,31-MAY-18,-1,-1,33623800,-765106717,-1,-1,-1,5444338284,2018-05-31 00:16:27,126
0,31-MAY-18,-1,-1,33584383,-765110617,-1,-1,-1,5444338289,2018-05-31 00:16:27,130
0,31-MAY-18,-1,-1,34963283,-765040233,-1,-1,-1,5444338291,2018-05-31 00:16:27,192
0,31-MAY-18,-1,8621,34961900,-765053433,-1,999,-1,5444338285,2018-05-31 00:16:27,210
0,31-MAY-18,-1,-1,33584433,-765114883,-1,999,-1,5444338287,2018-05-31 00:16:27,29
0,31-MAY-18,-1,-1,33586900,-765109383,-1,-1,-1,5444338281,2018-05-31 00:16:27,388
0,31-MAY-18,-1,-1,33605883,-765121883,-1,-1,-1,5444338290,2018-05-31 00:16:27,632
0,31-MAY-18,-1,5903,33587917,-765120383,-1,999,-1,5444338286,2018-05-31 00:16:27,88
0,31-MAY-18,-1,-1,34032667,-764765500,-1,-1,-1,5444338288,2018-05-31 00:16:27,935
0,31-MAY-18,514405,769,34036867,-764765383,-1,999,-1,5444338283,2018-05-31 00:16:27,937
0,31-MAY-18,-1,-1,34959317,-765043250,-1,-1,-1,5444338299,2018-05-31 00:16:28,1079
0,31-MAY-18,-1,216,34292550,-764748350,-1,999,-1,5444338295,2018-05-31 00:16:28,1111
0,31-MAY-18,-1,506,34303367,-764749483,-1,999,-1,5444338293,2018-05-31 00:16:28,1115
0,31-MAY-18,-1,11737,34965000,-765073917,-1,999,-1,5444338294,2018-05-31 00:16:28,1202
0,31-MAY-18,-1,-1,34964400,-765055167,-1,999,-1,5444338296,2018-05-31 00:16:28,1214
0,31-MAY-18,514072,3,34231150,-764778683,53,3442,329,5444338298,2018-05-31 00:16:28,274
0,31-MAY-18,-1,398,33595267,-765118067,-1,999,-1,5444338297,2018-05-31 00:16:28,382
0,31-MAY-18,-1,1299,34295283,-764750900,-1,999,-1,5444338292,2018-05-31 00:16:28,771
0,31-MAY-18,-1,-1,34960700,-765042767,-1,999,-1,5444338310,2018-05-31 00:16:29,193
0,31-MAY-18,513245,-1,34893583,-765054317,896,3351,9996,5444338305,2018-05-31 00:16:29,202
0,31-MAY-18,-1,116,33590883,-765120750,-1,999,-1,5444338300,2018-05-31 00:16:29,24
0,31-MAY-18,-1,2825,33594300,-765119717,-1,999,-1,5444338301,2018-05-31 00:16:29,42
0,31-MAY-18,-1,5,34035417,-764763200,115,150,9948,5444338308,2018-05-31 00:16:29,551
0,31-MAY-18,-1,-1,34293517,-764740350,-1,-1,-1,5444338302,2018-05-31 00:16:29,740
0,31-MAY-18,-1,-1,34302433,-764749333,-1,999,-1,5444338306,2018-05-31 00:16:29,744
0,31-MAY-18,-1,598,34301150,-764746067,-1,999,-1,5444338303,2018-05-31 00:16:29,747
0,31-MAY-18,-1,-1,33583950,-765144117,-1,999,-1,5444338307,2018-05-31 00:16:29,873
0,31-MAY-18,511204,-1,34612800,-765280833,611,3191,9892,5444338309,2018-05-31 00:16:29,900
0,31-MAY-18,514054,-1,34374067,-764747300,622,3441,501,5444338304,2018-05-31 00:16:29,970
0,31-MAY-18,-1,5762,33593733,-765119150,-1,999,-1,5444338316,2018-05-31 00:16:30,1129
0,31-MAY-18,-1,-1,34971533,-765029083,-1,-1,-1,5444338313,2018-05-31 00:16:30,303
0,31-MAY-18,-1,-1,34303733,-764748250,-1,-1,-1,5444338312,2018-05-31 00:16:30,757
0,31-MAY-18,515054,6990,34302483,-764749033,999,2524,728,5444338311,2018-05-31 00:16:30,792
0,31-MAY-18,-1,5814,34035083,-764759100,-1,999,-1,5444338314,2018-05-31 00:16:30,936
0,31-MAY-18,-1,6195,33593783,-765120317,-1,999,-1,5444338315,2018-05-31 00:16:30,95
0,31-MAY-18,-1,12582,34295950,-764752400,-1,999,-1,5444338324,2018-05-31 00:16:31,1094
0,31-MAY-18,-1,507,34300667,-764748467,-1,999,-1,5444338321,2018-05-31 00:16:31,1113
0,31-MAY-18,-1,-1,33586000,-765111767,-1,999,-1,5444338322,2018-05-31 00:16:31,1161
0,31-MAY-18,-1,-1,33592433,-765118133,-1,999,-1,5444338318,2018-05-31 00:16:31,1233
0,31-MAY-18,501850,14066,34293017,-764750300,-1,999,-1,5444338319,2018-05-31 00:16:31,45
0,31-MAY-18,501703,12675,-1,-1,-1,-1,-1,5444338323,2018-05-31 00:16:31,706
0,31-MAY-18,-1,3112,34045283,-764761333,-1,999,-1,5444338320,2018-05-31 00:16:31,949
0,31-MAY-18,514054,38,34375750,-764749317,622,3441,501,5444338317,2018-05-31 00:16:31,970
0,31-MAY-18,-1,-1,34969750,-765037417,-1,-1,-1,5444338330,2018-05-31 00:16:32,1026
0,31-MAY-18,-1,6364,33583283,-765123217,-1,999,-1,5444338328,2018-05-31 00:16:32,1046
0,31-MAY-18,512209,107,34939083,-765230067,511,2121,1884,5444338329,2018-05-31 00:16:32,1078
0,31-MAY-18,-1,7874,34958633,-765054200,-1,999,-1,5444338326,2018-05-31 00:16:32,653
0,31-MAY-18,-1,-1,34297883,-764752967,-1,999,-1,5444338327,2018-05-31 00:16:32,959
0,31-MAY-18,514054,38,34376633,-764750383,622,3441,501,5444338325,2018-05-31 00:16:32,970
0,31-MAY-18,-1,3926,34290600,-764749000,-1,999,-1,5444338334,2018-05-31 00:16:33,1093
0,31-MAY-18,-1,897,34290150,-764748133,-1,999,-1,5444338335,2018-05-31 00:16:33,1110
0,31-MAY-18,-1,491,33599783,-765121300,-1,999,-1,5444338336,2018-05-31 00:16:33,27
0,31-MAY-18,-1,-1,33594350,-765117483,-1,-1,-1,5444338337,2018-05-31 00:16:33,299
0,31-MAY-18,-1,253,33594583,-765115133,-1,999,-1,5444338332,2018-05-31 00:16:33,37
0,31-MAY-18,-1,-1,34968983,-765038683,-1,-1,-1,5444338333,2018-05-31 00:16:33,810
0,31-MAY-18,-1,-1,33585567,-765111517,-1,999,-1,5444338331,2018-05-31 00:16:33,855
0,31-MAY-18,-1,-1,34976417,-765019767,-1,-1,-1,5444338340,2018-05-31 00:16:34,1074
0,31-MAY-18,-1,-1,34975533,-765021317,-1,-1,-1,5444338344,2018-05-31 00:16:34,1082
0,31-MAY-18,-1,-1,33603583,-765122500,-1,-1,-1,5444338346,2018-05-31 00:16:34,1120
0,31-MAY-18,511059,-1,33626050,-765516883,116,3192,9990,5444338339,2018-05-31 00:16:34,119
0,31-MAY-18,-1,-1,34954967,-765050650,-1,-1,-1,5444338342,2018-05-31 00:16:34,1200
0,31-MAY-18,-1,-1,34043933,-764761183,-1,-1,-1,5444338347,2018-05-31 00:16:34,238
0,31-MAY-18,500100,-1,34898933,-765088267,545,2121,9894,5444338343,2018-05-31 00:16:34,53
0,31-MAY-18,-1,-1,34042467,-764762733,-1,999,-1,5444338345,2018-05-31 00:16:34,618
0,31-MAY-18,-1,616,34300233,-764746783,-1,999,-1,5444338341,2018-05-31 00:16:34,745
0,31-MAY-18,514054,38,34378517,-764752617,622,3441,501,5444338338,2018-05-31 00:16:34,970
0,31-MAY-18,-1,2656,34954467,-765051817,-1,999,-1,5444338351,2018-05-31 00:16:35,1067
0,31-MAY-18,513283,328,34913750,-764904217,393,333,317,5444338350,2018-05-31 00:16:35,1210
0,31-MAY-18,-1,7757,33590250,-765111700,-1,999,-1,5444338349,2018-05-31 00:16:35,863
0,31-MAY-18,514054,38,34379500,-764753800,622,3441,501,5444338348,2018-05-31 00:16:35,970
0,31-MAY-18,-1,5759,34960617,-765053533,-1,999,-1,5444338355,2018-05-31 00:16:36,1193
0,31-MAY-18,-1,-1,34970467,-765030867,-1,-1,-1,5444338352,2018-05-31 00:16:36,297
0,31-MAY-18,-1,-1,34302100,-764746783,-1,-1,-1,5444338353,2018-05-31 00:16:36,772
0,31-MAY-18,513316,5567,34965567,-765075233,215,553,9999,5444338354,2018-05-31 00:16:36,899
0,31-MAY-18,-1,-1,33594083,-765115617,-1,-1,-1,5444338356,2018-05-31 00:16:37,1049
0,31-MAY-18,-1,-1,34963067,-765038033,-1,999,-1,5444338359,2018-05-31 00:16:37,1203
0,31-MAY-18,-1,291,34959983,-765042583,-1,999,-1,5444338357,2018-05-31 00:16:37,200
0,31-MAY-18,-1,-1,33599967,-765118000,-1,-1,-1,5444338358,2018-05-31 00:16:37,68
0,31-MAY-18,-1,-1,34304617,-764750300,-1,999,-1,5444338361,2018-05-31 00:16:37,709
0,31-MAY-18,-1,113,34294933,-764751667,-1,999,-1,5444338360,2018-05-31 00:16:37,767
0,31-MAY-18,511100,16,33681650,-765208400,228,3131,620,5444338364,2018-05-31 00:16:38,1130
0,31-MAY-18,-1,538,34961150,-765039267,-1,999,-1,5444338363,2018-05-31 00:16:38,166
0,31-MAY-18,-1,212,34289650,-764746783,-1,999,-1,5444338365,2018-05-31 00:16:38,775
0,31-MAY-18,-1,6167,33586483,-765120300,-1,999,-1,5444338362,2018-05-31 00:16:38,850
0,31-MAY-18,-1,-1,34968850,-765034200,-1,-1,-1,5444338374,2018-05-31 00:16:39,1061
0,31-MAY-18,-1,-1,33591983,-765113200,-1,-1,-1,5444338366,2018-05-31 00:16:39,1124
0,31-MAY-18,511100,16,33681650,-765208400,228,3131,620,5444338370,2018-05-31 00:16:39,1130
0,31-MAY-18,511100,16,33681650,-765208400,228,3131,620,5444338371,2018-05-31 00:16:39,1130
0,31-MAY-18,-1,-1,34046983,-764756133,-1,999,-1,5444338373,2018-05-31 00:16:39,1262
0,31-MAY-18,-1,-1,33586900,-765111583,-1,999,-1,5444338367,2018-05-31 00:16:39,26
0,31-MAY-18,-1,19165,34299150,-764747667,-1,999,-1,5444338369,2018-05-31 00:16:39,749
0,31-MAY-18,-1,2247,34301200,-764747350,-1,999,-1,5444338372,2018-05-31 00:16:39,788
0,31-MAY-18,-1,631,33588550,-765111300,-1,999,-1,5444338368,2018-05-31 00:16:39,828
0,31-MAY-18,-1,371,34284400,-764738967,-1,999,-1,5444338380,2018-05-31 00:16:40,1107
0,31-MAY-18,-1,236,33587867,-765114433,-1,999,-1,5444338383,2018-05-31 00:16:40,1135
0,31-MAY-18,-1,5,33586150,-765109683,-1,-1,-1,5444338382,2018-05-31 00:16:40,116
0,31-MAY-18,-1,-1,34966100,-765033983,-1,-1,-1,5444338377,2018-05-31 00:16:40,1180
0,31-MAY-18,-1,416,33587350,-765120767,-1,999,-1,5444338386,2018-05-31 00:16:40,125
0,31-MAY-18,-1,-1,34954083,-765051750,-1,999,-1,5444338385,2018-05-31 00:16:40,180
